"C:/Users/Abies/Documents/Unreal Projects/MyProject2/MyProject2.uproject" 1
"../../../Engine/Plugins/EnhancedInput/EnhancedInput.uplugin" 2
"../../../Engine/Plugins/AudioGameplayVolume/AudioGameplayVolume.uplugin" 3
"../../../Engine/Plugins/FastBuildController/FastBuildController.uplugin" 4
"../../../Engine/Plugins/AudioGameplay/AudioGameplay.uplugin" 5
"../../../Engine/Plugins/LightWeightInstancesEditor/LightWeightInstancesEditor.uplugin" 6
"../../../Engine/Plugins/MeshPainting/MeshPainting.uplugin" 7
"../../../Engine/Plugins/MemoryUsageQueries/MemoryUsageQueries.uplugin" 8
"../../../Engine/Plugins/RenderGraphInsights/RenderGraphInsights.uplugin" 9
"../../../Engine/Plugins/ScriptPlugin/ScriptPlugin.uplugin" 10
"../../../Engine/Plugins/XGEController/XGEController.uplugin" 11
"../../../Engine/Plugins/BlueprintFileUtils/BlueprintFileUtils.uplugin" 12
"../../../Engine/Plugins/AI/EnvironmentQueryEditor/EnvironmentQueryEditor.uplugin" 13
"../../../Engine/Plugins/AI/MassCrowd/MassCrowd.uplugin" 14
"../../../Engine/Plugins/TraceUtilities/TraceUtilities.uplugin" 15
"../../../Engine/Plugins/AI/HTNPlanner/HTNPlanner.uplugin" 16
"../../../Engine/Plugins/Importers/AlembicHairImporter/AlembicHairImporter.uplugin" 17
"../../../Engine/Plugins/Importers/AlembicImporter/AlembicImporter.uplugin" 18
"../../../Engine/Plugins/Importers/USDImporter/USDImporter.uplugin" 19
"../../../Engine/Plugins/JsonBlueprintUtilities/JsonBlueprintUtilities.uplugin" 20
"../../../Engine/Plugins/MovieScene/ActorSequence/ActorSequence.uplugin" 21
"../../../Engine/Plugins/MovieScene/CustomizableSequencerTracks/CustomizableSequencerTracks.uplugin" 22
"../../../Engine/Plugins/MovieScene/LevelSequenceEditor/LevelSequenceEditor.uplugin" 23
"../../../Engine/Plugins/MovieScene/MovieSceneTextTrack/MovieSceneTextTrack.uplugin" 24
"../../../Engine/Plugins/MovieScene/MoviePipelineMaskRenderPass/MoviePipelineMaskRenderPass.uplugin" 25
"../../../Engine/Plugins/MovieScene/MovieRenderPipeline/MovieRenderPipeline.uplugin" 26
"../../../Engine/Plugins/AI/MassAI/MassAI.uplugin" 27
"../../../Engine/Plugins/MovieScene/ReplayTracks/ReplayTracks.uplugin" 28
"../../../Engine/Plugins/Portal/LauncherChunkInstaller/LauncherChunkInstaller.uplugin" 29
"../../../Engine/Plugins/Importers/USDMultiUser/USDMultiUser.uplugin" 30
"../../../Engine/Plugins/Runtime/AndroidDeviceProfileSelector/AndroidDeviceProfileSelector.uplugin" 31
"../../../Engine/Plugins/MovieScene/SequencerScripting/SequencerScripting.uplugin" 32
"../../../Engine/Plugins/MovieScene/TemplateSequence/TemplateSequence.uplugin" 33
"../../../Engine/Plugins/AI/AISupport/AISupport.uplugin" 34
"../../../Engine/Plugins/Runtime/AndroidPermission/AndroidPermission.uplugin" 35
"../../../Engine/Plugins/Runtime/AnimationBudgetAllocator/AnimationBudgetAllocator.uplugin" 36
"../../../Engine/Plugins/Runtime/AndroidBackgroundService/AndroidBackgroundService.uplugin" 37
"../../../Engine/Plugins/Runtime/AndroidMoviePlayer/AndroidMoviePlayer.uplugin" 38
"../../../Engine/Plugins/Runtime/ApexDestruction/ApexDestruction.uplugin" 39
"../../../Engine/Plugins/Runtime/AppleImageUtils/AppleImageUtils.uplugin" 40
"../../../Engine/Plugins/Runtime/AppleMoviePlayer/AppleMoviePlayer.uplugin" 41
"../../../Engine/Plugins/Runtime/AssetTags/AssetTags.uplugin" 42
"../../../Engine/Plugins/Runtime/ArchVisCharacter/ArchVisCharacter.uplugin" 43
"../../../Engine/Plugins/Runtime/AndroidFileServer/AndroidFileServer.uplugin" 44
"../../../Engine/Plugins/Runtime/AudioMotorSim/AudioMotorSim.uplugin" 45
"../../../Engine/Plugins/Runtime/AudioCapture/AudioCapture.uplugin" 46
"../../../Engine/Plugins/Runtime/AudioSynesthesia/AudioSynesthesia.uplugin" 47
"../../../Engine/Plugins/Runtime/AudioModulation/AudioModulation.uplugin" 48
"../../../Engine/Plugins/Runtime/AudioWidgets/AudioWidgets.uplugin" 49
"../../../Engine/Plugins/Runtime/CableComponent/CableComponent.uplugin" 50
"../../../Engine/Plugins/Runtime/ComputeFramework/ComputeFramework.uplugin" 51
"../../../Engine/Plugins/Runtime/CustomMeshComponent/CustomMeshComponent.uplugin" 52
"../../../Engine/Plugins/Runtime/ExampleDeviceProfileSelector/ExampleDeviceProfileSelector.uplugin" 53
"../../../Engine/Plugins/Runtime/ActorLayerUtilities/ActorLayerUtilities.uplugin" 54
"../../../Engine/Plugins/Runtime/GameplayAbilities/GameplayAbilities.uplugin" 55
"../../../Engine/Plugins/Runtime/Firebase/Firebase.uplugin" 56
"../../../Engine/Plugins/Runtime/GameplayBehaviorSmartObjects/GameplayBehaviorSmartObjects.uplugin" 57
"../../../Engine/Plugins/Runtime/GameplayInteractions/GameplayInteractions.uplugin" 58
"../../../Engine/Plugins/Runtime/GeometryCache/GeometryCache.uplugin" 59
"../../../Engine/Plugins/Runtime/GeoReferencing/GeoReferencing.uplugin" 60
"../../../Engine/Plugins/Runtime/GameplayStateTree/GameplayStateTree.uplugin" 61
"../../../Engine/Plugins/Runtime/GooglePAD/GooglePAD.uplugin" 62
"../../../Engine/Plugins/Runtime/GeometryProcessing/GeometryProcessing.uplugin" 63
"../../../Engine/Plugins/Runtime/HDRIBackdrop/HDRIBackdrop.uplugin" 64
"../../../Engine/Plugins/Runtime/HairStrands/HairStrands.uplugin" 65
"../../../Engine/Plugins/Runtime/ChunkDownloader/ChunkDownloader.uplugin" 66
"../../../Engine/Plugins/Runtime/HTTPChunkInstaller/HTTPChunkInstaller.uplugin" 67
"../../../Engine/Plugins/Runtime/GoogleCloudMessaging/GoogleCloudMessaging.uplugin" 68
"../../../Engine/Plugins/Runtime/IOSDeviceProfileSelector/IOSDeviceProfileSelector.uplugin" 69
"../../../Engine/Plugins/Runtime/LinuxDeviceProfileSelector/LinuxDeviceProfileSelector.uplugin" 70
"../../../Engine/Plugins/Runtime/DataRegistry/DataRegistry.uplugin" 71
"../../../Engine/Plugins/Runtime/LiveLinkOvernDisplay/LiveLinkOverNDisplay.uplugin" 72
"../../../Engine/Plugins/Runtime/LocationServicesBPLibrary/LocationServicesBPLibrary.uplugin" 73
"../../../Engine/Plugins/Runtime/HPMotionController/HPMotionController.uplugin" 74
"../../../Engine/Plugins/Runtime/LocationServicesAndroidImpl/LocationServicesAndroidImpl.uplugin" 75
"../../../Engine/Plugins/Runtime/MassEntity/MassEntity.uplugin" 76
"../../../Engine/Plugins/Runtime/LocationServicesIOSImpl/LocationServicesIOSImpl.uplugin" 77
"../../../Engine/Plugins/Runtime/MeshModelingToolset/MeshModelingToolset.uplugin" 78
"../../../Engine/Plugins/Runtime/MicrosoftSpatialAudio/MicroSoftSpatialSound.uplugin" 79
"../../../Engine/Plugins/Runtime/MassGameplay/MassGameplay.uplugin" 80
"../../../Engine/Plugins/Runtime/MIDIDevice/MIDIDevice.uplugin" 81
"../../../Engine/Plugins/Runtime/Metasound/Metasound.uplugin" 82
"../../../Engine/Plugins/Runtime/MobileFSR/MobileFSR.uplugin" 83
"../../../Engine/Plugins/Runtime/ModelViewViewModel/ModelViewViewModel.uplugin" 84
"../../../Engine/Plugins/Runtime/MsQuic/MsQuic.uplugin" 85
"../../../Engine/Plugins/Runtime/NavCorridor/NavCorridor.uplugin" 86
"../../../Engine/Plugins/Runtime/nDisplayModularFeatures/nDisplayModularFeatures.uplugin" 87
"../../../Engine/Plugins/Runtime/MobilePatchingUtils/MobilePatchingUtils.uplugin" 88
"../../../Engine/Plugins/Runtime/NetworkPrediction/NetworkPrediction.uplugin" 89
"../../../Engine/Plugins/Runtime/nDisplay/nDisplay.uplugin" 90
"../../../Engine/Plugins/Runtime/NetworkPredictionExtras/NetworkPredictionExtras.uplugin" 91
"../../../Engine/Plugins/Runtime/NetworkPredictionInsights/NetworkPredictionInsights.uplugin" 92
"../../../Engine/Plugins/Runtime/OpenCV/OpenCV.uplugin" 93
"../../../Engine/Plugins/Runtime/OpenXREyeTracker/OpenXREyeTracker.uplugin" 94
"../../../Engine/Plugins/Runtime/OpenXR/OpenXR.uplugin" 95
"../../../Engine/Plugins/Runtime/OpenXRHandTracking/OpenXRHandTracking.uplugin" 96
"../../../Engine/Plugins/Runtime/OpenXRMsftHandInteraction/OpenXRMsftHandInteraction.uplugin" 97
"../../../Engine/Plugins/Runtime/OpenXRViveTracker/OpenXRViveTracker.uplugin" 98
"../../../Engine/Plugins/Runtime/OptionalMobileFeaturesBPLibrary/OptionalMobileFeaturesBPLibrary.uplugin" 99
"../../../Engine/Plugins/Runtime/OSC/OSC.uplugin" 100
"../../../Engine/Plugins/Runtime/IOSReplayKit/IOSReplayKit.uplugin" 101
"../../../Engine/Plugins/Runtime/ProceduralMeshComponent/ProceduralMeshComponent.uplugin" 102
"../../../Engine/Plugins/Runtime/PropertyAccess/PropertyAccessEditor.uplugin" 103
"../../../Engine/Plugins/Runtime/RenderTrace/RenderTrace.uplugin" 104
"../../../Engine/Plugins/Runtime/ReplicationGraph/ReplicationGraph.uplugin" 105
"../../../Engine/Plugins/AI/MLAdapter/MLAdapter.uplugin" 106
"../../../Engine/Plugins/Runtime/ReplicationSystemTestPlugin/ReplicationSystemTestPlugin.uplugin" 107
"../../../Engine/Plugins/Runtime/PreLoadScreenMoviePlayer/PreLoadScreenMoviePlayer.uplugin" 108
"../../../Engine/Plugins/Runtime/ResonanceAudio/ResonanceAudio.uplugin" 109
"../../../Engine/Plugins/Runtime/SkeletalMerging/SkeletalMerging.uplugin" 110
"../../../Engine/Plugins/Runtime/SignificanceManager/SignificanceManager.uplugin" 111
"../../../Engine/Plugins/Runtime/RigVM/RigVM.uplugin" 112
"../../../Engine/Plugins/Runtime/SmartObjects/SmartObjects.uplugin" 113
"../../../Engine/Plugins/Runtime/SoundCueTemplates/SoundCueTemplates.uplugin" 114
"../../../Engine/Plugins/Runtime/SoundFields/SoundFields.uplugin" 115
"../../../Engine/Plugins/Runtime/Soundscape/Soundscape.uplugin" 116
"../../../Engine/Plugins/Runtime/SoundMod/SoundMod.uplugin" 117
"../../../Engine/Plugins/Runtime/SoundUtilities/SoundUtilities.uplugin" 118
"../../../Engine/Plugins/Runtime/StateTree/StateTree.uplugin" 119
"../../../Engine/Plugins/Runtime/SunPosition/SunPosition.uplugin" 120
"../../../Engine/Plugins/Runtime/Spatialization/Spatialization.uplugin" 121
"../../../Engine/Plugins/Runtime/Synthesis/Synthesis.uplugin" 122
"../../../Engine/Plugins/Runtime/WarpUtils/WarpUtils.uplugin" 123
"../../../Engine/Plugins/Runtime/CommonUI/CommonUI.uplugin" 124
"../../../Engine/Plugins/Runtime/WaveTable/WaveTable.uplugin" 125
"../../../Engine/Plugins/Runtime/OSCModulationMixing/OSCModulationMixing.uplugin" 126
"../../../Engine/Plugins/Runtime/WebBrowserWidget/WebBrowserWidget.uplugin" 127
"../../../Engine/Plugins/Runtime/WebBrowserNativeProxy/WebBrowserNativeProxy.uplugin" 128
"../../../Engine/Plugins/Runtime/WindowsDeviceProfileSelector/WindowsDeviceProfileSelector.uplugin" 129
"../../../Engine/Plugins/Runtime/WorldConditions/WorldConditions.uplugin" 130
"../../../Engine/Plugins/Runtime/WebMMoviePlayer/WebMMoviePlayer.uplugin" 131
"../../../Engine/Plugins/Runtime/WindowsMoviePlayer/WindowsMoviePlayer.uplugin" 132
"../../../Engine/Plugins/Runtime/XRBase/XRBase.uplugin" 133
"../../../Engine/Plugins/Runtime/ZoneGraph/ZoneGraph.uplugin" 134
"../../../Engine/Plugins/Runtime/ZoneGraphAnnotations/ZoneGraphAnnotations.uplugin" 135
"../../../Engine/Plugins/Web/HttpBlueprint/HttpBlueprint.uplugin" 136
"../../../Engine/Plugins/Animation/ACLPlugin/ACLPlugin.uplugin" 137
"../../../Engine/Plugins/Animation/AnimationLocomotionLibrary/AnimationLocomotionLibrary.uplugin" 138
"../../../Engine/Plugins/Animation/AnimationModifierLibrary/AnimationModifierLibrary.uplugin" 139
"../../../Engine/Plugins/Animation/AnimationWarping/AnimationWarping.uplugin" 140
"../../../Engine/Plugins/Animation/AnimationData/AnimationData.uplugin" 141
"../../../Engine/Plugins/Animation/BlendSpaceMotionAnalysis/BlendSpaceMotionAnalysis.uplugin" 142
"../../../Engine/Plugins/Animation/ControlRig/ControlRig.uplugin" 143
"../../../Engine/Plugins/Animation/DeformerGraph/DeformerGraph.uplugin" 144
"../../../Engine/Plugins/Animation/GameplayInsights/GameplayInsights.uplugin" 145
"../../../Engine/Plugins/Animation/ControlRigSpline/ControlRigSpline.uplugin" 146
"../../../Engine/Plugins/Animation/IKRig/IKRig.uplugin" 147
"../../../Engine/Plugins/Animation/LiveLinkCurveDebugUI/LiveLinkCurveDebugUI.uplugin" 148
"../../../Engine/Plugins/Animation/LiveLink/LiveLink.uplugin" 149
"../../../Engine/Plugins/Animation/MotionWarping/MotionWarping.uplugin" 150
"../../../Engine/Plugins/Animation/RigLogic/RigLogic.uplugin" 151
"../../../Engine/Plugins/Compositing/Composure/Composure.uplugin" 152
"../../../Engine/Plugins/Compositing/LensDistortion/LensDistortion.uplugin" 153
"../../../Engine/Plugins/Compositing/OpenColorIO/OpenColorIO.uplugin" 154
"../../../Engine/Plugins/Compositing/OpenCVLensDistortion/OpenCVLensDistortion.uplugin" 155
"../../../Engine/Plugins/Developer/BlankPlugin/BlankPlugin.uplugin" 156
"../../../Engine/Plugins/Developer/AnimationSharing/AnimationSharing.uplugin" 157
"../../../Engine/Plugins/Developer/CLionSourceCodeAccess/CLionSourceCodeAccess.uplugin" 158
"../../../Engine/Plugins/Developer/DumpGPUServices/DumpGPUServices.uplugin" 159
"../../../Engine/Plugins/Developer/CodeLiteSourceCodeAccess/CodeLiteSourceCodeAccess.uplugin" 160
"../../../Engine/Plugins/Developer/GitSourceControl/GitSourceControl.uplugin" 161
"../../../Engine/Plugins/Runtime/MixedRealityCaptureFramework/MixedRealityCaptureFramework.uplugin" 162
"../../../Engine/Plugins/Developer/N10XSourceCodeAccess/N10XSourceCodeAccess.uplugin" 163
"../../../Engine/Plugins/Developer/NullSourceCodeAccess/NullSourceCodeAccess.uplugin" 164
"../../../Engine/Plugins/Developer/KDevelopSourceCodeAccess/KDevelopSourceCodeAccess.uplugin" 165
"../../../Engine/Plugins/Developer/OneSkyLocalizationService/OneSkyLocalizationService.uplugin" 166
"../../../Engine/Plugins/Developer/PerforceSourceControl/PerforceSourceControl.uplugin" 167
"../../../Engine/Plugins/Developer/PixWinPlugin/PixWinPlugin.uplugin" 168
"../../../Engine/Plugins/Developer/PluginUtils/PluginUtils.uplugin" 169
"../../../Engine/Plugins/Developer/PropertyAccessNode/PropertyAccessNode.uplugin" 170
"../../../Engine/Plugins/Developer/SubversionSourceControl/SubversionSourceControl.uplugin" 171
"../../../Engine/Plugins/Developer/RenderDocPlugin/RenderDocPlugin.uplugin" 172
"../../../Engine/Plugins/Developer/RiderSourceCodeAccess/RiderSourceCodeAccess.uplugin" 173
"../../../Engine/Plugins/Developer/PlasticSourceControl/PlasticSourceControl.uplugin" 174
"../../../Engine/Plugins/Developer/TextureFormatOodle/TextureFormatOodle.uplugin" 175
"../../../Engine/Plugins/Developer/UObjectPlugin/UObjectPlugin.uplugin" 176
"../../../Engine/Plugins/Developer/TraceSourceFiltering/TraceSourceFilters.uplugin" 177
"../../../Engine/Plugins/Developer/VisualStudioCodeSourceCodeAccess/VisualStudioCodeSourceCodeAccess.uplugin" 178
"../../../Engine/Plugins/Developer/VisualStudioSourceCodeAccess/VisualStudioSourceCodeAccess.uplugin" 179
"../../../Engine/Plugins/Developer/XcodeGPUDebuggerPlugin/XcodeGPUDebuggerPlugin.uplugin" 180
"../../../Engine/Plugins/Developer/TraceDataFiltering/TraceDataFilters.uplugin" 181
"../../../Engine/Plugins/Enterprise/DataprepEditor/DataprepEditor.uplugin" 182
"../../../Engine/Plugins/Enterprise/AxFImporter/AxFImporter.uplugin" 183
"../../../Engine/Plugins/Enterprise/DatasmithCADImporter/DatasmithCADImporter.uplugin" 184
"../../../Engine/Plugins/Enterprise/DatasmithContent/DatasmithContent.uplugin" 185
"../../../Engine/Plugins/Enterprise/DatasmithFBXImporter/DatasmithFBXImporter.uplugin" 186
"../../../Engine/Plugins/Enterprise/LidarPointCloud/LidarPointCloud.uplugin" 187
"../../../Engine/Plugins/Enterprise/DatasmithImporter/DatasmithImporter.uplugin" 188
"../../../Engine/Plugins/Enterprise/GLTFExporter/GLTFExporter.uplugin" 189
"../../../Engine/Plugins/Enterprise/VariantManager/VariantManager.uplugin" 190
"../../../Engine/Plugins/FX/CascadeToNiagaraConverter/CascadeToNiagaraConverter.uplugin" 191
"../../../Engine/Plugins/Enterprise/MDLImporter/MDLImporter.uplugin" 192
"../../../Engine/Plugins/FX/ExampleCustomDataInterface/ExampleCustomDataInterface.uplugin" 193
"../../../Engine/Plugins/FX/Niagara/Niagara.uplugin" 194
"../../../Engine/Plugins/FX/NiagaraFluids/NiagaraFluids.uplugin" 195
"../../../Engine/Plugins/FX/NiagaraSimCaching/NiagaraSimCaching.uplugin" 196
"../../../Engine/Plugins/Enterprise/VariantManagerContent/VariantManagerContent.uplugin" 197
"../../../Engine/Plugins/Media/AndroidCamera/AndroidCamera.uplugin" 198
"../../../Engine/Plugins/Media/AjaMedia/AjaMedia.uplugin" 199
"../../../Engine/Plugins/Interchange/Editor/InterchangeEditor.uplugin" 200
"../../../Engine/Plugins/Media/AndroidMedia/AndroidMedia.uplugin" 201
"../../../Engine/Plugins/Media/AppleProResDecoderElectra/AppleProResDecoderElectra.uplugin" 202
"../../../Engine/Plugins/Media/AudioCaptureTimecodeProvider/AudioCaptureTimecodeProvider.uplugin" 203
"../../../Engine/Plugins/Developer/XCodeSourceCodeAccess/XCodeSourceCodeAccess.uplugin" 204
"../../../Engine/Plugins/Media/AppleProResMedia/AppleProResMedia.uplugin" 205
"../../../Engine/Plugins/Media/AvfMedia/AvfMedia.uplugin" 206
"../../../Engine/Plugins/Media/AvidDNxMedia/AvidDNxMedia.uplugin" 207
"../../../Engine/Plugins/Media/BinkMedia/BinkMedia.uplugin" 208
"../../../Engine/Plugins/Media/ElectraCDM/ElectraCDM.uplugin" 209
"../../../Engine/Plugins/Media/BlackmagicMedia/BlackmagicMedia.uplugin" 210
"../../../Engine/Plugins/Media/ElectraCodecs/ElectraCodecs.uplugin" 211
"../../../Engine/Plugins/Media/ElectraSubtitles/ElectraSubtitles.uplugin" 212
"../../../Engine/Plugins/Media/ElectraUtil/ElectraUtil.uplugin" 213
"../../../Engine/Plugins/Media/HAPDecoderElectra/HAPDecoderElectra.uplugin" 214
"../../../Engine/Plugins/Media/HAPMedia/HAPMedia.uplugin" 215
"../../../Engine/Plugins/Media/HardwareEncoders/HardwareEncoders.uplugin" 216
"../../../Engine/Plugins/Media/MediaCompositing/MediaCompositing.uplugin" 217
"../../../Engine/Plugins/Media/MediaFrameworkUtilities/MediaFrameworkUtilities.uplugin" 218
"../../../Engine/Plugins/Media/LinearTimecode/LinearTimecode.uplugin" 219
"../../../Engine/Plugins/Media/MediaIOFramework/MediaIOFramework.uplugin" 220
"../../../Engine/Plugins/Media/ElectraPlayer/ElectraPlayer.uplugin" 221
"../../../Engine/Plugins/Media/MediaMovieStreamer/MediaMovieStreamer.uplugin" 222
"../../../Engine/Plugins/Runtime/InputDebugging/InputDebugging.uplugin" 223
"../../../Engine/Plugins/Media/MediaPlayerEditor/MediaPlayerEditor.uplugin" 224
"../../../Engine/Plugins/Runtime/LevelStreamingPersistence/LevelStreamingPersistence.uplugin" 225
"../../../Engine/Plugins/Media/MfMedia/MfMedia.uplugin" 226
"../../../Engine/Plugins/Media/MediaPlate/MediaPlate.uplugin" 227
"../../../Engine/Plugins/Media/OpusDecoderElectra/OpusDecoderElectra.uplugin" 228
"../../../Engine/Plugins/Media/PixelCapture/PixelCapture.uplugin" 229
"../../../Engine/Plugins/Media/TimecodeSynchronizer/TimecodeSynchronizer.uplugin" 230
"../../../Engine/Plugins/Media/ImgMedia/ImgMedia.uplugin" 231
"../../../Engine/Plugins/Media/VPxDecoderElectra/VPxDecoderElectra.uplugin" 232
"../../../Engine/Plugins/Cameras/CameraShakePreviewer/CameraShakePreviewer.uplugin" 233
"../../../Engine/Plugins/Media/WmfMedia/WmfMedia.uplugin" 234
"../../../Engine/Plugins/Compression/OodleNetwork/OodleNetwork.uplugin" 235
"../../../Engine/Plugins/Online/EOSShared/EOSShared.uplugin" 236
"../../../Engine/Plugins/Online/OnlineBase/OnlineBase.uplugin" 237
"../../../Engine/Plugins/Online/OnlineFramework/OnlineFramework.uplugin" 238
"../../../Engine/Plugins/Online/OnlineServicesEOS/OnlineServicesEOS.uplugin" 239
"../../../Engine/Plugins/Online/OnlineServices/OnlineServices.uplugin" 240
"../../../Engine/Plugins/Online/OnlineServicesEOSGS/OnlineServicesEOSGS.uplugin" 241
"../../../Engine/Plugins/Online/OnlineServicesNull/OnlineServicesNull.uplugin" 242
"../../../Engine/Plugins/Online/OnlineSubsystem/OnlineSubsystem.uplugin" 243
"../../../Engine/Plugins/Media/WebMMedia/WebMMedia.uplugin" 244
"../../../Engine/Plugins/Online/OnlineServicesOSSAdapter/OnlineServicesOSSAdapter.uplugin" 245
"../../../Engine/Plugins/Media/PixelStreaming/PixelStreaming.uplugin" 246
"../../../Engine/Plugins/Cameras/GameplayCameras/GameplayCameras.uplugin" 247
"../../../Engine/Plugins/Online/OnlineSubsystemAmazon/OnlineSubsystemAmazon.uplugin" 248
"../../../Engine/Plugins/Online/OnlineSubsystemFacebook/OnlineSubsystemFacebook.uplugin" 249
"../../../Engine/Plugins/Online/OnlineSubsystemEOS/OnlineSubsystemEOS.uplugin" 250
"../../../Engine/Plugins/Online/OnlineSubsystemApple/OnlineSubsystemApple.uplugin" 251
"../../../Engine/Plugins/Online/OnlineSubsystemGoogle/OnlineSubsystemGoogle.uplugin" 252
"../../../Engine/Plugins/Online/OnlineSubsystemNull/OnlineSubsystemNull.uplugin" 253
"../../../Engine/Plugins/Online/OnlineSubsystemOculus/OnlineSubsystemOculus.uplugin" 254
"../../../Engine/Plugins/Online/OnlineSubsystemSteam/OnlineSubsystemSteam.uplugin" 255
"../../../Engine/Plugins/Online/OnlineSubsystemTencent/OnlineSubsystemTencent.uplugin" 256
"../../../Engine/Plugins/Online/OnlineSubsystemUtils/OnlineSubsystemUtils.uplugin" 257
"../../../Engine/Plugins/Online/WebAuth/WebAuth.uplugin" 258
"../../../Engine/Plugins/Online/SocketSubsystemEOS/SocketSubsystemEOS.uplugin" 259
"../../../Engine/Plugins/Tests/CQTest/CQTest.uplugin" 260
"../../../Engine/Plugins/Tests/AutomationDriverTests/AutomationDriverTests.uplugin" 261
"../../../Engine/Plugins/Interchange/Runtime/Interchange.uplugin" 262
"../../../Engine/Plugins/Tests/EditorTests/EditorTests.uplugin" 263
"../../../Engine/Plugins/Tests/FbxAutomationTestBuilder/FbxAutomationTestBuilder.uplugin" 264
"../../../Engine/Plugins/Tests/InterchangeTests/InterchangeTests.uplugin" 265
"../../../Engine/Plugins/Tests/PythonAutomationTest/PythonAutomationTest.uplugin" 266
"../../../Engine/Plugins/Tests/RHITests/RHITests.uplugin" 267
"../../../Engine/Plugins/Tests/FunctionalTestingEditor/FunctionalTestingEditor.uplugin" 268
"../../../Engine/Plugins/Tests/TestSamples/TestSamples.uplugin" 269
"../../../Engine/Plugins/VirtualProduction/CameraCalibration/CameraCalibration.uplugin" 270
"../../../Engine/Plugins/Tests/TestFramework/TestFramework.uplugin" 271
"../../../Engine/Plugins/VirtualProduction/CompositePlane/CompositePlane.uplugin" 272
"../../../Engine/Plugins/VirtualProduction/CameraCalibrationCore/CameraCalibrationCore.uplugin" 273
"../../../Engine/Plugins/Tests/RuntimeTests/RuntimeTests.uplugin" 274
"../../../Engine/Plugins/VirtualProduction/ICVFX/ICVFX.uplugin" 275
"../../../Engine/Plugins/VirtualProduction/DataCharts/DataCharts.uplugin" 276
"../../../Engine/Plugins/VirtualProduction/EpicStageApp/EpicStageApp.uplugin" 277
"../../../Engine/Plugins/VirtualProduction/ICVFXTesting/ICVFXTesting.uplugin" 278
"../../../Engine/Plugins/VirtualProduction/LevelSnapshots/LevelSnapshots.uplugin" 279
"../../../Engine/Plugins/VirtualProduction/LiveLinkCamera/LiveLinkCamera.uplugin" 280
"../../../Engine/Plugins/VirtualProduction/LiveLinkFreeD/LiveLinkFreeD.uplugin" 281
"../../../Engine/Plugins/VirtualProduction/LiveLinkMasterLockit/LiveLinkMasterLockit.uplugin" 282
"../../../Engine/Plugins/VirtualProduction/LiveLinkPrestonMDR/LiveLinkPrestonMDR.uplugin" 283
"../../../Engine/Plugins/VirtualProduction/LiveLinkLens/LiveLinkLens.uplugin" 284
"../../../Engine/Plugins/VirtualProduction/MultiUserTakes/MultiUserTakes.uplugin" 285
"../../../Engine/Plugins/VirtualProduction/RemoteControl/RemoteControl.uplugin" 286
"../../../Engine/Plugins/Media/AvidDNxHDDecoderElectra/AvidDNxHDDecoderElectra.uplugin" 287
"../../../Engine/Plugins/VirtualProduction/RemoteControlInterception/RemoteControlInterception.uplugin" 288
"../../../Engine/Plugins/VirtualProduction/RemoteControlProtocolDMX/RemoteControlProtocolDMX.uplugin" 289
"../../../Engine/Plugins/VirtualProduction/RemoteControlProtocolMIDI/RemoteControlProtocolMIDI.uplugin" 290
"../../../Engine/Plugins/VirtualProduction/RemoteControlProtocolOSC/RemoteControlProtocolOSC.uplugin" 291
"../../../Engine/Plugins/VirtualProduction/RemoteControlWebInterface/RemoteControlWebInterface.uplugin" 292
"../../../Engine/Plugins/VirtualProduction/Switchboard/Switchboard.uplugin" 293
"../../../Engine/Plugins/VirtualProduction/SequencerPlaylists/SequencerPlaylists.uplugin" 294
"../../../Engine/Plugins/VirtualProduction/StageMonitoring/StageMonitoring.uplugin" 295
"../../../Engine/Plugins/VirtualProduction/Takes/Takes.uplugin" 296
"../../../Engine/Plugins/VirtualProduction/TextureShare/TextureShare.uplugin" 297
"../../../Engine/Plugins/Editor/AssetManagerEditor/AssetManagerEditor.uplugin" 298
"../../../Engine/Plugins/VirtualProduction/TimedDataMonitor/TimedDataMonitor.uplugin" 299
"../../../Engine/Plugins/Editor/AssetReferenceRestrictions/AssetReferenceRestrictions.uplugin" 300
"../../../Engine/Plugins/Editor/AssetSearch/AssetSearch.uplugin" 301
"../../../Engine/Plugins/Editor/BlueprintHeaderView/BlueprintHeaderView.uplugin" 302
"../../../Engine/Plugins/Editor/AssetRegistryExport/AssetRegistryExport.uplugin" 303
"../../../Engine/Plugins/Editor/ChangelistReview/ChangelistReview.uplugin" 304
"../../../Engine/Plugins/Editor/BlueprintMaterialTextureNodes/BlueprintMaterialTextureNodes.uplugin" 305
"../../../Engine/Plugins/Editor/ConsoleVariablesEditor/ConsoleVariables.uplugin" 306
"../../../Engine/Plugins/Editor/CurveEditorTools/CurveEditorTools.uplugin" 307
"../../../Engine/Plugins/Editor/CryptoKeys/CryptoKeys.uplugin" 308
"../../../Engine/Plugins/Editor/DataValidation/DataValidation.uplugin" 309
"../../../Engine/Plugins/Editor/EditorDebugTools/EditorDebugTools.uplugin" 310
"../../../Engine/Plugins/Editor/DisplayClusterLaunch/DisplayClusterLaunch.uplugin" 311
"../../../Engine/Plugins/Editor/EditorPerformanceModule/EditorPerformanceModule.uplugin" 312
"../../../Engine/Plugins/Editor/EditorScriptingUtilities/EditorScriptingUtilities.uplugin" 313
"../../../Engine/Plugins/Editor/EngineAssetDefinitions/EngineAssetDefinitions.uplugin" 314
"../../../Engine/Plugins/Editor/FacialAnimation/FacialAnimation.uplugin" 315
"../../../Engine/Plugins/Editor/GameplayTagsEditor/GameplayTagsEditor.uplugin" 316
"../../../Engine/Plugins/Editor/LiveUpdateForSlate/LiveUpdateForSlate.uplugin" 317
"../../../Engine/Plugins/Editor/GuidedTutorials/GuidedTutorials.uplugin" 318
"../../../Engine/Plugins/Editor/GeometryMode/GeometryMode.uplugin" 319
"../../../Engine/Plugins/Editor/MakeCookedEditorAsDLC/MakeCookedEditorAsDLC.uplugin" 320
"../../../Engine/Plugins/Editor/MaterialAnalyzer/MaterialAnalyzer.uplugin" 321
"../../../Engine/Plugins/Editor/MacGraphicsSwitching/MacGraphicsSwitching.uplugin" 322
"../../../Engine/Plugins/Editor/ModelingToolsEditorMode/ModelingToolsEditorMode.uplugin" 323
"../../../Engine/Plugins/Editor/MobileLauncherProfileWizard/MobileLauncherProfileWizard.uplugin" 324
"../../../Engine/Plugins/Editor/SequencerAnimTools/SequencerAnimTools.uplugin" 325
"../../../Engine/Plugins/Editor/PluginBrowser/PluginBrowser.uplugin" 326
"../../../Engine/Plugins/Editor/StylusInput/StylusInput.uplugin" 327
"../../../Engine/Plugins/Editor/UVEditor/UVEditor.uplugin" 328
"../../../Engine/Plugins/Editor/WaveformEditor/WaveformEditor.uplugin" 329
"../../../Engine/Plugins/NetcodeUnitTest/NetcodeUnitTest/NetcodeUnitTest.uplugin" 330
"../../../Engine/Plugins/Editor/WorldPartitionHLODUtilities/WorldPartitionHLODUtilities.uplugin" 331
"../../../Engine/Plugins/NetcodeUnitTest/NUTUnrealEngine/NUTUnrealEngine.uplugin" 332
"../../../Engine/Plugins/Experimental/ActorPalette/ActorPalette.uplugin" 333
"../../../Engine/Plugins/Experimental/AbilitySystemGameFeatureActions/AbilitySystemGameFeatureActions.uplugin" 334
"../../../Engine/Plugins/VirtualProduction/LiveLinkVRPN/LiveLinkVRPN.uplugin" 335
"../../../Engine/Plugins/Protocols/MQTT/MQTT.uplugin" 336
"../../../Engine/Plugins/Experimental/AnimToTexture/AnimToTexture.uplugin" 337
"../../../Engine/Plugins/Experimental/AppleVision/AppleVision.uplugin" 338
"../../../Engine/Plugins/Experimental/AssetPlacementEdMode/AssetPlacementEdMode.uplugin" 339
"../../../Engine/Plugins/Experimental/AutomationUtils/AutomationUtils.uplugin" 340
"../../../Engine/Plugins/Experimental/BlueprintSnapNodes/BlueprintSnapNodes.uplugin" 341
"../../../Engine/Plugins/VirtualProduction/LiveLinkXR/LiveLinkXR.uplugin" 342
"../../../Engine/Plugins/Tests/WidgetAutomationTests/WidgetAutomationTests.uplugin" 343
"../../../Engine/Plugins/Experimental/ChaosCloth/ChaosCloth.uplugin" 344
"../../../Engine/Plugins/Experimental/ChaosClothAsset/ChaosClothAsset.uplugin" 345
"../../../Engine/Plugins/Experimental/ChaosClothAssetEditor/ChaosClothAssetEditor.uplugin" 346
"../../../Engine/Plugins/Experimental/ChaosClothEditor/ChaosClothEditor.uplugin" 347
"../../../Engine/Plugins/Experimental/ChaosEditor/ChaosEditor.uplugin" 348
"../../../Engine/Plugins/Experimental/ChaosFlesh/ChaosFlesh.uplugin" 349
"../../../Engine/Plugins/Experimental/ChaosNiagara/ChaosNiagara.uplugin" 350
"../../../Engine/Plugins/Experimental/BlueprintStats/BlueprintStats.uplugin" 351
"../../../Engine/Plugins/Experimental/BackChannel/BackChannel.uplugin" 352
"../../../Engine/Plugins/Experimental/ChaosSolverPlugin/ChaosSolverPlugin.uplugin" 353
"../../../Engine/Plugins/Experimental/ChaosVD/ChaosVD.uplugin" 354
"../../../Engine/Plugins/Experimental/ChaosVehiclesPlugin/ChaosVehiclesPlugin.uplugin" 355
"../../../Engine/Plugins/Experimental/ChaosUserDataPT/ChaosUserDataPT.uplugin" 356
"../../../Engine/Plugins/Experimental/AnimNext/AnimNext.uplugin" 357
"../../../Engine/Plugins/Experimental/CharacterAI/CharacterAI.uplugin" 358
"../../../Engine/Plugins/Experimental/Chooser/Chooser.uplugin" 359
"../../../Engine/Plugins/Experimental/CineCameraRigs/CineCameraRigs.uplugin" 360
"../../../Engine/Plugins/Experimental/CodeEditor/CodeEditor.uplugin" 361
"../../../Engine/Plugins/Experimental/ChaosCaching/ChaosCaching.uplugin" 362
"../../../Engine/Plugins/Experimental/CinematicPrestreaming/CinematicPrestreaming.uplugin" 363
"../../../Engine/Plugins/Experimental/CodeView/CodeView.uplugin" 364
"../../../Engine/Plugins/Experimental/ColorCorrectRegions/ColorCorrectRegions.uplugin" 365
"../../../Engine/Plugins/Experimental/CommonConversation/CommonConversation.uplugin" 366
"../../../Engine/Plugins/Experimental/Dataflow/Dataflow.uplugin" 367
"../../../Engine/Plugins/Experimental/ControlFlows/ControlFlows.uplugin" 368
"../../../Engine/Plugins/Experimental/DefaultInstallBundleManager/DefaultInstallBundleManager.uplugin" 369
"../../../Engine/Plugins/Experimental/FieldSystemPlugin/FieldSystemPlugin.uplugin" 370
"../../../Engine/Plugins/Experimental/DatasmithCloTranslator/DatasmithCloTranslator.uplugin" 371
"../../../Engine/Plugins/Experimental/Fracture/Fracture.uplugin" 372
"../../../Engine/Plugins/Experimental/GameplayGraph/GameplayGraph.uplugin" 373
"../../../Engine/Plugins/Experimental/CineCameraSceneCapture/CineCameraSceneCapture.uplugin" 374
"../../../Engine/Plugins/Experimental/GameplayBehaviors/GameplayBehaviors.uplugin" 375
"../../../Engine/Plugins/Editor/SpeedTreeImporter/SpeedTreeImporter.uplugin" 376
"../../../Engine/Plugins/Experimental/GameFeatures/GameFeatures.uplugin" 377
"../../../Engine/Plugins/Experimental/GameplayTargetingSystem/TargetingSystem.uplugin" 378
"../../../Engine/Plugins/Experimental/Gauntlet/Gauntlet.uplugin" 379
"../../../Engine/Plugins/Experimental/GeometryCacheAbcFile/GeometryCacheAbcFile.uplugin" 380
"../../../Engine/Plugins/Experimental/GeometryCollectionPlugin/GeometryCollectionPlugin.uplugin" 381
"../../../Engine/Plugins/Experimental/GeometryFlow/GeometryFlow.uplugin" 382
"../../../Engine/Plugins/Experimental/GizmoFramework/GizmoFramework.uplugin" 383
"../../../Engine/Plugins/Experimental/GPULightmass/GPULightmass.uplugin" 384
"../../../Engine/Plugins/Experimental/HairModelingToolset/HairModelingToolset.uplugin" 385
"../../../Engine/Plugins/Experimental/ImpostorBaker/ImpostorBaker.uplugin" 386
"../../../Engine/Plugins/Experimental/GizmoEdMode/GizmoEdMode.uplugin" 387
"../../../Engine/Plugins/Experimental/GeometryScripting/GeometryScripting.uplugin" 388
"../../../Engine/Plugins/Experimental/ImagePlate/ImagePlate.uplugin" 389
"../../../Engine/Plugins/Experimental/JWT/JWT.uplugin" 390
"../../../Engine/Plugins/Experimental/Landmass/Landmass.uplugin" 391
"../../../Engine/Plugins/Experimental/FullBodyIK/FullBodyIK.uplugin" 392
"../../../Engine/Plugins/Experimental/LandscapePatch/LandscapePatch.uplugin" 393
"../../../Engine/Plugins/Experimental/Iris/Iris.uplugin" 394
"../../../Engine/Plugins/Experimental/LearningAgents/LearningAgents.uplugin" 395
"../../../Engine/Plugins/Experimental/LiveLinkFaceImporter/LiveLinkFaceImporter.uplugin" 396
"../../../Engine/Plugins/Experimental/MeshModelingToolsetExp/MeshModelingToolsetExp.uplugin" 397
"../../../Engine/Plugins/Experimental/LiveLinkControlRig/LiveLinkControlRig.uplugin" 398
"../../../Engine/Plugins/Experimental/ModularGameplay/ModularGameplay.uplugin" 399
"../../../Engine/Plugins/Experimental/MotorSimOutputMotoSynth/MotorSimOutputMotoSynth.uplugin" 400
"../../../Engine/Plugins/Experimental/MotoSynth/MotoSynth.uplugin" 401
"../../../Engine/Plugins/Experimental/Mutable/Mutable.uplugin" 402
"../../../Engine/Plugins/Experimental/NNE/NNE.uplugin" 403
"../../../Engine/Plugins/Enterprise/DatasmithC4DImporter/DatasmithC4DImporter.uplugin" 404
"../../../Engine/Plugins/Experimental/NaniteDisplacedMesh/NaniteDisplacedMesh.uplugin" 405
"../../../Engine/Plugins/Experimental/NNERuntimeORTGpu/NNERuntimeORTGpu.uplugin" 406
"../../../Engine/Plugins/Experimental/NNERuntimeRDG/NNERuntimeRDG.uplugin" 407
"../../../Engine/Plugins/Experimental/OpenImageDenoise/OpenImageDenoise.uplugin" 408
"../../../Engine/Plugins/Experimental/OptiXDenoise/OptiXDenoise.uplugin" 409
"../../../Engine/Plugins/Experimental/NNERuntimeORTCpu/NNERuntimeORTCpu.uplugin" 410
"../../../Engine/Plugins/Experimental/PanoramicCapture/PanoramicCapture.uplugin" 411
"../../../Engine/Plugins/Experimental/PCGExternalDataInterop/PCGExternalDataInterop.uplugin" 412
"../../../Engine/Plugins/Experimental/PCG/PCG.uplugin" 413
"../../../Engine/Plugins/Experimental/PhysicsControl/PhysicsControl.uplugin" 414
"../../../Engine/Plugins/Experimental/PixelStreamingPlayer/PixelStreamingPlayer.uplugin" 415
"../../../Engine/Plugins/Experimental/PlanarCutPlugin/PlanarCut.uplugin" 416
"../../../Engine/Plugins/Experimental/PlatformCrypto/PlatformCrypto.uplugin" 417
"../../../Engine/Plugins/Experimental/PluginAudit/PluginAudit.uplugin" 418
"../../../Engine/Plugins/Experimental/ProxyLODPlugin/ProxyLODPlugin.uplugin" 419
"../../../Engine/Plugins/Experimental/PluginTemplateTool/PluginTemplateTool.uplugin" 420
"../../../Engine/Plugins/Experimental/PythonFoundationPackages/PythonFoundationPackages.uplugin" 421
"../../../Engine/Plugins/Experimental/PythonScriptPlugin/PythonScriptPlugin.uplugin" 422
"../../../Engine/Plugins/Experimental/QuicMessaging/QuicMessaging.uplugin" 423
"../../../Engine/Plugins/Experimental/PCGGeometryScriptInterop/PCGGeometryScriptInterop.uplugin" 424
"../../../Engine/Plugins/Experimental/RemoteSession/RemoteSession.uplugin" 425
"../../../Engine/Plugins/Experimental/PluginReferenceViewer/PluginReferenceViewer.uplugin" 426
"../../../Engine/Plugins/Experimental/RawInput/RawInput.uplugin" 427
"../../../Engine/Plugins/Experimental/MeshLODToolset/MeshLODToolset.uplugin" 428
"../../../Engine/Plugins/Experimental/SampleToolsEditorMode/SampleToolsEditorMode.uplugin" 429
"../../../Engine/Plugins/Experimental/ScriptableToolsEditorMode/ScriptableToolsEditorMode.uplugin" 430
"../../../Engine/Plugins/Experimental/ScriptableToolsFramework/ScriptableToolsFramework.uplugin" 431
"../../../Engine/Plugins/Experimental/Shotgrid/Shotgrid.uplugin" 432
"../../../Engine/Plugins/Experimental/ScreenReader/ScreenReader.uplugin" 433
"../../../Engine/Plugins/Experimental/SimpleHMD/SimpleHMD.uplugin" 434
"../../../Engine/Plugins/Experimental/SlateScreenReader/SlateScreenReader.uplugin" 435
"../../../Engine/Plugins/Experimental/StructUtils/StructUtils.uplugin" 436
"../../../Engine/Plugins/Experimental/TetMeshing/TetMeshing.uplugin" 437
"../../../Engine/Plugins/Experimental/TextToSpeech/TextToSpeech.uplugin" 438
"../../../Engine/Plugins/Experimental/Text3D/Text3D.uplugin" 439
"../../../Engine/Plugins/Experimental/TextureMediaPlayer/TextureMediaPlayer.uplugin" 440
"../../../Engine/Plugins/Experimental/TypedElementsDataStorage/TypedElementsDataStorage.uplugin" 441
"../../../Engine/Plugins/Experimental/ToolPresets/ToolPresets.uplugin" 442
"../../../Engine/Plugins/Experimental/UIFramework/UIFramework.uplugin" 443
"../../../Engine/Plugins/Experimental/UserToolBoxCore/UserToolBoxCore.uplugin" 444
"../../../Engine/Plugins/Experimental/VirtualCameraCore/VirtualCameraCore.uplugin" 445
"../../../Engine/Plugins/Experimental/SkeletalReduction/SkeletalReduction.uplugin" 446
"../../../Engine/Plugins/Experimental/RenderGrid/RenderGrid.uplugin" 447
"../../../Engine/Plugins/Experimental/VirtualCamera/VirtualCamera.uplugin" 448
"../../../Engine/Plugins/Experimental/StaticMeshEditorModeling/StaticMeshEditorModeling.uplugin" 449
"../../../Engine/Plugins/Experimental/VirtualScouting/VirtualScouting.uplugin" 450
"../../../Engine/Plugins/Experimental/UserToolBoxBasicCommand/UserToolBoxBasicCommand.uplugin" 451
"../../../Engine/Plugins/Experimental/VirtualHeightfieldMesh/VirtualHeightfieldMesh.uplugin" 452
"../../../Engine/Plugins/Experimental/VirtualProductionUtilities/VirtualProductionUtilities.uplugin" 453
"../../../Engine/Plugins/Experimental/Water/Water.uplugin" 454
"../../../Engine/Plugins/Experimental/WaterExtras/WaterExtras.uplugin" 455
"../../../Engine/Plugins/Experimental/Volumetrics/Volumetrics.uplugin" 456
"../../../Engine/Plugins/Experimental/WaveFunctionCollapse/WaveFunctionCollapse.uplugin" 457
"../../../Engine/Plugins/Experimental/XRCreativeFramework/XRCreativeFramework.uplugin" 458
"../../../Engine/Plugins/Messaging/MessagingDebugger/MessagingDebugger.uplugin" 459
"../../../Engine/Plugins/Messaging/TcpMessaging/TcpMessaging.uplugin" 460
"../../../Engine/Plugins/Slate/SlateInsights/SlateInsights.uplugin" 461
"../../../Engine/Plugins/Messaging/UdpMessaging/UdpMessaging.uplugin" 462
"../../../Engine/Plugins/Experimental/LocalizableMessage/LocalizableMessage.uplugin" 463
"../../../Engine/Plugins/2D/Paper2D/Paper2D.uplugin" 464
"../../../Engine/Plugins/Slate/SlateScripting/SlateScripting.uplugin" 465
"../../../Engine/Plugins/VirtualProduction/DMX/DatasmithMVR/DatasmithMVR.uplugin" 466
"../../../Engine/Plugins/VirtualProduction/DMX/DMXControlConsole/DMXControlConsole.uplugin" 467
"../../../Engine/Plugins/VirtualProduction/DMX/DMXEngine/DMXEngine.uplugin" 468
"../../../Engine/Plugins/VirtualProduction/DMX/DMXDisplayCluster/DMXDisplayCluster.uplugin" 469
"../../../Engine/Plugins/VirtualProduction/DMX/DMXModularFeatures/DMXModularFeatures.uplugin" 470
"../../../Engine/Plugins/VirtualProduction/DMX/DMXFixtures/DMXFixtures.uplugin" 471
"../../../Engine/Plugins/VirtualProduction/DMX/DMXPixelMapping/DMXPixelMapping.uplugin" 472
"../../../Engine/Plugins/VirtualProduction/DMX/DMXProtocol/DMXProtocol.uplugin" 473
"../../../Engine/Plugins/Experimental/AVCodecs/AMFCodecs/AMFCodecs.uplugin" 474
"../../../Engine/Plugins/Experimental/AVCodecs/AVCodecsCore/AVCodecsCore.uplugin" 475
"../../../Engine/Plugins/Editor/Localization/PortableObjectFileDataSource/PortableObjectFileDataSource.uplugin" 476
"../../../Engine/Plugins/Experimental/AVCodecs/NVCodecs/NVCodecs.uplugin" 477
"../../../Engine/Plugins/Experimental/AVCodecs/WMFCodecs/WMFCodecs.uplugin" 478
"../../../Engine/Plugins/Experimental/CharacterFXEditor/BaseCharacterFXEditor/BaseCharacterFXEditor.uplugin" 479
"../../../Engine/Plugins/Runtime/Advertising/IOSTapJoy/IOSTapJoy.uplugin" 480
"../../../Engine/Plugins/Experimental/Web/WebAPI/WebAPI.uplugin" 481
"../../../Engine/Plugins/Runtime/Database/ADOSupport/ADOSupport.uplugin" 482
"../../../Engine/Plugins/Experimental/CharacterFXEditor/ExampleCharacterFXEditor/ExampleCharacterFXEditor.uplugin" 483
"../../../Engine/Plugins/Runtime/Database/SQLiteCore/SQLiteCore.uplugin" 484
"../../../Engine/Plugins/Runtime/Database/DatabaseSupport/DatabaseSupport.uplugin" 485
"../../../Engine/Plugins/Runtime/Database/SQLiteSupport/SQLiteSupport.uplugin" 486
"../../../Engine/Plugins/Runtime/Database/RemoteDatabaseSupport/RemoteDatabaseSupport.uplugin" 487
"../../../Engine/Plugins/Runtime/AR/ARUtilities/ARUtilities.uplugin" 488
"../../../Engine/Plugins/Experimental/Enterprise/DatasmithInterchange/DatasmithInterchange.uplugin" 489
"../../../Engine/Plugins/Experimental/Enterprise/DatasmithRuntime/DatasmithRuntime.uplugin" 490
"../../../Engine/Plugins/Runtime/AR/AzureSpatialAnchorsForARKit/AzureSpatialAnchorsForARKit.uplugin" 491
"../../../Engine/Plugins/Experimental/WidgetEditorToolPalette/WidgetEditorToolPalette.uplugin" 492
"../../../Engine/Plugins/Experimental/Enterprise/DataprepGeometryOperations/DataprepGeometryOperations.uplugin" 493
"../../../Engine/Plugins/Runtime/AR/AzureSpatialAnchorsForARCore/AzureSpatialAnchorsForARCore.uplugin" 494
"../../../Engine/Plugins/Online/Android/OnlineSubsystemGooglePlay/OnlineSubsystemGooglePlay.uplugin" 495
"../../../Engine/Plugins/VirtualProduction/Rivermax/RivermaxCore/RivermaxCore.uplugin" 496
"../../../Engine/Plugins/Experimental/WebSocketNetworking/WebSocketNetworking.uplugin" 497
"../../../Engine/Plugins/VirtualProduction/Rivermax/RivermaxSync/RivermaxSync.uplugin" 498
"../../../Engine/Plugins/Runtime/AR/AzureSpatialAnchors/AzureSpatialAnchors.uplugin" 499
"../../../Engine/Plugins/Online/VoiceChat/EOSVoiceChat/EOSVoiceChat.uplugin" 500
"../../../Engine/Plugins/Performance/PerformanceMonitor/PerformanceMonitor.uplugin" 501
"../../../Engine/Plugins/Experimental/Animation/ContextualAnimation/ContextualAnimation.uplugin" 502
"../../../Engine/Plugins/VirtualProduction/Rivermax/RivermaxMedia/RivermaxMedia.uplugin" 503
"../../../Engine/Plugins/Experimental/Animation/Optimus/Optimus.uplugin" 504
"../../../Engine/Plugins/Experimental/VirtualProduction/LedWallCalibration/LedWallCalibration.uplugin" 505
"../../../Engine/Plugins/Experimental/Animation/MotionTrajectory/MotionTrajectory.uplugin" 506
"../../../Engine/Plugins/Experimental/VirtualProduction/VPSettings/VPSettings.uplugin" 507
"../../../Engine/Plugins/Online/VoiceChat/VoiceChat/VoiceChat.uplugin" 508
"../../../Engine/Plugins/Experimental/Animation/CurveExpression/CurveExpression.uplugin" 509
"../../../Engine/Plugins/Runtime/Analytics/Adjust/Adjust.uplugin" 510
"../../../Engine/Plugins/Runtime/Analytics/FileLogging/FileLogging.uplugin" 511
"../../../Engine/Plugins/Runtime/Analytics/AnalyticsBlueprintLibrary/AnalyticsBlueprintLibrary.uplugin" 512
"../../../Engine/Plugins/Runtime/Analytics/Flurry/Flurry.uplugin" 513
"../../../Engine/Plugins/Experimental/Animation/PoseSearch/PoseSearch.uplugin" 514
"../../../Engine/Plugins/Runtime/Windows/WinDualShock/WinDualShock.uplugin" 515
"../../../Engine/Plugins/Runtime/XR/XRVisualization/XRVisualization.uplugin" 516
"../../../Engine/Plugins/Runtime/MeshReconstruction/DummyMeshReconstructor/DummyMeshReconstructor.uplugin" 517
"../../../Engine/Plugins/Runtime/Analytics/AnalyticsMulticast/AnalyticsMulticast.uplugin" 518
"../../../Engine/Plugins/Runtime/Nvidia/Reflex/Reflex.uplugin" 519
"../../../Engine/Plugins/Runtime/XR/XRScribe/XRScribe.uplugin" 520
"../../../Engine/Plugins/Runtime/PacketHandlers/AESGCMHandlerComponent/AESGCMHandlerComponent.uplugin" 521
"../../../Engine/Plugins/Runtime/Oculus/OculusAudio/OculusAudio.uplugin" 522
"../../../Engine/Plugins/Runtime/Nvidia/GeForceNOWWrapper/GeForceNOWWrapper.uplugin" 523
"../../../Engine/Plugins/Runtime/PacketHandlers/AESHandlerComponent/AESHandlerComponent.uplugin" 524
"../../../Engine/Plugins/Experimental/VirtualProduction/VPRoles/VPRoles.uplugin" 525
"../../../Engine/Plugins/Runtime/PacketHandlers/DTLSHandlerComponent/DTLSHandlerComponent.uplugin" 526
"../../../Engine/Plugins/Animation/MLDeformer/MLDeformerFramework/MLDeformerFramework.uplugin" 527
"../../../Engine/Plugins/Animation/MLDeformer/ChaosClothGenerator/ChaosClothGenerator.uplugin" 528
"../../../Engine/Plugins/Animation/MLDeformer/VertexDeltaModel/VertexDeltaModel.uplugin" 529
"../../../Engine/Plugins/Developer/Concert/ConcertMain/ConcertMain.uplugin" 530
"../../../Engine/Plugins/Animation/MLDeformer/NeuralMorphModel/NeuralMorphModel.uplugin" 531
"../../../Engine/Plugins/Animation/MLDeformer/NearestNeighborModel/NearestNeighborModel.uplugin" 532
"../../../Engine/Plugins/Runtime/Steam/SteamShared/SteamShared.uplugin" 533
"../../../Engine/Plugins/Runtime/Steam/SteamController/SteamController.uplugin" 534
"../../../Engine/Plugins/Online/IOS/OnlineSubsystemIOS/OnlineSubsystemIOS.uplugin" 535
"../../../Engine/Plugins/Runtime/Steam/SteamAudio/SteamAudio.uplugin" 536
"../../../Engine/Plugins/Editor/ContentBrowser/ContentBrowserAliasDataSoure/ContentBrowserAliasDataSource.uplugin" 537
"../../../Engine/Plugins/Editor/ContentBrowser/ContentBrowserClassDataSource/ContentBrowserClassDataSource.uplugin" 538
"../../../Engine/Plugins/Editor/ObjectMixer/LightMixer/LightMixer.uplugin" 539
"../../../Engine/Plugins/Editor/ObjectMixer/ObjectMixer/ObjectMixer.uplugin" 540
"../../../Engine/Plugins/Editor/ContentBrowser/ContentBrowserFileDataSource/ContentBrowserFileDataSource.uplugin" 541
"../../../Engine/Plugins/Editor/ContentBrowser/ContentBrowserAssetDataSource/ContentBrowserAssetDataSource.uplugin" 542
"../../../Engine/Plugins/Experimental/AR/PointCloud/PointCloud.uplugin" 543
"../../../Engine/Plugins/Runtime/Steam/SteamSockets/SteamSockets.uplugin" 544
"../../../Engine/Plugins/Runtime/AR/Google/GoogleARCore/GoogleARCore.uplugin" 545
"../../../Engine/Plugins/Experimental/Animation/SkeletalMeshModelingTools/SkeletalMeshModelingTools.uplugin" 546
"../../../Engine/Plugins/Runtime/AR/AppleAR/AppleARKitFaceSupport/AppleARKitFaceSupport.uplugin" 547
"../../../Engine/Plugins/Developer/Concert/ConcertApp/DisasterRecoveryClient/DisasterRecoveryClient.uplugin" 548
"../../../Engine/Plugins/Runtime/AR/Google/GoogleARCoreServices/GoogleARCoreServices.uplugin" 549
"../../../Engine/Plugins/Developer/Concert/ConcertApp/MultiUserClient/MultiUserClient.uplugin" 550
"../../../Engine/Plugins/Online/Android/AndroidFetchBackgroundDownload/AndroidFetchBackgroundDownload.uplugin" 551
"../../../Engine/Plugins/Developer/Concert/ConcertSync/ConcertSyncServer/ConcertSyncServer.uplugin" 552
"../../../Engine/Plugins/Developer/Concert/ConcertSync/ConcertSyncCore/ConcertSyncCore.uplugin" 553
"../../../Engine/Plugins/Developer/Concert/ConcertSync/ConcertSyncTest/ConcertSyncTest.uplugin" 554
"../../../Engine/Plugins/Developer/Concert/ConcertApp/MultiUserServer/MultiUserServer.uplugin" 555
"../../../Engine/Plugins/Runtime/AR/AppleAR/AppleARKit/AppleARKit.uplugin" 556
"../../../Engine/Plugins/Developer/Concert/ConcertUI/ConcertClientSharedSlate/ConcertClientSharedSlate.uplugin" 557
"../../../Engine/Plugins/Developer/Concert/ConcertUI/ConcertSharedSlate/ConcertSharedSlate.uplugin" 558
"../../../Engine/Plugins/Developer/Concert/ConcertSync/ConcertSyncClient/ConcertSyncClient.uplugin" 559
"../../../Engine/Content/Internationalization/icudt64l/cnvalias.icu" 560
"../../../Engine/Content/Internationalization/icudt64l/res_index.res" 561
"../../../Engine/Content/Internationalization/icudt64l/plurals.res" 562
"../../../Engine/Content/Internationalization/icudt64l/lang/ru.res" 563
"../../../Engine/Content/Internationalization/icudt64l/lang/pool.res" 564
"../../../Engine/Content/Internationalization/icudt64l/lang/root.res" 565
"../../../Engine/Content/Internationalization/icudt64l/region/ru.res" 566
"../../../Engine/Content/Internationalization/icudt64l/region/pool.res" 567
"../../../Engine/Content/Internationalization/icudt64l/region/root.res" 568
"../../../Engine/Content/Internationalization/icudt64l/lang/en.res" 569
"../../../Engine/Content/Internationalization/icudt64l/region/en.res" 570
"../../../Engine/Content/Internationalization/icudt64l/windowsZones.res" 571
"../../../Engine/Content/Internationalization/icudt64l/zoneinfo64.res" 572
"../../../Engine/Content/Internationalization/icudt64l/keyTypeData.res" 573
"../../../Engine/Content/Internationalization/icudt64l/timezoneTypes.res" 574
"../../../Engine/Content/Internationalization/icudt64l/likelySubtags.res" 575
"../../../Engine/Content/Internationalization/icudt64l/ru_RU.res" 576
"../../../Engine/Content/Internationalization/icudt64l/pool.res" 577
"../../../Engine/Content/Internationalization/icudt64l/ru.res" 578
"../../../Engine/Content/Internationalization/icudt64l/root.res" 579
"../../../Engine/Content/Internationalization/icudt64l/supplementalData.res" 580
"../../../Engine/Config/ConfigRedirects.ini" 581
"C:/Users/Abies/AppData/Local/UnrealEngine/5.3/Saved/Config/WindowsEditor/Manifest.ini" 582
"../../../Engine/Config/Base.ini" 583
"../../../Engine/Config/BaseEngine.ini" 584
"../../../Engine/Config/Windows/BaseWindowsEngine.ini" 585
"../../../../../../Users/Abies/Documents/Unreal Projects/MyProject2/Config/DefaultEngine.ini" 586
"../../../Engine/Config/Windows/WindowsEngine.ini" 587
"C:/Users/Abies/AppData/Local/Unreal Engine/Engine/Config/UserEngine.ini" 588
"C:/Users/Abies/Documents/Unreal Projects/MyProject2/Saved/Config/WindowsEditor/Engine.ini" 589
"../../../Engine/Config/BaseGame.ini" 590
"../../../../../../Users/Abies/Documents/Unreal Projects/MyProject2/Config/DefaultGame.ini" 591
"../../../Engine/Config/Windows/WindowsGame.ini" 592
"C:/Users/Abies/Documents/Unreal Projects/MyProject2/Saved/Config/WindowsEditor/Game.ini" 593
"../../../Engine/Config/BaseInput.ini" 594
"../../../../../../Users/Abies/Documents/Unreal Projects/MyProject2/Config/DefaultInput.ini" 595
"../../../Engine/Config/Windows/WindowsInput.ini" 596
"C:/Users/Abies/Documents/Unreal Projects/MyProject2/Saved/Config/WindowsEditor/Input.ini" 597
"../../../Engine/Config/BaseDeviceProfiles.ini" 598
"C:/Users/Abies/Documents/Unreal Projects/MyProject2/Saved/Config/WindowsEditor/DeviceProfiles.ini" 599
"../../../Engine/Config/BaseGameUserSettings.ini" 600
"C:/Users/Abies/Documents/Unreal Projects/MyProject2/Saved/Config/WindowsEditor/GameUserSettings.ini" 601
"../../../Engine/Config/BaseScalability.ini" 602
"C:/Users/Abies/Documents/Unreal Projects/MyProject2/Saved/Config/WindowsEditor/Scalability.ini" 603
"../../../Engine/Config/BaseRuntimeOptions.ini" 604
"C:/Users/Abies/Documents/Unreal Projects/MyProject2/Saved/Config/WindowsEditor/RuntimeOptions.ini" 605
"../../../Engine/Config/BaseInstallBundle.ini" 606
"C:/Users/Abies/Documents/Unreal Projects/MyProject2/Saved/Config/WindowsEditor/InstallBundle.ini" 607
"../../../Engine/Config/BaseHardware.ini" 608
"C:/Users/Abies/Documents/Unreal Projects/MyProject2/Saved/Config/WindowsEditor/Hardware.ini" 609
"../../../Engine/Config/BaseCompat.ini" 610
"C:/Users/Abies/Documents/Unreal Projects/MyProject2/Saved/Config/WindowsEditor/Compat.ini" 611
"../../../Engine/Config/BaseLightmass.ini" 612
"C:/Users/Abies/Documents/Unreal Projects/MyProject2/Saved/Config/WindowsEditor/Lightmass.ini" 613
"../../../Engine/Config/BaseEditor.ini" 614
"../../../../../../Users/Abies/Documents/Unreal Projects/MyProject2/Config/DefaultEditor.ini" 615
"C:/Users/Abies/Documents/Unreal Projects/MyProject2/Saved/Config/WindowsEditor/Editor.ini" 616
"../../../Engine/Config/BaseEditorPerProjectUserSettings.ini" 617
"../../../../../../Users/Abies/Documents/Unreal Projects/MyProject2/Config/DefaultEditorPerProjectUserSettings.ini" 618
"../../../Engine/Config/Windows/WindowsEditorPerProjectUserSettings.ini" 619
"C:/Users/Abies/Documents/Unreal Projects/MyProject2/Saved/Config/WindowsEditor/EditorPerProjectUserSettings.ini" 620
"../../../Engine/Config/BaseEditorSettings.ini" 621
"C:/Users/Abies/AppData/Local/UnrealEngine/5.3/Saved/Config/WindowsEditor/EditorSettings.ini" 622
"../../../Engine/Config/BaseEditorKeyBindings.ini" 623
"C:/Users/Abies/AppData/Local/UnrealEngine/5.3/Saved/Config/WindowsEditor/EditorKeyBindings.ini" 624
"C:/Users/Abies/AppData/Local/UnrealEngine/5.3/Saved/Config/WindowsEditor/EditorLayout.ini" 625
"../../../Engine/Config/Android/BaseAndroidEngine.ini" 626
"../../../Engine/Config/Android/AndroidEngine.ini" 627
"../../../Engine/Config/Android/BaseAndroidGame.ini" 628
"../../../Engine/Config/Linux/BaseLinuxEngine.ini" 629
"../../../Engine/Config/IOS/BaseIOSEngine.ini" 630
"../../../Engine/Binaries/Win64/BootstrapPackagedGame-Win64-Shipping.target" 631
"../../../Engine/Binaries/Win64/BuildPatchTool-Win64-Shipping.target" 632
"../../../Engine/Binaries/Win64/CrashReportClient-Win64-Shipping.target" 633
"../../../Engine/Config/IOS/IOSEngine.ini" 634
"../../../Engine/Config/Unix/UnixEngine.ini" 635
"../../../Engine/Config/Linux/LinuxEngine.ini" 636
"../../../Engine/Binaries/Win64/CrashReportClientEditor-Win64-Shipping.target" 637
"../../../Engine/Binaries/Win64/DatasmithCADWorker.target" 638
"../../../Engine/Config/IOS/BaseIOSGame.ini" 639
"../../../Engine/Binaries/Win64/EpicWebHelper-Win64-Shipping.target" 640
"../../../Engine/Binaries/Win64/InterchangeWorker.target" 641
"../../../Engine/Config/IOS/IOSGame.ini" 642
"../../../Engine/Binaries/Win64/LiveCodingConsole.target" 643
"../../../Engine/Binaries/Win64/ShaderCompileWorker.target" 644
"../../../Engine/Binaries/Win64/SwitchboardListener.target" 645
"../../../Engine/Binaries/Win64/SwitchboardListenerHelper.target" 646
"../../../Engine/Binaries/Win64/UnrealEditor-Win64-DebugGame.target" 647
"../../../Engine/Config/Android/AndroidScalability.ini" 648
"../../../Engine/Config/Linux/LinuxGame.ini" 649
"../../../Engine/Config/Android/BaseAndroidInstallBundle.ini" 650
"../../../Engine/Config/IOS/IOSScalability.ini" 651
"../../../Engine/Config/LinuxArm64/BaseLinuxArm64Engine.ini" 652
"../../../Engine/Config/LinuxArm64/LinuxArm64Engine.ini" 653
"../../../Engine/Config/Mac/BaseMacEngine.ini" 654
"../../../Engine/Config/Mac/MacEngine.ini" 655
"../../../Engine/Config/Mac/MacGame.ini" 656
"../../../Engine/Config/TVOS/TVOSEngine.ini" 657
"../../../Engine/Binaries/Win64/UnrealEditor.target" 658
"../../../Engine/Plugins/EnhancedInput/Config/BaseEnhancedInput.ini" 659
"C:/Users/Abies/Documents/Unreal Projects/MyProject2/Saved/Config/WindowsEditor/EnhancedInput.ini" 660
"../../../Engine/Plugins/EnhancedInput/Config/Input.ini" 661
"../../../Engine/Plugins/TraceUtilities/Config/BaseTraceUtilities.ini" 662
"C:/Users/Abies/Documents/Unreal Projects/MyProject2/Saved/Config/WindowsEditor/TraceUtilities.ini" 663
"../../../Engine/Plugins/Runtime/Metasound/Config/BaseMetasound.ini" 664
"C:/Users/Abies/Documents/Unreal Projects/MyProject2/Saved/Config/WindowsEditor/Metasound.ini" 665
"../../../Engine/Plugins/Runtime/Synthesis/Config/BaseSynthesis.ini" 666
"C:/Users/Abies/Documents/Unreal Projects/MyProject2/Saved/Config/WindowsEditor/Synthesis.ini" 667
"../../../Engine/Plugins/Animation/ControlRig/Config/BaseControlRig.ini" 668
"C:/Users/Abies/Documents/Unreal Projects/MyProject2/Saved/Config/WindowsEditor/ControlRig.ini" 669
"../../../Engine/Plugins/Animation/IKRig/Config/BaseIKRig.ini" 670
"C:/Users/Abies/Documents/Unreal Projects/MyProject2/Saved/Config/WindowsEditor/IKRig.ini" 671
"../../../Engine/Plugins/Developer/TraceDataFiltering/Config/BaseTraceDataFilters.ini" 672
"C:/Users/Abies/Documents/Unreal Projects/MyProject2/Saved/Config/WindowsEditor/TraceDataFilters.ini" 673
"../../../Engine/Plugins/Enterprise/DatasmithContent/Config/BaseDatasmithContent.ini" 674
"C:/Users/Abies/Documents/Unreal Projects/MyProject2/Saved/Config/WindowsEditor/DatasmithContent.ini" 675
"../../../Engine/Plugins/Enterprise/GLTFExporter/Config/BaseGLTFExporter.ini" 676
"../../../Engine/Plugins/Enterprise/GLTFExporter/Config/DefaultGLTFExporter.ini" 677
"C:/Users/Abies/Documents/Unreal Projects/MyProject2/Saved/Config/WindowsEditor/GLTFExporter.ini" 678
"../../../Engine/Plugins/Enterprise/VariantManagerContent/Config/BaseVariantManagerContent.ini" 679
"C:/Users/Abies/Documents/Unreal Projects/MyProject2/Saved/Config/WindowsEditor/VariantManagerContent.ini" 680
"../../../Engine/Plugins/FX/Niagara/Config/BaseNiagara.ini" 681
"C:/Users/Abies/Documents/Unreal Projects/MyProject2/Saved/Config/WindowsEditor/Niagara.ini" 682
"../../../Engine/Plugins/Interchange/Runtime/Config/BaseInterchange.ini" 683
"C:/Users/Abies/Documents/Unreal Projects/MyProject2/Saved/Config/WindowsEditor/Interchange.ini" 684
"../../../Engine/Plugins/Runtime/InputDebugging/Config/Input.ini" 685
"../../../Engine/Plugins/Editor/EditorScriptingUtilities/Config/BaseEditorScriptingUtilities.ini" 686
"C:/Users/Abies/Documents/Unreal Projects/MyProject2/Saved/Config/WindowsEditor/EditorScriptingUtilities.ini" 687
"../../../Engine/Plugins/Experimental/FullBodyIK/Config/BaseFullBodyIK.ini" 688
"C:/Users/Abies/Documents/Unreal Projects/MyProject2/Saved/Config/WindowsEditor/FullBodyIK.ini" 689
"../../../Engine/Plugins/Experimental/StructUtils/Config/BaseStructUtils.ini" 690
"C:/Users/Abies/Documents/Unreal Projects/MyProject2/Saved/Config/WindowsEditor/StructUtils.ini" 691
"../../../Engine/Plugins/Experimental/ToolPresets/Config/BaseToolPresets.ini" 692
"C:/Users/Abies/Documents/Unreal Projects/MyProject2/Saved/Config/WindowsEditor/ToolPresets.ini" 693
"../../../Engine/Plugins/2D/Paper2D/Config/BasePaper2D.ini" 694
"C:/Users/Abies/Documents/Unreal Projects/MyProject2/Saved/Config/WindowsEditor/Paper2D.ini" 695
"../../../Engine/Plugins/Editor/ModelingToolsEditorMode/Binaries/Win64/UnrealEditor.modules" 696
"../../../Engine/Plugins/Runtime/MeshModelingToolset/Binaries/Win64/UnrealEditor.modules" 697
"../../../Engine/Plugins/Experimental/MeshModelingToolsetExp/Binaries/Win64/UnrealEditor.modules" 698
"../../../Engine/Plugins/Experimental/MeshLODToolset/Binaries/Win64/UnrealEditor.modules" 699
"../../../Engine/Plugins/Experimental/ToolPresets/Binaries/Win64/UnrealEditor.modules" 700
"../../../Engine/Plugins/Runtime/GeometryProcessing/Binaries/Win64/UnrealEditor.modules" 701
"../../../Engine/Plugins/Experimental/ProxyLODPlugin/Binaries/Win64/UnrealEditor.modules" 702
"../../../Engine/Plugins/Experimental/GeometryFlow/Binaries/Win64/UnrealEditor.modules" 703
"../../../Engine/Plugins/Editor/EditorScriptingUtilities/Binaries/Win64/UnrealEditor.modules" 704
"../../../Engine/Plugins/EnhancedInput/Binaries/Win64/UnrealEditor.modules" 705
"../../../Engine/Plugins/FastBuildController/Binaries/Win64/UnrealEditor.modules" 706
"../../../Engine/Plugins/MeshPainting/Binaries/Win64/UnrealEditor.modules" 707
"../../../Engine/Plugins/Interchange/Editor/Binaries/Win64/UnrealEditor.modules" 708
"../../../Engine/Plugins/Interchange/Runtime/Binaries/Win64/UnrealEditor.modules" 709
"../../../Engine/Plugins/Enterprise/VariantManagerContent/Binaries/Win64/UnrealEditor.modules" 710
"../../../Engine/Plugins/Enterprise/VariantManager/Binaries/Win64/UnrealEditor.modules" 711
"../../../Engine/Plugins/TraceUtilities/Binaries/Win64/UnrealEditor.modules" 712
"../../../Engine/Plugins/XGEController/Binaries/Win64/UnrealEditor.modules" 713
"../../../Engine/Plugins/AI/EnvironmentQueryEditor/Binaries/Win64/UnrealEditor.modules" 714
"../../../Engine/Plugins/AI/AISupport/Binaries/Win64/UnrealEditor.modules" 715
"../../../Engine/Plugins/Importers/AlembicImporter/Binaries/Win64/UnrealEditor.modules" 716
"../../../Engine/Plugins/Runtime/GeometryCache/Binaries/Win64/UnrealEditor.modules" 717
"../../../Engine/Plugins/FX/Niagara/Binaries/Win64/UnrealEditor.modules" 718
"../../../Engine/Plugins/Experimental/PythonScriptPlugin/Binaries/Win64/UnrealEditor.modules" 719
"../../../Engine/Plugins/Editor/ContentBrowser/ContentBrowserFileDataSource/Binaries/Win64/UnrealEditor.modules" 720
"../../../Engine/Plugins/MovieScene/ActorSequence/Binaries/Win64/UnrealEditor.modules" 721
"../../../Engine/Plugins/MovieScene/LevelSequenceEditor/Binaries/Win64/UnrealEditor.modules" 722
"../../../Engine/Plugins/MovieScene/SequencerScripting/Binaries/Win64/UnrealEditor.modules" 723
"../../../Engine/Plugins/Portal/LauncherChunkInstaller/Binaries/Win64/UnrealEditor.modules" 724
"../../../Engine/Plugins/Runtime/AndroidDeviceProfileSelector/Binaries/Win64/UnrealEditor.modules" 725
"../../../Engine/Plugins/Runtime/AndroidPermission/Binaries/Win64/UnrealEditor.modules" 726
"../../../Engine/Plugins/Runtime/AppleImageUtils/Binaries/Win64/UnrealEditor.modules" 727
"../../../Engine/Plugins/Runtime/AssetTags/Binaries/Win64/UnrealEditor.modules" 728
"../../../Engine/Plugins/Runtime/ArchVisCharacter/Binaries/Win64/UnrealEditor.modules" 729
"../../../Engine/Plugins/Runtime/AndroidFileServer/Binaries/Win64/UnrealEditor.modules" 730
"../../../Engine/Plugins/Runtime/AudioCapture/Binaries/Win64/UnrealEditor.modules" 731
"../../../Engine/Plugins/Runtime/CableComponent/Binaries/Win64/UnrealEditor.modules" 732
"../../../Engine/Plugins/Runtime/CustomMeshComponent/Binaries/Win64/UnrealEditor.modules" 733
"../../../Engine/Plugins/Runtime/ExampleDeviceProfileSelector/Binaries/Win64/UnrealEditor.modules" 734
"../../../Engine/Plugins/Runtime/ActorLayerUtilities/Binaries/Win64/UnrealEditor.modules" 735
"../../../Engine/Plugins/Runtime/GooglePAD/Binaries/Win64/UnrealEditor.modules" 736
"../../../Engine/Plugins/Runtime/ChunkDownloader/Binaries/Win64/UnrealEditor.modules" 737
"../../../Engine/Plugins/Runtime/LocationServicesBPLibrary/Binaries/Win64/UnrealEditor.modules" 738
"../../../Engine/Plugins/Runtime/Metasound/Binaries/Win64/UnrealEditor.modules" 739
"../../../Engine/Plugins/Runtime/AudioWidgets/Binaries/Win64/UnrealEditor.modules" 740
"../../../Engine/Plugins/Runtime/AudioSynesthesia/Binaries/Win64/UnrealEditor.modules" 741
"../../../Engine/Plugins/Runtime/WaveTable/Binaries/Win64/UnrealEditor.modules" 742
"../../../Engine/Plugins/Runtime/MsQuic/Binaries/Win64/UnrealEditor.modules" 743
"../../../Engine/Plugins/Runtime/MobilePatchingUtils/Binaries/Win64/UnrealEditor.modules" 744
"../../../Engine/Plugins/Runtime/ProceduralMeshComponent/Binaries/Win64/UnrealEditor.modules" 745
"../../../Engine/Plugins/Runtime/PropertyAccess/Binaries/Win64/UnrealEditor.modules" 746
"../../../Engine/Plugins/Runtime/ResonanceAudio/Binaries/Win64/UnrealEditor.modules" 747
"../../../Engine/Plugins/Runtime/RigVM/Binaries/Win64/UnrealEditor.modules" 748
"../../../Engine/Plugins/Runtime/SoundFields/Binaries/Win64/UnrealEditor.modules" 749
"../../../Engine/Plugins/Runtime/Synthesis/Binaries/Win64/UnrealEditor.modules" 750
"../../../Engine/Plugins/Runtime/WebMMoviePlayer/Binaries/Win64/UnrealEditor.modules" 751
"../../../Engine/Plugins/Media/WebMMedia/Binaries/Win64/UnrealEditor.modules" 752
"../../../Engine/Plugins/Runtime/WindowsDeviceProfileSelector/Binaries/Win64/UnrealEditor.modules" 753
"../../../Engine/Plugins/Runtime/WindowsMoviePlayer/Binaries/Win64/UnrealEditor.modules" 754
"../../../Engine/Plugins/Animation/ACLPlugin/Binaries/Win64/UnrealEditor.modules" 755
"../../../Engine/Plugins/Animation/AnimationModifierLibrary/Binaries/Win64/UnrealEditor.modules" 756
"../../../Engine/Plugins/Animation/AnimationData/Binaries/Win64/UnrealEditor.modules" 757
"../../../Engine/Plugins/Animation/ControlRig/Binaries/Win64/UnrealEditor.modules" 758
"../../../Engine/Plugins/Animation/BlendSpaceMotionAnalysis/Binaries/Win64/UnrealEditor.modules" 759
"../../../Engine/Plugins/Animation/ControlRigSpline/Binaries/Win64/UnrealEditor.modules" 760
"../../../Engine/Plugins/Animation/IKRig/Binaries/Win64/UnrealEditor.modules" 761
"../../../Engine/Plugins/Experimental/FullBodyIK/Binaries/Win64/UnrealEditor.modules" 762
"../../../Engine/Plugins/Developer/AnimationSharing/Binaries/Win64/UnrealEditor.modules" 763
"../../../Engine/Plugins/Runtime/SignificanceManager/Binaries/Win64/UnrealEditor.modules" 764
"../../../Engine/Plugins/Developer/CLionSourceCodeAccess/Binaries/Win64/UnrealEditor.modules" 765
"../../../Engine/Plugins/Developer/DumpGPUServices/Binaries/Win64/UnrealEditor.modules" 766
"../../../Engine/Plugins/Developer/GitSourceControl/Binaries/Win64/UnrealEditor.modules" 767
"../../../Engine/Plugins/Developer/N10XSourceCodeAccess/Binaries/Win64/UnrealEditor.modules" 768
"../../../Engine/Plugins/Developer/PerforceSourceControl/Binaries/Win64/UnrealEditor.modules" 769
"../../../Engine/Plugins/Developer/PixWinPlugin/Binaries/Win64/UnrealEditor.modules" 770
"../../../Engine/Plugins/Developer/PluginUtils/Binaries/Win64/UnrealEditor.modules" 771
"../../../Engine/Plugins/Developer/PropertyAccessNode/Binaries/Win64/UnrealEditor.modules" 772
"../../../Engine/Plugins/Developer/RenderDocPlugin/Binaries/Win64/UnrealEditor.modules" 773
"../../../Engine/Plugins/Developer/SubversionSourceControl/Binaries/Win64/UnrealEditor.modules" 774
"../../../Engine/Plugins/Developer/RiderSourceCodeAccess/Binaries/Win64/UnrealEditor.modules" 775
"../../../Engine/Plugins/Developer/PlasticSourceControl/Binaries/Win64/UnrealEditor.modules" 776
"../../../Engine/Plugins/Developer/TextureFormatOodle/Binaries/Win64/UnrealEditor.modules" 777
"../../../Engine/Plugins/Developer/TraceDataFiltering/Binaries/Win64/UnrealEditor.modules" 778
"../../../Engine/Plugins/Developer/UObjectPlugin/Binaries/Win64/UnrealEditor.modules" 779
"../../../Engine/Plugins/Developer/VisualStudioCodeSourceCodeAccess/Binaries/Win64/UnrealEditor.modules" 780
"../../../Engine/Plugins/Developer/VisualStudioSourceCodeAccess/Binaries/Win64/UnrealEditor.modules" 781
"../../../Engine/Plugins/Enterprise/DatasmithContent/Binaries/Win64/UnrealEditor.modules" 782
"../../../Engine/Plugins/Enterprise/GLTFExporter/Binaries/Win64/UnrealEditor.modules" 783
"../../../Engine/Plugins/Media/AndroidMedia/Binaries/Win64/UnrealEditor.modules" 784
"../../../Engine/Plugins/Media/AvfMedia/Binaries/Win64/UnrealEditor.modules" 785
"../../../Engine/Plugins/Media/MediaCompositing/Binaries/Win64/UnrealEditor.modules" 786
"../../../Engine/Plugins/Media/ImgMedia/Binaries/Win64/UnrealEditor.modules" 787
"../../../Engine/Plugins/Media/MediaPlayerEditor/Binaries/Win64/UnrealEditor.modules" 788
"../../../Engine/Plugins/Runtime/InputDebugging/Binaries/Win64/UnrealEditor.modules" 789
"../../../Engine/Plugins/Media/MediaPlate/Binaries/Win64/UnrealEditor.modules" 790
"../../../Engine/Plugins/Cameras/CameraShakePreviewer/Binaries/Win64/UnrealEditor.modules" 791
"../../../Engine/Plugins/Cameras/GameplayCameras/Binaries/Win64/UnrealEditor.modules" 792
"../../../Engine/Plugins/MovieScene/TemplateSequence/Binaries/Win64/UnrealEditor.modules" 793
"../../../Engine/Plugins/Media/WmfMedia/Binaries/Win64/UnrealEditor.modules" 794
"../../../Engine/Plugins/Compression/OodleNetwork/Binaries/Win64/UnrealEditor.modules" 795
"../../../Engine/Plugins/Online/OnlineBase/Binaries/Win64/UnrealEditor.modules" 796
"../../../Engine/Plugins/Online/OnlineSubsystem/Binaries/Win64/UnrealEditor.modules" 797
"../../../Engine/Plugins/Online/OnlineSubsystemNull/Binaries/Win64/UnrealEditor.modules" 798
"../../../Engine/Plugins/Online/OnlineSubsystemUtils/Binaries/Win64/UnrealEditor.modules" 799
"../../../Engine/Plugins/Online/OnlineServices/Binaries/Win64/UnrealEditor.modules" 800
"../../../Engine/Plugins/Tests/InterchangeTests/Binaries/Win64/UnrealEditor.modules" 801
"../../../Engine/Plugins/Editor/AssetManagerEditor/Binaries/Win64/UnrealEditor.modules" 802
"../../../Engine/Plugins/Editor/BlueprintHeaderView/Binaries/Win64/UnrealEditor.modules" 803
"../../../Engine/Plugins/Editor/ChangelistReview/Binaries/Win64/UnrealEditor.modules" 804
"../../../Engine/Plugins/Editor/CurveEditorTools/Binaries/Win64/UnrealEditor.modules" 805
"../../../Engine/Plugins/Editor/CryptoKeys/Binaries/Win64/UnrealEditor.modules" 806
"../../../Engine/Plugins/Editor/DataValidation/Binaries/Win64/UnrealEditor.modules" 807
"../../../Engine/Plugins/Editor/EditorDebugTools/Binaries/Win64/UnrealEditor.modules" 808
"../../../Engine/Plugins/Editor/EngineAssetDefinitions/Binaries/Win64/UnrealEditor.modules" 809
"../../../Engine/Plugins/Editor/FacialAnimation/Binaries/Win64/UnrealEditor.modules" 810
"../../../Engine/Plugins/Editor/GameplayTagsEditor/Binaries/Win64/UnrealEditor.modules" 811
"../../../Engine/Plugins/Editor/GeometryMode/Binaries/Win64/UnrealEditor.modules" 812
"../../../Engine/Plugins/Editor/MaterialAnalyzer/Binaries/Win64/UnrealEditor.modules" 813
"../../../Engine/Plugins/Editor/MobileLauncherProfileWizard/Binaries/Win64/UnrealEditor.modules" 814
"../../../Engine/Plugins/Editor/SequencerAnimTools/Binaries/Win64/UnrealEditor.modules" 815
"../../../Engine/Plugins/Editor/PluginBrowser/Binaries/Win64/UnrealEditor.modules" 816
"../../../Engine/Plugins/Editor/UVEditor/Binaries/Win64/UnrealEditor.modules" 817
"../../../Engine/Plugins/Editor/WorldPartitionHLODUtilities/Binaries/Win64/UnrealEditor.modules" 818
"../../../Engine/Plugins/Experimental/AutomationUtils/Binaries/Win64/UnrealEditor.modules" 819
"../../../Engine/Plugins/Experimental/ChaosCloth/Binaries/Win64/UnrealEditor.modules" 820
"../../../Engine/Plugins/Experimental/ChaosCaching/Binaries/Win64/UnrealEditor.modules" 821
"../../../Engine/Plugins/VirtualProduction/Takes/Binaries/Win64/UnrealEditor.modules" 822
"../../../Engine/Plugins/Experimental/ChaosClothEditor/Binaries/Win64/UnrealEditor.modules" 823
"../../../Engine/Plugins/Experimental/ChaosEditor/Binaries/Win64/UnrealEditor.modules" 824
"../../../Engine/Plugins/Experimental/PlanarCutPlugin/Binaries/Win64/UnrealEditor.modules" 825
"../../../Engine/Plugins/Experimental/GeometryCollectionPlugin/Binaries/Win64/UnrealEditor.modules" 826
"../../../Engine/Plugins/Experimental/Fracture/Binaries/Win64/UnrealEditor.modules" 827
"../../../Engine/Plugins/Experimental/ChaosSolverPlugin/Binaries/Win64/UnrealEditor.modules" 828
"../../../Engine/Plugins/Experimental/Dataflow/Binaries/Win64/UnrealEditor.modules" 829
"../../../Engine/Plugins/Experimental/ChaosNiagara/Binaries/Win64/UnrealEditor.modules" 830
"../../../Engine/Plugins/Experimental/BackChannel/Binaries/Win64/UnrealEditor.modules" 831
"../../../Engine/Plugins/Experimental/ChaosUserDataPT/Binaries/Win64/UnrealEditor.modules" 832
"../../../Engine/Plugins/Experimental/CharacterAI/Binaries/Win64/UnrealEditor.modules" 833
"../../../Engine/Plugins/Editor/SpeedTreeImporter/Binaries/Win64/UnrealEditor.modules" 834
"../../../Engine/Plugins/Experimental/OpenImageDenoise/Binaries/Win64/UnrealEditor.modules" 835
"../../../Engine/Plugins/Experimental/PlatformCrypto/Binaries/Win64/UnrealEditor.modules" 836
"../../../Engine/Plugins/Experimental/SkeletalReduction/Binaries/Win64/UnrealEditor.modules" 837
"../../../Engine/Plugins/Messaging/TcpMessaging/Binaries/Win64/UnrealEditor.modules" 838
"../../../Engine/Plugins/Messaging/UdpMessaging/Binaries/Win64/UnrealEditor.modules" 839
"../../../Engine/Plugins/Experimental/LocalizableMessage/Binaries/Win64/UnrealEditor.modules" 840
"../../../Engine/Plugins/Experimental/StructUtils/Binaries/Win64/UnrealEditor.modules" 841
"../../../Engine/Plugins/2D/Paper2D/Binaries/Win64/UnrealEditor.modules" 842
"../../../Engine/Plugins/Editor/Localization/PortableObjectFileDataSource/Binaries/Win64/UnrealEditor.modules" 843
"../../../Engine/Plugins/Editor/ContentBrowser/ContentBrowserClassDataSource/Binaries/Win64/UnrealEditor.modules" 844
"../../../Engine/Plugins/Editor/ObjectMixer/LightMixer/Binaries/Win64/UnrealEditor.modules" 845
"../../../Engine/Plugins/Editor/ObjectMixer/ObjectMixer/Binaries/Win64/UnrealEditor.modules" 846
"../../../Engine/Plugins/Editor/ContentBrowser/ContentBrowserAssetDataSource/Binaries/Win64/UnrealEditor.modules" 847
"C:/Users/Abies/AppData/Local/UnrealEngine/5.3/Saved/Config/WindowsEditor/SourceControlSettings.ini" 848
"../../../Engine/Content/Certificates/ThirdParty/cacert.pem" 849
"../../../Engine/Config/ConsoleVariables.ini" 850
"../../../Engine/Binaries/Win64/Android/UnrealEditor.modules" 851
"../../../Engine/Binaries/Win64/IOS/UnrealEditor.modules" 852
"../../../Engine/Binaries/Win64/Linux/UnrealEditor.modules" 853
"../../../Engine/Binaries/Win64/LinuxArm64/UnrealEditor.modules" 854
"../../../Engine/Plugins/Online/OnlineSubsystem/Content/Localization/OnlineSubsystem/ru/OnlineSubsystem.locres" 855
"../../../Engine/Plugins/Online/OnlineSubsystemUtils/Content/Localization/OnlineSubsystemUtils/ru/OnlineSubsystemUtils.locres" 856
"../../../Engine/Plugins/Online/Android/OnlineSubsystemGooglePlay/Content/Localization/OnlineSubsystemGooglePlay/ru/OnlineSubsystemGooglePlay.locres" 857
"../../../Engine/Plugins/Online/IOS/OnlineSubsystemIOS/Content/Localization/OnlineSubsystemIOS/ru/OnlineSubsystemIOS.locres" 858
"../../../Engine/Content/Internationalization/icudt64l/numberingSystems.res" 859
"../../../Engine/Content/Internationalization/icudt64l/curr/supplementalData.res" 860
"../../../Engine/Content/Internationalization/icudt64l/curr/ru.res" 861
"../../../Engine/Content/Internationalization/icudt64l/curr/pool.res" 862
"../../../Engine/Content/Internationalization/icudt64l/curr/root.res" 863
"../../../Engine/Content/Internationalization/icudt64l/lang/af.res" 864
"../../../Engine/Content/Internationalization/icudt64l/region/af.res" 865
"../../../Engine/Content/Internationalization/icudt64l/lang/agq.res" 866
"../../../Engine/Content/Internationalization/icudt64l/region/agq.res" 867
"../../../Engine/Content/Internationalization/icudt64l/lang/ak.res" 868
"../../../Engine/Content/Internationalization/icudt64l/region/ak.res" 869
"../../../Engine/Content/Internationalization/icudt64l/lang/am.res" 870
"../../../Engine/Content/Internationalization/icudt64l/region/am.res" 871
"../../../Engine/Content/Internationalization/icudt64l/lang/ar.res" 872
"../../../Engine/Content/Internationalization/icudt64l/region/ar.res" 873
"../../../Engine/Content/Internationalization/icudt64l/region/ar_AE.res" 874
"../../../Engine/Content/Internationalization/icudt64l/lang/ar_EG.res" 875
"../../../Engine/Content/Internationalization/icudt64l/lang/ar_LY.res" 876
"../../../Engine/Content/Internationalization/icudt64l/region/ar_LY.res" 877
"../../../Engine/Content/Internationalization/icudt64l/lang/ar_SA.res" 878
"../../../Engine/Content/Internationalization/icudt64l/region/ar_SA.res" 879
"../../../Engine/Content/Internationalization/icudt64l/lang/as.res" 880
"../../../Engine/Content/Internationalization/icudt64l/region/as.res" 881
"../../../Engine/Content/Internationalization/icudt64l/lang/asa.res" 882
"../../../Engine/Content/Internationalization/icudt64l/region/asa.res" 883
"../../../Engine/Content/Internationalization/icudt64l/lang/ast.res" 884
"../../../Engine/Content/Internationalization/icudt64l/region/ast.res" 885
"../../../Engine/Content/Internationalization/icudt64l/lang/az.res" 886
"../../../Engine/Content/Internationalization/icudt64l/lang/az_Cyrl.res" 887
"../../../Engine/Content/Internationalization/icudt64l/lang/az_AZ.res" 888
"../../../Engine/Content/Internationalization/icudt64l/lang/az_Latn_AZ.res" 889
"../../../Engine/Content/Internationalization/icudt64l/lang/az_Latn.res" 890
"../../../Engine/Content/Internationalization/icudt64l/region/az_AZ.res" 891
"../../../Engine/Content/Internationalization/icudt64l/region/az_Latn_AZ.res" 892
"../../../Engine/Content/Internationalization/icudt64l/region/az_Latn.res" 893
"../../../Engine/Content/Internationalization/icudt64l/region/az.res" 894
"../../../Engine/Content/Internationalization/icudt64l/region/az_Cyrl.res" 895
"../../../Engine/Content/Internationalization/icudt64l/lang/bas.res" 896
"../../../Engine/Content/Internationalization/icudt64l/region/bas.res" 897
"../../../Engine/Content/Internationalization/icudt64l/lang/be.res" 898
"../../../Engine/Content/Internationalization/icudt64l/region/be.res" 899
"../../../Engine/Content/Internationalization/icudt64l/lang/bem.res" 900
"../../../Engine/Content/Internationalization/icudt64l/region/bem.res" 901
"../../../Engine/Content/Internationalization/icudt64l/lang/bez.res" 902
"../../../Engine/Content/Internationalization/icudt64l/region/bez.res" 903
"../../../Engine/Content/Internationalization/icudt64l/lang/bg.res" 904
"../../../Engine/Content/Internationalization/icudt64l/region/bg.res" 905
"../../../Engine/Content/Internationalization/icudt64l/lang/bm.res" 906
"../../../Engine/Content/Internationalization/icudt64l/region/bm.res" 907
"../../../Engine/Content/Internationalization/icudt64l/lang/bn.res" 908
"../../../Engine/Content/Internationalization/icudt64l/region/bn.res" 909
"../../../Engine/Content/Internationalization/icudt64l/lang/bn_IN.res" 910
"../../../Engine/Content/Internationalization/icudt64l/region/bn_IN.res" 911
"../../../Engine/Content/Internationalization/icudt64l/lang/bo.res" 912
"../../../Engine/Content/Internationalization/icudt64l/region/bo.res" 913
"../../../Engine/Content/Internationalization/icudt64l/region/bo_IN.res" 914
"../../../Engine/Content/Internationalization/icudt64l/lang/br.res" 915
"../../../Engine/Content/Internationalization/icudt64l/region/br.res" 916
"../../../Engine/Content/Internationalization/icudt64l/lang/brx.res" 917
"../../../Engine/Content/Internationalization/icudt64l/region/brx.res" 918
"../../../Engine/Content/Internationalization/icudt64l/lang/bs.res" 919
"../../../Engine/Content/Internationalization/icudt64l/lang/bs_Cyrl.res" 920
"../../../Engine/Content/Internationalization/icudt64l/lang/bs_BA.res" 921
"../../../Engine/Content/Internationalization/icudt64l/lang/bs_Latn_BA.res" 922
"../../../Engine/Content/Internationalization/icudt64l/lang/bs_Latn.res" 923
"../../../Engine/Content/Internationalization/icudt64l/region/bs_BA.res" 924
"../../../Engine/Content/Internationalization/icudt64l/region/bs_Latn_BA.res" 925
"../../../Engine/Content/Internationalization/icudt64l/region/bs_Latn.res" 926
"../../../Engine/Content/Internationalization/icudt64l/region/bs.res" 927
"../../../Engine/Content/Internationalization/icudt64l/region/bs_Cyrl.res" 928
"../../../Engine/Content/Internationalization/icudt64l/lang/ca.res" 929
"../../../Engine/Content/Internationalization/icudt64l/region/ca.res" 930
"../../../Engine/Content/Internationalization/icudt64l/lang/ccp.res" 931
"../../../Engine/Content/Internationalization/icudt64l/region/ccp.res" 932
"../../../Engine/Content/Internationalization/icudt64l/lang/ce.res" 933
"../../../Engine/Content/Internationalization/icudt64l/region/ce.res" 934
"../../../Engine/Content/Internationalization/icudt64l/lang/ceb.res" 935
"../../../Engine/Content/Internationalization/icudt64l/region/ceb.res" 936
"../../../Engine/Content/Internationalization/icudt64l/lang/cgg.res" 937
"../../../Engine/Content/Internationalization/icudt64l/region/cgg.res" 938
"../../../Engine/Content/Internationalization/icudt64l/lang/chr.res" 939
"../../../Engine/Content/Internationalization/icudt64l/region/chr.res" 940
"../../../Engine/Content/Internationalization/icudt64l/lang/ckb.res" 941
"../../../Engine/Content/Internationalization/icudt64l/region/ckb.res" 942
"../../../Engine/Content/Internationalization/icudt64l/lang/cs.res" 943
"../../../Engine/Content/Internationalization/icudt64l/region/cs.res" 944
"../../../Engine/Content/Internationalization/icudt64l/lang/cy.res" 945
"../../../Engine/Content/Internationalization/icudt64l/region/cy.res" 946
"../../../Engine/Content/Internationalization/icudt64l/lang/da.res" 947
"../../../Engine/Content/Internationalization/icudt64l/region/da.res" 948
"../../../Engine/Content/Internationalization/icudt64l/lang/dav.res" 949
"../../../Engine/Content/Internationalization/icudt64l/region/dav.res" 950
"../../../Engine/Content/Internationalization/icudt64l/lang/de.res" 951
"../../../Engine/Content/Internationalization/icudt64l/lang/de_AT.res" 952
"../../../Engine/Content/Internationalization/icudt64l/region/de_AT.res" 953
"../../../Engine/Content/Internationalization/icudt64l/region/de.res" 954
"../../../Engine/Content/Internationalization/icudt64l/lang/de_CH.res" 955
"../../../Engine/Content/Internationalization/icudt64l/region/de_CH.res" 956
"../../../Engine/Content/Internationalization/icudt64l/lang/de_LU.res" 957
"../../../Engine/Content/Internationalization/icudt64l/lang/dje.res" 958
"../../../Engine/Content/Internationalization/icudt64l/region/dje.res" 959
"../../../Engine/Content/Internationalization/icudt64l/lang/dsb.res" 960
"../../../Engine/Content/Internationalization/icudt64l/region/dsb.res" 961
"../../../Engine/Content/Internationalization/icudt64l/lang/dua.res" 962
"../../../Engine/Content/Internationalization/icudt64l/region/dua.res" 963
"../../../Engine/Content/Internationalization/icudt64l/lang/dyo.res" 964
"../../../Engine/Content/Internationalization/icudt64l/region/dyo.res" 965
"../../../Engine/Content/Internationalization/icudt64l/lang/dz.res" 966
"../../../Engine/Content/Internationalization/icudt64l/region/dz.res" 967
"../../../Engine/Content/Internationalization/icudt64l/lang/ebu.res" 968
"../../../Engine/Content/Internationalization/icudt64l/region/ebu.res" 969
"../../../Engine/Content/Internationalization/icudt64l/lang/ee.res" 970
"../../../Engine/Content/Internationalization/icudt64l/region/ee.res" 971
"../../../Engine/Content/Internationalization/icudt64l/lang/el.res" 972
"../../../Engine/Content/Internationalization/icudt64l/region/el.res" 973
"../../../Engine/Content/Internationalization/icudt64l/lang/en_001.res" 974
"../../../Engine/Content/Internationalization/icudt64l/lang/en_150.res" 975
"../../../Engine/Content/Internationalization/icudt64l/region/en_150.res" 976
"../../../Engine/Content/Internationalization/icudt64l/lang/en_AG.res" 977
"../../../Engine/Content/Internationalization/icudt64l/region/en_AG.res" 978
"../../../Engine/Content/Internationalization/icudt64l/lang/en_AI.res" 979
"../../../Engine/Content/Internationalization/icudt64l/region/en_AI.res" 980
"../../../Engine/Content/Internationalization/icudt64l/lang/en_AT.res" 981
"../../../Engine/Content/Internationalization/icudt64l/region/en_AT.res" 982
"../../../Engine/Content/Internationalization/icudt64l/lang/en_AU.res" 983
"../../../Engine/Content/Internationalization/icudt64l/region/en_AU.res" 984
"../../../Engine/Content/Internationalization/icudt64l/lang/en_BB.res" 985
"../../../Engine/Content/Internationalization/icudt64l/region/en_BB.res" 986
"../../../Engine/Content/Internationalization/icudt64l/lang/en_BE.res" 987
"../../../Engine/Content/Internationalization/icudt64l/region/en_BE.res" 988
"../../../Engine/Content/Internationalization/icudt64l/lang/en_BM.res" 989
"../../../Engine/Content/Internationalization/icudt64l/region/en_BM.res" 990
"../../../Engine/Content/Internationalization/icudt64l/lang/en_BS.res" 991
"../../../Engine/Content/Internationalization/icudt64l/region/en_BS.res" 992
"../../../Engine/Content/Internationalization/icudt64l/lang/en_BW.res" 993
"../../../Engine/Content/Internationalization/icudt64l/region/en_BW.res" 994
"../../../Engine/Content/Internationalization/icudt64l/lang/en_BZ.res" 995
"../../../Engine/Content/Internationalization/icudt64l/region/en_BZ.res" 996
"../../../Engine/Content/Internationalization/icudt64l/lang/en_CA.res" 997
"../../../Engine/Content/Internationalization/icudt64l/region/en_CA.res" 998
"../../../Engine/Content/Internationalization/icudt64l/lang/en_CC.res" 999
"../../../Engine/Content/Internationalization/icudt64l/region/en_CC.res" 1000
"../../../Engine/Content/Internationalization/icudt64l/lang/en_CH.res" 1001
"../../../Engine/Content/Internationalization/icudt64l/region/en_CH.res" 1002
"../../../Engine/Content/Internationalization/icudt64l/lang/en_CK.res" 1003
"../../../Engine/Content/Internationalization/icudt64l/region/en_CK.res" 1004
"../../../Engine/Content/Internationalization/icudt64l/lang/en_CM.res" 1005
"../../../Engine/Content/Internationalization/icudt64l/region/en_CM.res" 1006
"../../../Engine/Content/Internationalization/icudt64l/lang/en_CX.res" 1007
"../../../Engine/Content/Internationalization/icudt64l/region/en_CX.res" 1008
"../../../Engine/Content/Internationalization/icudt64l/lang/en_CY.res" 1009
"../../../Engine/Content/Internationalization/icudt64l/region/en_CY.res" 1010
"../../../Engine/Content/Internationalization/icudt64l/lang/en_DE.res" 1011
"../../../Engine/Content/Internationalization/icudt64l/region/en_DE.res" 1012
"../../../Engine/Content/Internationalization/icudt64l/lang/en_DG.res" 1013
"../../../Engine/Content/Internationalization/icudt64l/region/en_DG.res" 1014
"../../../Engine/Content/Internationalization/icudt64l/lang/en_DK.res" 1015
"../../../Engine/Content/Internationalization/icudt64l/region/en_DK.res" 1016
"../../../Engine/Content/Internationalization/icudt64l/lang/en_DM.res" 1017
"../../../Engine/Content/Internationalization/icudt64l/region/en_DM.res" 1018
"../../../Engine/Content/Internationalization/icudt64l/lang/en_ER.res" 1019
"../../../Engine/Content/Internationalization/icudt64l/region/en_ER.res" 1020
"../../../Engine/Content/Internationalization/icudt64l/lang/en_FI.res" 1021
"../../../Engine/Content/Internationalization/icudt64l/region/en_FI.res" 1022
"../../../Engine/Content/Internationalization/icudt64l/lang/en_FJ.res" 1023
"../../../Engine/Content/Internationalization/icudt64l/region/en_FJ.res" 1024
"../../../Engine/Content/Internationalization/icudt64l/lang/en_FK.res" 1025
"../../../Engine/Content/Internationalization/icudt64l/region/en_FK.res" 1026
"../../../Engine/Content/Internationalization/icudt64l/lang/en_FM.res" 1027
"../../../Engine/Content/Internationalization/icudt64l/region/en_FM.res" 1028
"../../../Engine/Content/Internationalization/icudt64l/lang/en_GB.res" 1029
"../../../Engine/Content/Internationalization/icudt64l/region/en_GB.res" 1030
"../../../Engine/Content/Internationalization/icudt64l/lang/en_GD.res" 1031
"../../../Engine/Content/Internationalization/icudt64l/region/en_GD.res" 1032
"../../../Engine/Content/Internationalization/icudt64l/lang/en_GG.res" 1033
"../../../Engine/Content/Internationalization/icudt64l/region/en_GG.res" 1034
"../../../Engine/Content/Internationalization/icudt64l/lang/en_GH.res" 1035
"../../../Engine/Content/Internationalization/icudt64l/region/en_GH.res" 1036
"../../../Engine/Content/Internationalization/icudt64l/lang/en_GI.res" 1037
"../../../Engine/Content/Internationalization/icudt64l/region/en_GI.res" 1038
"../../../Engine/Content/Internationalization/icudt64l/lang/en_GM.res" 1039
"../../../Engine/Content/Internationalization/icudt64l/region/en_GM.res" 1040
"../../../Engine/Content/Internationalization/icudt64l/lang/en_GY.res" 1041
"../../../Engine/Content/Internationalization/icudt64l/region/en_GY.res" 1042
"../../../Engine/Content/Internationalization/icudt64l/lang/en_HK.res" 1043
"../../../Engine/Content/Internationalization/icudt64l/region/en_HK.res" 1044
"../../../Engine/Content/Internationalization/icudt64l/lang/en_IE.res" 1045
"../../../Engine/Content/Internationalization/icudt64l/region/en_IE.res" 1046
"../../../Engine/Content/Internationalization/icudt64l/lang/en_IL.res" 1047
"../../../Engine/Content/Internationalization/icudt64l/region/en_IL.res" 1048
"../../../Engine/Content/Internationalization/icudt64l/lang/en_IM.res" 1049
"../../../Engine/Content/Internationalization/icudt64l/region/en_IM.res" 1050
"../../../Engine/Content/Internationalization/icudt64l/lang/en_IN.res" 1051
"../../../Engine/Content/Internationalization/icudt64l/region/en_IN.res" 1052
"../../../Engine/Content/Internationalization/icudt64l/lang/en_IO.res" 1053
"../../../Engine/Content/Internationalization/icudt64l/region/en_IO.res" 1054
"../../../Engine/Content/Internationalization/icudt64l/lang/en_JE.res" 1055
"../../../Engine/Content/Internationalization/icudt64l/region/en_JE.res" 1056
"../../../Engine/Content/Internationalization/icudt64l/lang/en_JM.res" 1057
"../../../Engine/Content/Internationalization/icudt64l/region/en_JM.res" 1058
"../../../Engine/Content/Internationalization/icudt64l/lang/en_KE.res" 1059
"../../../Engine/Content/Internationalization/icudt64l/region/en_KE.res" 1060
"../../../Engine/Content/Internationalization/icudt64l/lang/en_KI.res" 1061
"../../../Engine/Content/Internationalization/icudt64l/region/en_KI.res" 1062
"../../../Engine/Content/Internationalization/icudt64l/lang/en_KN.res" 1063
"../../../Engine/Content/Internationalization/icudt64l/region/en_KN.res" 1064
"../../../Engine/Content/Internationalization/icudt64l/lang/en_KY.res" 1065
"../../../Engine/Content/Internationalization/icudt64l/region/en_KY.res" 1066
"../../../Engine/Content/Internationalization/icudt64l/lang/en_LC.res" 1067
"../../../Engine/Content/Internationalization/icudt64l/region/en_LC.res" 1068
"../../../Engine/Content/Internationalization/icudt64l/lang/en_LR.res" 1069
"../../../Engine/Content/Internationalization/icudt64l/region/en_LR.res" 1070
"../../../Engine/Content/Internationalization/icudt64l/lang/en_LS.res" 1071
"../../../Engine/Content/Internationalization/icudt64l/region/en_LS.res" 1072
"../../../Engine/Content/Internationalization/icudt64l/lang/en_MG.res" 1073
"../../../Engine/Content/Internationalization/icudt64l/region/en_MG.res" 1074
"../../../Engine/Content/Internationalization/icudt64l/lang/en_MO.res" 1075
"../../../Engine/Content/Internationalization/icudt64l/region/en_MO.res" 1076
"../../../Engine/Content/Internationalization/icudt64l/lang/en_MS.res" 1077
"../../../Engine/Content/Internationalization/icudt64l/region/en_MS.res" 1078
"../../../Engine/Content/Internationalization/icudt64l/lang/en_MT.res" 1079
"../../../Engine/Content/Internationalization/icudt64l/region/en_MT.res" 1080
"../../../Engine/Content/Internationalization/icudt64l/lang/en_MU.res" 1081
"../../../Engine/Content/Internationalization/icudt64l/region/en_MU.res" 1082
"../../../Engine/Content/Internationalization/icudt64l/lang/en_MW.res" 1083
"../../../Engine/Content/Internationalization/icudt64l/region/en_MW.res" 1084
"../../../Engine/Content/Internationalization/icudt64l/lang/en_MY.res" 1085
"../../../Engine/Content/Internationalization/icudt64l/region/en_MY.res" 1086
"../../../Engine/Content/Internationalization/icudt64l/lang/en_NA.res" 1087
"../../../Engine/Content/Internationalization/icudt64l/region/en_NA.res" 1088
"../../../Engine/Content/Internationalization/icudt64l/lang/en_NF.res" 1089
"../../../Engine/Content/Internationalization/icudt64l/region/en_NF.res" 1090
"../../../Engine/Content/Internationalization/icudt64l/lang/en_NG.res" 1091
"../../../Engine/Content/Internationalization/icudt64l/region/en_NG.res" 1092
"../../../Engine/Content/Internationalization/icudt64l/lang/en_NL.res" 1093
"../../../Engine/Content/Internationalization/icudt64l/region/en_NL.res" 1094
"../../../Engine/Content/Internationalization/icudt64l/lang/en_NR.res" 1095
"../../../Engine/Content/Internationalization/icudt64l/region/en_NR.res" 1096
"../../../Engine/Content/Internationalization/icudt64l/lang/en_NU.res" 1097
"../../../Engine/Content/Internationalization/icudt64l/region/en_NU.res" 1098
"../../../Engine/Content/Internationalization/icudt64l/lang/en_NZ.res" 1099
"../../../Engine/Content/Internationalization/icudt64l/region/en_NZ.res" 1100
"../../../Engine/Content/Internationalization/icudt64l/lang/en_PG.res" 1101
"../../../Engine/Content/Internationalization/icudt64l/region/en_PG.res" 1102
"../../../Engine/Content/Internationalization/icudt64l/lang/en_PH.res" 1103
"../../../Engine/Content/Internationalization/icudt64l/region/en_PH.res" 1104
"../../../Engine/Content/Internationalization/icudt64l/lang/en_PK.res" 1105
"../../../Engine/Content/Internationalization/icudt64l/region/en_PK.res" 1106
"../../../Engine/Content/Internationalization/icudt64l/lang/en_PN.res" 1107
"../../../Engine/Content/Internationalization/icudt64l/region/en_PN.res" 1108
"../../../Engine/Content/Internationalization/icudt64l/lang/en_PW.res" 1109
"../../../Engine/Content/Internationalization/icudt64l/region/en_PW.res" 1110
"../../../Engine/Content/Internationalization/icudt64l/lang/en_RW.res" 1111
"../../../Engine/Content/Internationalization/icudt64l/region/en_RW.res" 1112
"../../../Engine/Content/Internationalization/icudt64l/lang/en_SB.res" 1113
"../../../Engine/Content/Internationalization/icudt64l/region/en_SB.res" 1114
"../../../Engine/Content/Internationalization/icudt64l/lang/en_SC.res" 1115
"../../../Engine/Content/Internationalization/icudt64l/region/en_SC.res" 1116
"../../../Engine/Content/Internationalization/icudt64l/lang/en_SD.res" 1117
"../../../Engine/Content/Internationalization/icudt64l/region/en_SD.res" 1118
"../../../Engine/Content/Internationalization/icudt64l/lang/en_SE.res" 1119
"../../../Engine/Content/Internationalization/icudt64l/region/en_SE.res" 1120
"../../../Engine/Content/Internationalization/icudt64l/lang/en_SG.res" 1121
"../../../Engine/Content/Internationalization/icudt64l/region/en_SG.res" 1122
"../../../Engine/Content/Internationalization/icudt64l/lang/en_SH.res" 1123
"../../../Engine/Content/Internationalization/icudt64l/region/en_SH.res" 1124
"../../../Engine/Content/Internationalization/icudt64l/lang/en_SI.res" 1125
"../../../Engine/Content/Internationalization/icudt64l/region/en_SI.res" 1126
"../../../Engine/Content/Internationalization/icudt64l/lang/en_SL.res" 1127
"../../../Engine/Content/Internationalization/icudt64l/region/en_SL.res" 1128
"../../../Engine/Content/Internationalization/icudt64l/lang/en_SS.res" 1129
"../../../Engine/Content/Internationalization/icudt64l/region/en_SS.res" 1130
"../../../Engine/Content/Internationalization/icudt64l/lang/en_SX.res" 1131
"../../../Engine/Content/Internationalization/icudt64l/region/en_SX.res" 1132
"../../../Engine/Content/Internationalization/icudt64l/lang/en_SZ.res" 1133
"../../../Engine/Content/Internationalization/icudt64l/region/en_SZ.res" 1134
"../../../Engine/Content/Internationalization/icudt64l/lang/en_TC.res" 1135
"../../../Engine/Content/Internationalization/icudt64l/region/en_TC.res" 1136
"../../../Engine/Content/Internationalization/icudt64l/lang/en_TK.res" 1137
"../../../Engine/Content/Internationalization/icudt64l/region/en_TK.res" 1138
"../../../Engine/Content/Internationalization/icudt64l/lang/en_TO.res" 1139
"../../../Engine/Content/Internationalization/icudt64l/region/en_TO.res" 1140
"../../../Engine/Content/Internationalization/icudt64l/lang/en_TT.res" 1141
"../../../Engine/Content/Internationalization/icudt64l/region/en_TT.res" 1142
"../../../Engine/Content/Internationalization/icudt64l/lang/en_TV.res" 1143
"../../../Engine/Content/Internationalization/icudt64l/region/en_TV.res" 1144
"../../../Engine/Content/Internationalization/icudt64l/lang/en_TZ.res" 1145
"../../../Engine/Content/Internationalization/icudt64l/region/en_TZ.res" 1146
"../../../Engine/Content/Internationalization/icudt64l/lang/en_UG.res" 1147
"../../../Engine/Content/Internationalization/icudt64l/region/en_UG.res" 1148
"../../../Engine/Content/Internationalization/icudt64l/lang/en_VC.res" 1149
"../../../Engine/Content/Internationalization/icudt64l/region/en_VC.res" 1150
"../../../Engine/Content/Internationalization/icudt64l/lang/en_VG.res" 1151
"../../../Engine/Content/Internationalization/icudt64l/region/en_VG.res" 1152
"../../../Engine/Content/Internationalization/icudt64l/lang/en_VU.res" 1153
"../../../Engine/Content/Internationalization/icudt64l/region/en_VU.res" 1154
"../../../Engine/Content/Internationalization/icudt64l/lang/en_WS.res" 1155
"../../../Engine/Content/Internationalization/icudt64l/region/en_WS.res" 1156
"../../../Engine/Content/Internationalization/icudt64l/lang/en_ZA.res" 1157
"../../../Engine/Content/Internationalization/icudt64l/region/en_ZA.res" 1158
"../../../Engine/Content/Internationalization/icudt64l/lang/en_ZM.res" 1159
"../../../Engine/Content/Internationalization/icudt64l/region/en_ZM.res" 1160
"../../../Engine/Content/Internationalization/icudt64l/lang/en_ZW.res" 1161
"../../../Engine/Content/Internationalization/icudt64l/region/en_ZW.res" 1162
"../../../Engine/Content/Internationalization/icudt64l/lang/eo.res" 1163
"../../../Engine/Content/Internationalization/icudt64l/region/eo.res" 1164
"../../../Engine/Content/Internationalization/icudt64l/lang/es.res" 1165
"../../../Engine/Content/Internationalization/icudt64l/lang/es_419.res" 1166
"../../../Engine/Content/Internationalization/icudt64l/region/es_419.res" 1167
"../../../Engine/Content/Internationalization/icudt64l/region/es.res" 1168
"../../../Engine/Content/Internationalization/icudt64l/lang/es_AR.res" 1169
"../../../Engine/Content/Internationalization/icudt64l/region/es_AR.res" 1170
"../../../Engine/Content/Internationalization/icudt64l/lang/es_BO.res" 1171
"../../../Engine/Content/Internationalization/icudt64l/region/es_BO.res" 1172
"../../../Engine/Content/Internationalization/icudt64l/lang/es_BR.res" 1173
"../../../Engine/Content/Internationalization/icudt64l/region/es_BR.res" 1174
"../../../Engine/Content/Internationalization/icudt64l/lang/es_BZ.res" 1175
"../../../Engine/Content/Internationalization/icudt64l/region/es_BZ.res" 1176
"../../../Engine/Content/Internationalization/icudt64l/lang/es_CL.res" 1177
"../../../Engine/Content/Internationalization/icudt64l/region/es_CL.res" 1178
"../../../Engine/Content/Internationalization/icudt64l/lang/es_CO.res" 1179
"../../../Engine/Content/Internationalization/icudt64l/region/es_CO.res" 1180
"../../../Engine/Content/Internationalization/icudt64l/lang/es_CR.res" 1181
"../../../Engine/Content/Internationalization/icudt64l/region/es_CR.res" 1182
"../../../Engine/Content/Internationalization/icudt64l/lang/es_CU.res" 1183
"../../../Engine/Content/Internationalization/icudt64l/region/es_CU.res" 1184
"../../../Engine/Content/Internationalization/icudt64l/lang/es_DO.res" 1185
"../../../Engine/Content/Internationalization/icudt64l/region/es_DO.res" 1186
"../../../Engine/Content/Internationalization/icudt64l/lang/es_EC.res" 1187
"../../../Engine/Content/Internationalization/icudt64l/region/es_EC.res" 1188
"../../../Engine/Content/Internationalization/icudt64l/lang/es_GT.res" 1189
"../../../Engine/Content/Internationalization/icudt64l/region/es_GT.res" 1190
"../../../Engine/Content/Internationalization/icudt64l/lang/es_HN.res" 1191
"../../../Engine/Content/Internationalization/icudt64l/region/es_HN.res" 1192
"../../../Engine/Content/Internationalization/icudt64l/lang/es_MX.res" 1193
"../../../Engine/Content/Internationalization/icudt64l/region/es_MX.res" 1194
"../../../Engine/Content/Internationalization/icudt64l/lang/es_NI.res" 1195
"../../../Engine/Content/Internationalization/icudt64l/region/es_NI.res" 1196
"../../../Engine/Content/Internationalization/icudt64l/lang/es_PA.res" 1197
"../../../Engine/Content/Internationalization/icudt64l/region/es_PA.res" 1198
"../../../Engine/Content/Internationalization/icudt64l/lang/es_PE.res" 1199
"../../../Engine/Content/Internationalization/icudt64l/region/es_PE.res" 1200
"../../../Engine/Content/Internationalization/icudt64l/lang/es_PR.res" 1201
"../../../Engine/Content/Internationalization/icudt64l/region/es_PR.res" 1202
"../../../Engine/Content/Internationalization/icudt64l/lang/es_PY.res" 1203
"../../../Engine/Content/Internationalization/icudt64l/region/es_PY.res" 1204
"../../../Engine/Content/Internationalization/icudt64l/lang/es_SV.res" 1205
"../../../Engine/Content/Internationalization/icudt64l/region/es_SV.res" 1206
"../../../Engine/Content/Internationalization/icudt64l/lang/es_US.res" 1207
"../../../Engine/Content/Internationalization/icudt64l/region/es_US.res" 1208
"../../../Engine/Content/Internationalization/icudt64l/lang/es_UY.res" 1209
"../../../Engine/Content/Internationalization/icudt64l/region/es_UY.res" 1210
"../../../Engine/Content/Internationalization/icudt64l/lang/es_VE.res" 1211
"../../../Engine/Content/Internationalization/icudt64l/region/es_VE.res" 1212
"../../../Engine/Content/Internationalization/icudt64l/lang/et.res" 1213
"../../../Engine/Content/Internationalization/icudt64l/region/et.res" 1214
"../../../Engine/Content/Internationalization/icudt64l/lang/eu.res" 1215
"../../../Engine/Content/Internationalization/icudt64l/region/eu.res" 1216
"../../../Engine/Content/Internationalization/icudt64l/lang/ewo.res" 1217
"../../../Engine/Content/Internationalization/icudt64l/region/ewo.res" 1218
"../../../Engine/Content/Internationalization/icudt64l/lang/fa.res" 1219
"../../../Engine/Content/Internationalization/icudt64l/lang/fa_AF.res" 1220
"../../../Engine/Content/Internationalization/icudt64l/region/fa_AF.res" 1221
"../../../Engine/Content/Internationalization/icudt64l/region/fa.res" 1222
"../../../Engine/Content/Internationalization/icudt64l/lang/ff.res" 1223
"../../../Engine/Content/Internationalization/icudt64l/lang/ff_Latn.res" 1224
"../../../Engine/Content/Internationalization/icudt64l/region/ff.res" 1225
"../../../Engine/Content/Internationalization/icudt64l/region/ff_Latn.res" 1226
"../../../Engine/Content/Internationalization/icudt64l/lang/ff_CM.res" 1227
"../../../Engine/Content/Internationalization/icudt64l/lang/ff_Latn_CM.res" 1228
"../../../Engine/Content/Internationalization/icudt64l/region/ff_CM.res" 1229
"../../../Engine/Content/Internationalization/icudt64l/region/ff_Latn_CM.res" 1230
"../../../Engine/Content/Internationalization/icudt64l/lang/ff_GN.res" 1231
"../../../Engine/Content/Internationalization/icudt64l/lang/ff_Latn_GN.res" 1232
"../../../Engine/Content/Internationalization/icudt64l/region/ff_GN.res" 1233
"../../../Engine/Content/Internationalization/icudt64l/region/ff_Latn_GN.res" 1234
"../../../Engine/Content/Internationalization/icudt64l/lang/ff_MR.res" 1235
"../../../Engine/Content/Internationalization/icudt64l/lang/ff_Latn_MR.res" 1236
"../../../Engine/Content/Internationalization/icudt64l/region/ff_MR.res" 1237
"../../../Engine/Content/Internationalization/icudt64l/region/ff_Latn_MR.res" 1238
"../../../Engine/Content/Internationalization/icudt64l/lang/ff_SN.res" 1239
"../../../Engine/Content/Internationalization/icudt64l/lang/ff_Latn_SN.res" 1240
"../../../Engine/Content/Internationalization/icudt64l/region/ff_SN.res" 1241
"../../../Engine/Content/Internationalization/icudt64l/region/ff_Latn_SN.res" 1242
"../../../Engine/Content/Internationalization/icudt64l/lang/fi.res" 1243
"../../../Engine/Content/Internationalization/icudt64l/region/fi.res" 1244
"../../../Engine/Content/Internationalization/icudt64l/lang/fil.res" 1245
"../../../Engine/Content/Internationalization/icudt64l/lang/fil_PH.res" 1246
"../../../Engine/Content/Internationalization/icudt64l/region/fil_PH.res" 1247
"../../../Engine/Content/Internationalization/icudt64l/region/fil.res" 1248
"../../../Engine/Content/Internationalization/icudt64l/lang/fo.res" 1249
"../../../Engine/Content/Internationalization/icudt64l/region/fo.res" 1250
"../../../Engine/Content/Internationalization/icudt64l/lang/fr.res" 1251
"../../../Engine/Content/Internationalization/icudt64l/lang/fr_BE.res" 1252
"../../../Engine/Content/Internationalization/icudt64l/region/fr_BE.res" 1253
"../../../Engine/Content/Internationalization/icudt64l/region/fr.res" 1254
"../../../Engine/Content/Internationalization/icudt64l/lang/fr_CA.res" 1255
"../../../Engine/Content/Internationalization/icudt64l/region/fr_CA.res" 1256
"../../../Engine/Content/Internationalization/icudt64l/lang/fr_CH.res" 1257
"../../../Engine/Content/Internationalization/icudt64l/lang/fur.res" 1258
"../../../Engine/Content/Internationalization/icudt64l/region/fur.res" 1259
"../../../Engine/Content/Internationalization/icudt64l/lang/fy.res" 1260
"../../../Engine/Content/Internationalization/icudt64l/region/fy.res" 1261
"../../../Engine/Content/Internationalization/icudt64l/lang/ga.res" 1262
"../../../Engine/Content/Internationalization/icudt64l/region/ga.res" 1263
"../../../Engine/Content/Internationalization/icudt64l/lang/gd.res" 1264
"../../../Engine/Content/Internationalization/icudt64l/region/gd.res" 1265
"../../../Engine/Content/Internationalization/icudt64l/lang/gl.res" 1266
"../../../Engine/Content/Internationalization/icudt64l/region/gl.res" 1267
"../../../Engine/Content/Internationalization/icudt64l/lang/gsw.res" 1268
"../../../Engine/Content/Internationalization/icudt64l/region/gsw.res" 1269
"../../../Engine/Content/Internationalization/icudt64l/lang/gu.res" 1270
"../../../Engine/Content/Internationalization/icudt64l/region/gu.res" 1271
"../../../Engine/Content/Internationalization/icudt64l/lang/guz.res" 1272
"../../../Engine/Content/Internationalization/icudt64l/region/guz.res" 1273
"../../../Engine/Content/Internationalization/icudt64l/lang/gv.res" 1274
"../../../Engine/Content/Internationalization/icudt64l/region/gv.res" 1275
"../../../Engine/Content/Internationalization/icudt64l/lang/ha.res" 1276
"../../../Engine/Content/Internationalization/icudt64l/region/ha.res" 1277
"../../../Engine/Content/Internationalization/icudt64l/lang/ha_NE.res" 1278
"../../../Engine/Content/Internationalization/icudt64l/region/ha_NE.res" 1279
"../../../Engine/Content/Internationalization/icudt64l/lang/haw.res" 1280
"../../../Engine/Content/Internationalization/icudt64l/region/haw.res" 1281
"../../../Engine/Content/Internationalization/icudt64l/lang/he.res" 1282
"../../../Engine/Content/Internationalization/icudt64l/lang/he_IL.res" 1283
"../../../Engine/Content/Internationalization/icudt64l/region/he_IL.res" 1284
"../../../Engine/Content/Internationalization/icudt64l/region/he.res" 1285
"../../../Engine/Content/Internationalization/icudt64l/lang/hi.res" 1286
"../../../Engine/Content/Internationalization/icudt64l/region/hi.res" 1287
"../../../Engine/Content/Internationalization/icudt64l/lang/hr.res" 1288
"../../../Engine/Content/Internationalization/icudt64l/region/hr.res" 1289
"../../../Engine/Content/Internationalization/icudt64l/lang/hsb.res" 1290
"../../../Engine/Content/Internationalization/icudt64l/region/hsb.res" 1291
"../../../Engine/Content/Internationalization/icudt64l/lang/hu.res" 1292
"../../../Engine/Content/Internationalization/icudt64l/region/hu.res" 1293
"../../../Engine/Content/Internationalization/icudt64l/lang/hy.res" 1294
"../../../Engine/Content/Internationalization/icudt64l/region/hy.res" 1295
"../../../Engine/Content/Internationalization/icudt64l/lang/ia.res" 1296
"../../../Engine/Content/Internationalization/icudt64l/region/ia.res" 1297
"../../../Engine/Content/Internationalization/icudt64l/lang/id.res" 1298
"../../../Engine/Content/Internationalization/icudt64l/lang/id_ID.res" 1299
"../../../Engine/Content/Internationalization/icudt64l/region/id_ID.res" 1300
"../../../Engine/Content/Internationalization/icudt64l/region/id.res" 1301
"../../../Engine/Content/Internationalization/icudt64l/lang/ig.res" 1302
"../../../Engine/Content/Internationalization/icudt64l/region/ig.res" 1303
"../../../Engine/Content/Internationalization/icudt64l/lang/ii.res" 1304
"../../../Engine/Content/Internationalization/icudt64l/region/ii.res" 1305
"../../../Engine/Content/Internationalization/icudt64l/lang/is.res" 1306
"../../../Engine/Content/Internationalization/icudt64l/region/is.res" 1307
"../../../Engine/Content/Internationalization/icudt64l/lang/it.res" 1308
"../../../Engine/Content/Internationalization/icudt64l/region/it.res" 1309
"../../../Engine/Content/Internationalization/icudt64l/lang/ja.res" 1310
"../../../Engine/Content/Internationalization/icudt64l/lang/ja_JP.res" 1311
"../../../Engine/Content/Internationalization/icudt64l/region/ja_JP.res" 1312
"../../../Engine/Content/Internationalization/icudt64l/region/ja.res" 1313
"../../../Engine/Content/Internationalization/icudt64l/lang/jgo.res" 1314
"../../../Engine/Content/Internationalization/icudt64l/region/jgo.res" 1315
"../../../Engine/Content/Internationalization/icudt64l/lang/jmc.res" 1316
"../../../Engine/Content/Internationalization/icudt64l/region/jmc.res" 1317
"../../../Engine/Content/Internationalization/icudt64l/lang/jv.res" 1318
"../../../Engine/Content/Internationalization/icudt64l/region/jv.res" 1319
"../../../Engine/Content/Internationalization/icudt64l/lang/ka.res" 1320
"../../../Engine/Content/Internationalization/icudt64l/region/ka.res" 1321
"../../../Engine/Content/Internationalization/icudt64l/lang/kab.res" 1322
"../../../Engine/Content/Internationalization/icudt64l/region/kab.res" 1323
"../../../Engine/Content/Internationalization/icudt64l/lang/kam.res" 1324
"../../../Engine/Content/Internationalization/icudt64l/region/kam.res" 1325
"../../../Engine/Content/Internationalization/icudt64l/lang/kde.res" 1326
"../../../Engine/Content/Internationalization/icudt64l/region/kde.res" 1327
"../../../Engine/Content/Internationalization/icudt64l/lang/kea.res" 1328
"../../../Engine/Content/Internationalization/icudt64l/region/kea.res" 1329
"../../../Engine/Content/Internationalization/icudt64l/lang/khq.res" 1330
"../../../Engine/Content/Internationalization/icudt64l/region/khq.res" 1331
"../../../Engine/Content/Internationalization/icudt64l/lang/ki.res" 1332
"../../../Engine/Content/Internationalization/icudt64l/region/ki.res" 1333
"../../../Engine/Content/Internationalization/icudt64l/lang/kk.res" 1334
"../../../Engine/Content/Internationalization/icudt64l/region/kk.res" 1335
"../../../Engine/Content/Internationalization/icudt64l/lang/kkj.res" 1336
"../../../Engine/Content/Internationalization/icudt64l/region/kkj.res" 1337
"../../../Engine/Content/Internationalization/icudt64l/lang/kl.res" 1338
"../../../Engine/Content/Internationalization/icudt64l/region/kl.res" 1339
"../../../Engine/Content/Internationalization/icudt64l/lang/kln.res" 1340
"../../../Engine/Content/Internationalization/icudt64l/region/kln.res" 1341
"../../../Engine/Content/Internationalization/icudt64l/lang/km.res" 1342
"../../../Engine/Content/Internationalization/icudt64l/region/km.res" 1343
"../../../Engine/Content/Internationalization/icudt64l/lang/kn.res" 1344
"../../../Engine/Content/Internationalization/icudt64l/region/kn.res" 1345
"../../../Engine/Content/Internationalization/icudt64l/lang/ko.res" 1346
"../../../Engine/Content/Internationalization/icudt64l/region/ko_KP.res" 1347
"../../../Engine/Content/Internationalization/icudt64l/region/ko.res" 1348
"../../../Engine/Content/Internationalization/icudt64l/lang/kok.res" 1349
"../../../Engine/Content/Internationalization/icudt64l/region/kok.res" 1350
"../../../Engine/Content/Internationalization/icudt64l/lang/ks.res" 1351
"../../../Engine/Content/Internationalization/icudt64l/region/ks.res" 1352
"../../../Engine/Content/Internationalization/icudt64l/lang/ksb.res" 1353
"../../../Engine/Content/Internationalization/icudt64l/region/ksb.res" 1354
"../../../Engine/Content/Internationalization/icudt64l/lang/ksf.res" 1355
"../../../Engine/Content/Internationalization/icudt64l/region/ksf.res" 1356
"../../../Engine/Content/Internationalization/icudt64l/lang/ksh.res" 1357
"../../../Engine/Content/Internationalization/icudt64l/region/ksh.res" 1358
"../../../Engine/Content/Internationalization/icudt64l/lang/ku.res" 1359
"../../../Engine/Content/Internationalization/icudt64l/region/ku.res" 1360
"../../../Engine/Content/Internationalization/icudt64l/lang/kw.res" 1361
"../../../Engine/Content/Internationalization/icudt64l/region/kw.res" 1362
"../../../Engine/Content/Internationalization/icudt64l/lang/ky.res" 1363
"../../../Engine/Content/Internationalization/icudt64l/region/ky.res" 1364
"../../../Engine/Content/Internationalization/icudt64l/lang/lag.res" 1365
"../../../Engine/Content/Internationalization/icudt64l/region/lag.res" 1366
"../../../Engine/Content/Internationalization/icudt64l/lang/lb.res" 1367
"../../../Engine/Content/Internationalization/icudt64l/region/lb.res" 1368
"../../../Engine/Content/Internationalization/icudt64l/lang/lg.res" 1369
"../../../Engine/Content/Internationalization/icudt64l/region/lg.res" 1370
"../../../Engine/Content/Internationalization/icudt64l/lang/lkt.res" 1371
"../../../Engine/Content/Internationalization/icudt64l/region/lkt.res" 1372
"../../../Engine/Content/Internationalization/icudt64l/lang/ln.res" 1373
"../../../Engine/Content/Internationalization/icudt64l/region/ln.res" 1374
"../../../Engine/Content/Internationalization/icudt64l/lang/lo.res" 1375
"../../../Engine/Content/Internationalization/icudt64l/region/lo.res" 1376
"../../../Engine/Content/Internationalization/icudt64l/lang/lrc.res" 1377
"../../../Engine/Content/Internationalization/icudt64l/region/lrc.res" 1378
"../../../Engine/Content/Internationalization/icudt64l/lang/lt.res" 1379
"../../../Engine/Content/Internationalization/icudt64l/region/lt.res" 1380
"../../../Engine/Content/Internationalization/icudt64l/lang/lu.res" 1381
"../../../Engine/Content/Internationalization/icudt64l/region/lu.res" 1382
"../../../Engine/Content/Internationalization/icudt64l/lang/luo.res" 1383
"../../../Engine/Content/Internationalization/icudt64l/region/luo.res" 1384
"../../../Engine/Content/Internationalization/icudt64l/lang/luy.res" 1385
"../../../Engine/Content/Internationalization/icudt64l/region/luy.res" 1386
"../../../Engine/Content/Internationalization/icudt64l/lang/lv.res" 1387
"../../../Engine/Content/Internationalization/icudt64l/region/lv.res" 1388
"../../../Engine/Content/Internationalization/icudt64l/lang/mas.res" 1389
"../../../Engine/Content/Internationalization/icudt64l/region/mas.res" 1390
"../../../Engine/Content/Internationalization/icudt64l/lang/mer.res" 1391
"../../../Engine/Content/Internationalization/icudt64l/region/mer.res" 1392
"../../../Engine/Content/Internationalization/icudt64l/lang/mfe.res" 1393
"../../../Engine/Content/Internationalization/icudt64l/region/mfe.res" 1394
"../../../Engine/Content/Internationalization/icudt64l/lang/mg.res" 1395
"../../../Engine/Content/Internationalization/icudt64l/region/mg.res" 1396
"../../../Engine/Content/Internationalization/icudt64l/lang/mgh.res" 1397
"../../../Engine/Content/Internationalization/icudt64l/region/mgh.res" 1398
"../../../Engine/Content/Internationalization/icudt64l/lang/mgo.res" 1399
"../../../Engine/Content/Internationalization/icudt64l/region/mgo.res" 1400
"../../../Engine/Content/Internationalization/icudt64l/lang/mi.res" 1401
"../../../Engine/Content/Internationalization/icudt64l/region/mi.res" 1402
"../../../Engine/Content/Internationalization/icudt64l/lang/mk.res" 1403
"../../../Engine/Content/Internationalization/icudt64l/region/mk.res" 1404
"../../../Engine/Content/Internationalization/icudt64l/lang/ml.res" 1405
"../../../Engine/Content/Internationalization/icudt64l/region/ml.res" 1406
"../../../Engine/Content/Internationalization/icudt64l/lang/mn.res" 1407
"../../../Engine/Content/Internationalization/icudt64l/region/mn.res" 1408
"../../../Engine/Content/Internationalization/icudt64l/lang/mr.res" 1409
"../../../Engine/Content/Internationalization/icudt64l/region/mr.res" 1410
"../../../Engine/Content/Internationalization/icudt64l/lang/ms.res" 1411
"../../../Engine/Content/Internationalization/icudt64l/region/ms.res" 1412
"../../../Engine/Content/Internationalization/icudt64l/lang/mt.res" 1413
"../../../Engine/Content/Internationalization/icudt64l/region/mt.res" 1414
"../../../Engine/Content/Internationalization/icudt64l/lang/mua.res" 1415
"../../../Engine/Content/Internationalization/icudt64l/region/mua.res" 1416
"../../../Engine/Content/Internationalization/icudt64l/lang/my.res" 1417
"../../../Engine/Content/Internationalization/icudt64l/region/my.res" 1418
"../../../Engine/Content/Internationalization/icudt64l/lang/mzn.res" 1419
"../../../Engine/Content/Internationalization/icudt64l/region/mzn.res" 1420
"../../../Engine/Content/Internationalization/icudt64l/lang/naq.res" 1421
"../../../Engine/Content/Internationalization/icudt64l/region/naq.res" 1422
"../../../Engine/Content/Internationalization/icudt64l/lang/nb.res" 1423
"../../../Engine/Content/Internationalization/icudt64l/lang/nb_NO.res" 1424
"../../../Engine/Content/Internationalization/icudt64l/region/nb_NO.res" 1425
"../../../Engine/Content/Internationalization/icudt64l/region/nb.res" 1426
"../../../Engine/Content/Internationalization/icudt64l/lang/nd.res" 1427
"../../../Engine/Content/Internationalization/icudt64l/region/nd.res" 1428
"../../../Engine/Content/Internationalization/icudt64l/lang/nds.res" 1429
"../../../Engine/Content/Internationalization/icudt64l/region/nds.res" 1430
"../../../Engine/Content/Internationalization/icudt64l/lang/ne.res" 1431
"../../../Engine/Content/Internationalization/icudt64l/region/ne.res" 1432
"../../../Engine/Content/Internationalization/icudt64l/lang/nl.res" 1433
"../../../Engine/Content/Internationalization/icudt64l/region/nl.res" 1434
"../../../Engine/Content/Internationalization/icudt64l/lang/nmg.res" 1435
"../../../Engine/Content/Internationalization/icudt64l/region/nmg.res" 1436
"../../../Engine/Content/Internationalization/icudt64l/lang/nn.res" 1437
"../../../Engine/Content/Internationalization/icudt64l/lang/nn_NO.res" 1438
"../../../Engine/Content/Internationalization/icudt64l/region/nn_NO.res" 1439
"../../../Engine/Content/Internationalization/icudt64l/region/nn.res" 1440
"../../../Engine/Content/Internationalization/icudt64l/lang/nnh.res" 1441
"../../../Engine/Content/Internationalization/icudt64l/region/nnh.res" 1442
"../../../Engine/Content/Internationalization/icudt64l/lang/nus.res" 1443
"../../../Engine/Content/Internationalization/icudt64l/region/nus.res" 1444
"../../../Engine/Content/Internationalization/icudt64l/lang/nyn.res" 1445
"../../../Engine/Content/Internationalization/icudt64l/region/nyn.res" 1446
"../../../Engine/Content/Internationalization/icudt64l/lang/om.res" 1447
"../../../Engine/Content/Internationalization/icudt64l/region/om.res" 1448
"../../../Engine/Content/Internationalization/icudt64l/lang/or.res" 1449
"../../../Engine/Content/Internationalization/icudt64l/region/or.res" 1450
"../../../Engine/Content/Internationalization/icudt64l/lang/os.res" 1451
"../../../Engine/Content/Internationalization/icudt64l/region/os.res" 1452
"../../../Engine/Content/Internationalization/icudt64l/lang/pa.res" 1453
"../../../Engine/Content/Internationalization/icudt64l/lang/pa_Arab.res" 1454
"../../../Engine/Content/Internationalization/icudt64l/lang/pa_PK.res" 1455
"../../../Engine/Content/Internationalization/icudt64l/lang/pa_Arab_PK.res" 1456
"../../../Engine/Content/Internationalization/icudt64l/region/pa_PK.res" 1457
"../../../Engine/Content/Internationalization/icudt64l/region/pa_Arab_PK.res" 1458
"../../../Engine/Content/Internationalization/icudt64l/region/pa_Arab.res" 1459
"../../../Engine/Content/Internationalization/icudt64l/lang/pa_Guru.res" 1460
"../../../Engine/Content/Internationalization/icudt64l/lang/pa_IN.res" 1461
"../../../Engine/Content/Internationalization/icudt64l/lang/pa_Guru_IN.res" 1462
"../../../Engine/Content/Internationalization/icudt64l/region/pa_IN.res" 1463
"../../../Engine/Content/Internationalization/icudt64l/region/pa_Guru_IN.res" 1464
"../../../Engine/Content/Internationalization/icudt64l/region/pa_Guru.res" 1465
"../../../Engine/Content/Internationalization/icudt64l/region/pa.res" 1466
"../../../Engine/Content/Internationalization/icudt64l/lang/pl.res" 1467
"../../../Engine/Content/Internationalization/icudt64l/region/pl.res" 1468
"../../../Engine/Content/Internationalization/icudt64l/lang/ps.res" 1469
"../../../Engine/Content/Internationalization/icudt64l/region/ps.res" 1470
"../../../Engine/Content/Internationalization/icudt64l/lang/ps_PK.res" 1471
"../../../Engine/Content/Internationalization/icudt64l/region/ps_PK.res" 1472
"../../../Engine/Content/Internationalization/icudt64l/lang/pt.res" 1473
"../../../Engine/Content/Internationalization/icudt64l/lang/pt_AO.res" 1474
"../../../Engine/Content/Internationalization/icudt64l/lang/pt_PT.res" 1475
"../../../Engine/Content/Internationalization/icudt64l/region/pt_AO.res" 1476
"../../../Engine/Content/Internationalization/icudt64l/region/pt_PT.res" 1477
"../../../Engine/Content/Internationalization/icudt64l/region/pt.res" 1478
"../../../Engine/Content/Internationalization/icudt64l/lang/pt_CH.res" 1479
"../../../Engine/Content/Internationalization/icudt64l/region/pt_CH.res" 1480
"../../../Engine/Content/Internationalization/icudt64l/lang/pt_CV.res" 1481
"../../../Engine/Content/Internationalization/icudt64l/region/pt_CV.res" 1482
"../../../Engine/Content/Internationalization/icudt64l/lang/pt_GQ.res" 1483
"../../../Engine/Content/Internationalization/icudt64l/region/pt_GQ.res" 1484
"../../../Engine/Content/Internationalization/icudt64l/lang/pt_GW.res" 1485
"../../../Engine/Content/Internationalization/icudt64l/region/pt_GW.res" 1486
"../../../Engine/Content/Internationalization/icudt64l/lang/pt_LU.res" 1487
"../../../Engine/Content/Internationalization/icudt64l/region/pt_LU.res" 1488
"../../../Engine/Content/Internationalization/icudt64l/lang/pt_MO.res" 1489
"../../../Engine/Content/Internationalization/icudt64l/region/pt_MO.res" 1490
"../../../Engine/Content/Internationalization/icudt64l/lang/pt_MZ.res" 1491
"../../../Engine/Content/Internationalization/icudt64l/region/pt_MZ.res" 1492
"../../../Engine/Content/Internationalization/icudt64l/lang/pt_ST.res" 1493
"../../../Engine/Content/Internationalization/icudt64l/region/pt_ST.res" 1494
"../../../Engine/Content/Internationalization/icudt64l/lang/pt_TL.res" 1495
"../../../Engine/Content/Internationalization/icudt64l/region/pt_TL.res" 1496
"../../../Engine/Content/Internationalization/icudt64l/lang/qu.res" 1497
"../../../Engine/Content/Internationalization/icudt64l/region/qu.res" 1498
"../../../Engine/Content/Internationalization/icudt64l/lang/rm.res" 1499
"../../../Engine/Content/Internationalization/icudt64l/region/rm.res" 1500
"../../../Engine/Content/Internationalization/icudt64l/lang/rn.res" 1501
"../../../Engine/Content/Internationalization/icudt64l/region/rn.res" 1502
"../../../Engine/Content/Internationalization/icudt64l/lang/ro.res" 1503
"../../../Engine/Content/Internationalization/icudt64l/lang/ro_MD.res" 1504
"../../../Engine/Content/Internationalization/icudt64l/region/ro_MD.res" 1505
"../../../Engine/Content/Internationalization/icudt64l/region/ro.res" 1506
"../../../Engine/Content/Internationalization/icudt64l/lang/rof.res" 1507
"../../../Engine/Content/Internationalization/icudt64l/region/rof.res" 1508
"../../../Engine/Content/Internationalization/icudt64l/region/ru_UA.res" 1509
"../../../Engine/Content/Internationalization/icudt64l/lang/rw.res" 1510
"../../../Engine/Content/Internationalization/icudt64l/region/rw.res" 1511
"../../../Engine/Content/Internationalization/icudt64l/lang/rwk.res" 1512
"../../../Engine/Content/Internationalization/icudt64l/region/rwk.res" 1513
"../../../Engine/Content/Internationalization/icudt64l/lang/sah.res" 1514
"../../../Engine/Content/Internationalization/icudt64l/region/sah.res" 1515
"../../../Engine/Content/Internationalization/icudt64l/lang/saq.res" 1516
"../../../Engine/Content/Internationalization/icudt64l/region/saq.res" 1517
"../../../Engine/Content/Internationalization/icudt64l/lang/sbp.res" 1518
"../../../Engine/Content/Internationalization/icudt64l/region/sbp.res" 1519
"../../../Engine/Content/Internationalization/icudt64l/lang/sd.res" 1520
"../../../Engine/Content/Internationalization/icudt64l/region/sd.res" 1521
"../../../Engine/Content/Internationalization/icudt64l/lang/se.res" 1522
"../../../Engine/Content/Internationalization/icudt64l/lang/se_FI.res" 1523
"../../../Engine/Content/Internationalization/icudt64l/region/se_FI.res" 1524
"../../../Engine/Content/Internationalization/icudt64l/region/se.res" 1525
"../../../Engine/Content/Internationalization/icudt64l/lang/seh.res" 1526
"../../../Engine/Content/Internationalization/icudt64l/region/seh.res" 1527
"../../../Engine/Content/Internationalization/icudt64l/lang/ses.res" 1528
"../../../Engine/Content/Internationalization/icudt64l/region/ses.res" 1529
"../../../Engine/Content/Internationalization/icudt64l/lang/sg.res" 1530
"../../../Engine/Content/Internationalization/icudt64l/region/sg.res" 1531
"../../../Engine/Content/Internationalization/icudt64l/lang/shi.res" 1532
"../../../Engine/Content/Internationalization/icudt64l/lang/shi_Latn.res" 1533
"../../../Engine/Content/Internationalization/icudt64l/lang/shi_MA.res" 1534
"../../../Engine/Content/Internationalization/icudt64l/lang/shi_Tfng_MA.res" 1535
"../../../Engine/Content/Internationalization/icudt64l/lang/shi_Tfng.res" 1536
"../../../Engine/Content/Internationalization/icudt64l/region/shi_MA.res" 1537
"../../../Engine/Content/Internationalization/icudt64l/region/shi_Tfng_MA.res" 1538
"../../../Engine/Content/Internationalization/icudt64l/region/shi_Tfng.res" 1539
"../../../Engine/Content/Internationalization/icudt64l/region/shi.res" 1540
"../../../Engine/Content/Internationalization/icudt64l/region/shi_Latn.res" 1541
"../../../Engine/Content/Internationalization/icudt64l/lang/si.res" 1542
"../../../Engine/Content/Internationalization/icudt64l/region/si.res" 1543
"../../../Engine/Content/Internationalization/icudt64l/lang/sk.res" 1544
"../../../Engine/Content/Internationalization/icudt64l/region/sk.res" 1545
"../../../Engine/Content/Internationalization/icudt64l/lang/sl.res" 1546
"../../../Engine/Content/Internationalization/icudt64l/region/sl.res" 1547
"../../../Engine/Content/Internationalization/icudt64l/lang/smn.res" 1548
"../../../Engine/Content/Internationalization/icudt64l/region/smn.res" 1549
"../../../Engine/Content/Internationalization/icudt64l/lang/sn.res" 1550
"../../../Engine/Content/Internationalization/icudt64l/region/sn.res" 1551
"../../../Engine/Content/Internationalization/icudt64l/lang/so.res" 1552
"../../../Engine/Content/Internationalization/icudt64l/region/so.res" 1553
"../../../Engine/Content/Internationalization/icudt64l/lang/sq.res" 1554
"../../../Engine/Content/Internationalization/icudt64l/region/sq.res" 1555
"../../../Engine/Content/Internationalization/icudt64l/lang/sr.res" 1556
"../../../Engine/Content/Internationalization/icudt64l/lang/sr_Cyrl.res" 1557
"../../../Engine/Content/Internationalization/icudt64l/lang/sr_BA.res" 1558
"../../../Engine/Content/Internationalization/icudt64l/lang/sr_Cyrl_BA.res" 1559
"../../../Engine/Content/Internationalization/icudt64l/region/sr_BA.res" 1560
"../../../Engine/Content/Internationalization/icudt64l/region/sr_Cyrl_BA.res" 1561
"../../../Engine/Content/Internationalization/icudt64l/region/sr_Cyrl.res" 1562
"../../../Engine/Content/Internationalization/icudt64l/region/sr.res" 1563
"../../../Engine/Content/Internationalization/icudt64l/lang/sr_ME.res" 1564
"../../../Engine/Content/Internationalization/icudt64l/lang/sr_Latn_ME.res" 1565
"../../../Engine/Content/Internationalization/icudt64l/lang/sr_Latn.res" 1566
"../../../Engine/Content/Internationalization/icudt64l/region/sr_ME.res" 1567
"../../../Engine/Content/Internationalization/icudt64l/region/sr_Latn_ME.res" 1568
"../../../Engine/Content/Internationalization/icudt64l/region/sr_Latn.res" 1569
"../../../Engine/Content/Internationalization/icudt64l/lang/sr_Cyrl_ME.res" 1570
"../../../Engine/Content/Internationalization/icudt64l/region/sr_Cyrl_ME.res" 1571
"../../../Engine/Content/Internationalization/icudt64l/lang/sr_RS.res" 1572
"../../../Engine/Content/Internationalization/icudt64l/lang/sr_Cyrl_RS.res" 1573
"../../../Engine/Content/Internationalization/icudt64l/region/sr_RS.res" 1574
"../../../Engine/Content/Internationalization/icudt64l/region/sr_Cyrl_RS.res" 1575
"../../../Engine/Content/Internationalization/icudt64l/lang/sr_XK.res" 1576
"../../../Engine/Content/Internationalization/icudt64l/lang/sr_Cyrl_XK.res" 1577
"../../../Engine/Content/Internationalization/icudt64l/region/sr_XK.res" 1578
"../../../Engine/Content/Internationalization/icudt64l/region/sr_Cyrl_XK.res" 1579
"../../../Engine/Content/Internationalization/icudt64l/lang/sr_Latn_BA.res" 1580
"../../../Engine/Content/Internationalization/icudt64l/region/sr_Latn_BA.res" 1581
"../../../Engine/Content/Internationalization/icudt64l/lang/sr_Latn_RS.res" 1582
"../../../Engine/Content/Internationalization/icudt64l/region/sr_Latn_RS.res" 1583
"../../../Engine/Content/Internationalization/icudt64l/lang/sr_Latn_XK.res" 1584
"../../../Engine/Content/Internationalization/icudt64l/region/sr_Latn_XK.res" 1585
"../../../Engine/Content/Internationalization/icudt64l/lang/sv.res" 1586
"../../../Engine/Content/Internationalization/icudt64l/region/sv.res" 1587
"../../../Engine/Content/Internationalization/icudt64l/lang/sv_FI.res" 1588
"../../../Engine/Content/Internationalization/icudt64l/lang/sw.res" 1589
"../../../Engine/Content/Internationalization/icudt64l/lang/sw_CD.res" 1590
"../../../Engine/Content/Internationalization/icudt64l/region/sw_CD.res" 1591
"../../../Engine/Content/Internationalization/icudt64l/region/sw.res" 1592
"../../../Engine/Content/Internationalization/icudt64l/lang/sw_KE.res" 1593
"../../../Engine/Content/Internationalization/icudt64l/region/sw_KE.res" 1594
"../../../Engine/Content/Internationalization/icudt64l/lang/ta.res" 1595
"../../../Engine/Content/Internationalization/icudt64l/region/ta.res" 1596
"../../../Engine/Content/Internationalization/icudt64l/lang/te.res" 1597
"../../../Engine/Content/Internationalization/icudt64l/region/te.res" 1598
"../../../Engine/Content/Internationalization/icudt64l/lang/teo.res" 1599
"../../../Engine/Content/Internationalization/icudt64l/region/teo.res" 1600
"../../../Engine/Content/Internationalization/icudt64l/lang/tg.res" 1601
"../../../Engine/Content/Internationalization/icudt64l/region/tg.res" 1602
"../../../Engine/Content/Internationalization/icudt64l/lang/th.res" 1603
"../../../Engine/Content/Internationalization/icudt64l/lang/th_TH.res" 1604
"../../../Engine/Content/Internationalization/icudt64l/region/th_TH.res" 1605
"../../../Engine/Content/Internationalization/icudt64l/region/th.res" 1606
"../../../Engine/Content/Internationalization/icudt64l/lang/ti.res" 1607
"../../../Engine/Content/Internationalization/icudt64l/region/ti.res" 1608
"../../../Engine/Content/Internationalization/icudt64l/lang/tk.res" 1609
"../../../Engine/Content/Internationalization/icudt64l/region/tk.res" 1610
"../../../Engine/Content/Internationalization/icudt64l/lang/to.res" 1611
"../../../Engine/Content/Internationalization/icudt64l/region/to.res" 1612
"../../../Engine/Content/Internationalization/icudt64l/lang/tr.res" 1613
"../../../Engine/Content/Internationalization/icudt64l/region/tr.res" 1614
"../../../Engine/Content/Internationalization/icudt64l/lang/tt.res" 1615
"../../../Engine/Content/Internationalization/icudt64l/region/tt.res" 1616
"../../../Engine/Content/Internationalization/icudt64l/lang/twq.res" 1617
"../../../Engine/Content/Internationalization/icudt64l/region/twq.res" 1618
"../../../Engine/Content/Internationalization/icudt64l/lang/tzm.res" 1619
"../../../Engine/Content/Internationalization/icudt64l/region/tzm.res" 1620
"../../../Engine/Content/Internationalization/icudt64l/lang/ug.res" 1621
"../../../Engine/Content/Internationalization/icudt64l/region/ug.res" 1622
"../../../Engine/Content/Internationalization/icudt64l/lang/uk.res" 1623
"../../../Engine/Content/Internationalization/icudt64l/region/uk.res" 1624
"../../../Engine/Content/Internationalization/icudt64l/lang/ur.res" 1625
"../../../Engine/Content/Internationalization/icudt64l/lang/ur_IN.res" 1626
"../../../Engine/Content/Internationalization/icudt64l/region/ur_IN.res" 1627
"../../../Engine/Content/Internationalization/icudt64l/region/ur.res" 1628
"../../../Engine/Content/Internationalization/icudt64l/lang/uz.res" 1629
"../../../Engine/Content/Internationalization/icudt64l/lang/uz_Arab.res" 1630
"../../../Engine/Content/Internationalization/icudt64l/lang/uz_AF.res" 1631
"../../../Engine/Content/Internationalization/icudt64l/lang/uz_Arab_AF.res" 1632
"../../../Engine/Content/Internationalization/icudt64l/region/uz_AF.res" 1633
"../../../Engine/Content/Internationalization/icudt64l/region/uz_Arab_AF.res" 1634
"../../../Engine/Content/Internationalization/icudt64l/region/uz_Arab.res" 1635
"../../../Engine/Content/Internationalization/icudt64l/lang/uz_Cyrl.res" 1636
"../../../Engine/Content/Internationalization/icudt64l/lang/uz_UZ.res" 1637
"../../../Engine/Content/Internationalization/icudt64l/lang/uz_Latn_UZ.res" 1638
"../../../Engine/Content/Internationalization/icudt64l/lang/uz_Latn.res" 1639
"../../../Engine/Content/Internationalization/icudt64l/region/uz_UZ.res" 1640
"../../../Engine/Content/Internationalization/icudt64l/region/uz_Latn_UZ.res" 1641
"../../../Engine/Content/Internationalization/icudt64l/region/uz_Latn.res" 1642
"../../../Engine/Content/Internationalization/icudt64l/region/uz.res" 1643
"../../../Engine/Content/Internationalization/icudt64l/region/uz_Cyrl.res" 1644
"../../../Engine/Content/Internationalization/icudt64l/lang/vai.res" 1645
"../../../Engine/Content/Internationalization/icudt64l/lang/vai_Latn.res" 1646
"../../../Engine/Content/Internationalization/icudt64l/lang/vai_LR.res" 1647
"../../../Engine/Content/Internationalization/icudt64l/lang/vai_Vaii_LR.res" 1648
"../../../Engine/Content/Internationalization/icudt64l/lang/vai_Vaii.res" 1649
"../../../Engine/Content/Internationalization/icudt64l/region/vai_LR.res" 1650
"../../../Engine/Content/Internationalization/icudt64l/region/vai_Vaii_LR.res" 1651
"../../../Engine/Content/Internationalization/icudt64l/region/vai_Vaii.res" 1652
"../../../Engine/Content/Internationalization/icudt64l/region/vai.res" 1653
"../../../Engine/Content/Internationalization/icudt64l/region/vai_Latn.res" 1654
"../../../Engine/Content/Internationalization/icudt64l/lang/vi.res" 1655
"../../../Engine/Content/Internationalization/icudt64l/region/vi.res" 1656
"../../../Engine/Content/Internationalization/icudt64l/lang/vun.res" 1657
"../../../Engine/Content/Internationalization/icudt64l/region/vun.res" 1658
"../../../Engine/Content/Internationalization/icudt64l/lang/wae.res" 1659
"../../../Engine/Content/Internationalization/icudt64l/region/wae.res" 1660
"../../../Engine/Content/Internationalization/icudt64l/lang/wo.res" 1661
"../../../Engine/Content/Internationalization/icudt64l/region/wo.res" 1662
"../../../Engine/Content/Internationalization/icudt64l/lang/xh.res" 1663
"../../../Engine/Content/Internationalization/icudt64l/region/xh.res" 1664
"../../../Engine/Content/Internationalization/icudt64l/lang/xog.res" 1665
"../../../Engine/Content/Internationalization/icudt64l/region/xog.res" 1666
"../../../Engine/Content/Internationalization/icudt64l/lang/yav.res" 1667
"../../../Engine/Content/Internationalization/icudt64l/region/yav.res" 1668
"../../../Engine/Content/Internationalization/icudt64l/lang/yi.res" 1669
"../../../Engine/Content/Internationalization/icudt64l/region/yi.res" 1670
"../../../Engine/Content/Internationalization/icudt64l/lang/yo.res" 1671
"../../../Engine/Content/Internationalization/icudt64l/lang/yo_BJ.res" 1672
"../../../Engine/Content/Internationalization/icudt64l/region/yo_BJ.res" 1673
"../../../Engine/Content/Internationalization/icudt64l/region/yo.res" 1674
"../../../Engine/Content/Internationalization/icudt64l/lang/yue.res" 1675
"../../../Engine/Content/Internationalization/icudt64l/lang/yue_Hans.res" 1676
"../../../Engine/Content/Internationalization/icudt64l/lang/yue_CN.res" 1677
"../../../Engine/Content/Internationalization/icudt64l/lang/yue_Hans_CN.res" 1678
"../../../Engine/Content/Internationalization/icudt64l/region/yue_CN.res" 1679
"../../../Engine/Content/Internationalization/icudt64l/region/yue_Hans_CN.res" 1680
"../../../Engine/Content/Internationalization/icudt64l/region/yue_Hans.res" 1681
"../../../Engine/Content/Internationalization/icudt64l/lang/yue_Hant.res" 1682
"../../../Engine/Content/Internationalization/icudt64l/lang/yue_HK.res" 1683
"../../../Engine/Content/Internationalization/icudt64l/lang/yue_Hant_HK.res" 1684
"../../../Engine/Content/Internationalization/icudt64l/region/yue_HK.res" 1685
"../../../Engine/Content/Internationalization/icudt64l/region/yue_Hant_HK.res" 1686
"../../../Engine/Content/Internationalization/icudt64l/region/yue_Hant.res" 1687
"../../../Engine/Content/Internationalization/icudt64l/region/yue.res" 1688
"../../../Engine/Content/Internationalization/icudt64l/lang/zgh.res" 1689
"../../../Engine/Content/Internationalization/icudt64l/region/zgh.res" 1690
"../../../Engine/Content/Internationalization/icudt64l/lang/zh.res" 1691
"../../../Engine/Content/Internationalization/icudt64l/lang/zh_Hans.res" 1692
"../../../Engine/Content/Internationalization/icudt64l/lang/zh_CN.res" 1693
"../../../Engine/Content/Internationalization/icudt64l/lang/zh_Hans_CN.res" 1694
"../../../Engine/Content/Internationalization/icudt64l/region/zh_CN.res" 1695
"../../../Engine/Content/Internationalization/icudt64l/region/zh_Hans_CN.res" 1696
"../../../Engine/Content/Internationalization/icudt64l/region/zh_Hans.res" 1697
"../../../Engine/Content/Internationalization/icudt64l/region/zh.res" 1698
"../../../Engine/Content/Internationalization/icudt64l/lang/zh_HK.res" 1699
"../../../Engine/Content/Internationalization/icudt64l/lang/zh_Hant_HK.res" 1700
"../../../Engine/Content/Internationalization/icudt64l/lang/zh_Hant.res" 1701
"../../../Engine/Content/Internationalization/icudt64l/region/zh_HK.res" 1702
"../../../Engine/Content/Internationalization/icudt64l/region/zh_Hant_HK.res" 1703
"../../../Engine/Content/Internationalization/icudt64l/region/zh_Hant.res" 1704
"../../../Engine/Content/Internationalization/icudt64l/lang/zh_MO.res" 1705
"../../../Engine/Content/Internationalization/icudt64l/lang/zh_Hant_MO.res" 1706
"../../../Engine/Content/Internationalization/icudt64l/region/zh_MO.res" 1707
"../../../Engine/Content/Internationalization/icudt64l/region/zh_Hant_MO.res" 1708
"../../../Engine/Content/Internationalization/icudt64l/lang/zh_SG.res" 1709
"../../../Engine/Content/Internationalization/icudt64l/lang/zh_Hans_SG.res" 1710
"../../../Engine/Content/Internationalization/icudt64l/region/zh_SG.res" 1711
"../../../Engine/Content/Internationalization/icudt64l/region/zh_Hans_SG.res" 1712
"../../../Engine/Content/Internationalization/icudt64l/lang/zh_TW.res" 1713
"../../../Engine/Content/Internationalization/icudt64l/lang/zh_Hant_TW.res" 1714
"../../../Engine/Content/Internationalization/icudt64l/region/zh_TW.res" 1715
"../../../Engine/Content/Internationalization/icudt64l/region/zh_Hant_TW.res" 1716
"../../../Engine/Content/Internationalization/icudt64l/lang/zu.res" 1717
"../../../Engine/Content/Internationalization/icudt64l/region/zu.res" 1718
"../../../Engine/Content/Internationalization/icudt64l/lang/no.res" 1719
"../../../Engine/Content/Internationalization/icudt64l/lang/tl.res" 1720
"../../../Engine/Config/Android/DataDrivenPlatformInfo.ini" 1721
"../../../Engine/Config/IOS/DataDrivenPlatformInfo.ini" 1722
"../../../Engine/Config/Linux/DataDrivenPlatformInfo.ini" 1723
"../../../Engine/Config/LinuxArm64/DataDrivenPlatformInfo.ini" 1724
"../../../Engine/Config/Mac/DataDrivenPlatformInfo.ini" 1725
"../../../Engine/Config/TVOS/DataDrivenPlatformInfo.ini" 1726
"../../../Engine/Config/Unix/DataDrivenPlatformInfo.ini" 1727
"../../../Engine/Config/VulkanPC/DataDrivenPlatformInfo.ini" 1728
"../../../Engine/Config/Windows/DataDrivenPlatformInfo.ini" 1729
"../../../Engine/DerivedDataCache/Compressed.ddp" 1730
"C:/Users/Abies/AppData/Local/UnrealEngine/Common/DerivedDataCache/TestData/0/TestData_4kb.dat" 1731
"C:/Users/Abies/AppData/Local/UnrealEngine/Common/DerivedDataCache/TestData/1/TestData_4kb.dat" 1732
"C:/Users/Abies/AppData/Local/UnrealEngine/Common/DerivedDataCache/TestData/0/TestData_8kb.dat" 1733
"C:/Users/Abies/AppData/Local/UnrealEngine/Common/DerivedDataCache/TestData/1/TestData_8kb.dat" 1734
"C:/Users/Abies/AppData/Local/UnrealEngine/Common/DerivedDataCache/TestData/0/TestData_16kb.dat" 1735
"C:/Users/Abies/AppData/Local/UnrealEngine/Common/DerivedDataCache/TestData/1/TestData_16kb.dat" 1736
"C:/Users/Abies/AppData/Local/UnrealEngine/Common/DerivedDataCache/TestData/0/TestData_64kb.dat" 1737
"C:/Users/Abies/AppData/Local/UnrealEngine/Common/DerivedDataCache/TestData/1/TestData_64kb.dat" 1738
"C:/Users/Abies/AppData/Local/UnrealEngine/Common/DerivedDataCache/TestData/0/TestData_128kb.dat" 1739
"C:/Users/Abies/AppData/Local/UnrealEngine/Common/DerivedDataCache/TestData/1/TestData_128kb.dat" 1740
"C:/Users/Abies/AppData/Local/UnrealEngine/Common/DerivedDataCache/TestData/0/TestData_256kb.dat" 1741
"C:/Users/Abies/AppData/Local/UnrealEngine/Common/DerivedDataCache/TestData/1/TestData_256kb.dat" 1742
"../../../Engine/Plugins/FX/Niagara/Shaders/Private/NiagaraSpriteVertexFactory.ush" 1743
"../../../Engine/Shaders/Private/VertexFactoryCommon.ush" 1744
"../../../Engine/Shaders/Private/Common.ush" 1745
"../../../Engine/Shaders/Public/Platform.ush" 1746
"../../../Engine/Shaders/Public/FP16Math.ush" 1747
"../../../Engine/Shaders/Public/Platform/D3D/D3DCommon.ush" 1748
"../../../Engine/Shaders/Public/BindlessResources.ush" 1749
"../../../Engine/Shaders/Public/OverloadMacros.ush" 1750
"../../../Engine/Shaders/Public/ShaderVersion.ush" 1751
"../../../Engine/Shaders/Private/PackUnpack.ush" 1752
"../../../Engine/Shaders/Private/GeneratedUniformBufferTypes.ush" 1753
"../../../Engine/Shaders/Private/Nanite/NanitePackedNaniteView.ush" 1754
"../../../Engine/Shaders/Private/HairStrands/HairStrandsVisibilityCommonStruct.ush" 1755
"../../../Engine/Shaders/Private/HairStrands/HairStrandsVoxelPageCommonStruct.ush" 1756
"../../../Engine/Shaders/Private/HairStrands/HairStrandsDeepShadowCommonStruct.ush" 1757
"../../../Engine/Shaders/Shared/LightSceneData.h" 1758
"../../../Engine/Shaders/Shared/HLSLTypeAliases.h" 1759
"../../../Engine/Shaders/Private/LargeWorldCoordinates.ush" 1760
"../../../Engine/Shaders/Private/LWCOperations.ush" 1761
"../../../Engine/Shaders/Private/CommonViewUniformBuffer.ush" 1762
"../../../Engine/Shaders/Private/InstancedStereo.ush" 1763
"../../../Engine/Shaders/Private/Definitions.usf" 1764
"../../../Engine/Shaders/Private/AssertionMacros.ush" 1765
"../../../Engine/Shaders/Private/FastMath.ush" 1766
"../../../Engine/Shaders/Private/FastMathThirdParty.ush" 1767
"../../../Engine/Shaders/Private/Random.ush" 1768
"../../../Engine/Shaders/Private/SceneData.ush" 1769
"../../../Engine/Shaders/Private/OctahedralCommon.ush" 1770
"../../../Engine/Shaders/Shared/SceneDefinitions.h" 1771
"../../../Engine/Shaders/Private/ParticleVertexFactoryCommon.ush" 1772
"../../../Engine/Plugins/FX/Niagara/Shaders/Private/NiagaraVFCommon.usf" 1773
"../../../Engine/Plugins/FX/Niagara/Shaders/Private/NiagaraVFParticleAccess.usf" 1774
"../../../Engine/Plugins/FX/Niagara/Shaders/Private/NiagaraParticleAccess.ush" 1775
"../../../Engine/Shaders/Private/VertexFactoryDefaultInterface.ush" 1776
"../../../Engine/Plugins/FX/Niagara/Shaders/Private/NiagaraRibbonVertexFactory.ush" 1777
"../../../Engine/Plugins/FX/Niagara/Shaders/Private/NiagaraMeshVertexFactory.ush" 1778
"../../../Engine/Plugins/FX/Niagara/Shaders/Private/NiagaraCommon.ush" 1779
"../../../Engine/Plugins/FX/Niagara/Shaders/Private/NiagaraMeshParticleUtils.ush" 1780
"../../../Engine/Shaders/Private/RayTracing/RayTracingCommon.ush" 1781
"../../../Engine/Shaders/Private/ShadingCommon.ush" 1782
"../../../Engine/Shaders/Shared/RayTracingDefinitions.h" 1783
"../../../Engine/Shaders/Shared/RayTracingPayloadType.h" 1784
"../../../Engine/Shaders/Shared/HLSLStaticAssert.h" 1785
"../../../Engine/Shaders/Private/RayTracing/RayTracingRayCone.ush" 1786
"../../../Engine/Shaders/Private/Strata/Strata.ush" 1787
"../../../Engine/Shaders/Private/ShadingEnergyConservation.ush" 1788
"../../../Engine/Shaders/Private/ShadingEnergyConservationTemplate.ush" 1789
"../../../Engine/Shaders/Private/BRDF.ush" 1790
"../../../Engine/Shaders/Private/ColorSpace.ush" 1791
"../../../Engine/Shaders/Private/DeferredShadingCommon.ush" 1792
"../../../Engine/Shaders/Private/LightAccumulator.ush" 1793
"../../../Engine/Shaders/Private/SceneTexturesCommon.ush" 1794
"../../../Engine/Shaders/Private/MonteCarlo.ush" 1795
"../../../Engine/Shaders/Private/GBufferHelpers.ush" 1796
"../../../Engine/Shaders/Private/SceneTextureParameters.ush" 1797
"C:/Users/Abies/Documents/Unreal Projects/MyProject2/Intermediate/ShaderAutogen/PCD3D_SM5/AutogenShaderHeaders.ush" 1798
"../../../Engine/Shaders/Private/ParticipatingMediaCommon.ush" 1799
"../../../Engine/Shaders/Private/ThinFilmBSDF.ush" 1800
"../../../Engine/Shaders/Private/MortonCode.ush" 1801
"../../../Engine/Shaders/Private/SubsurfaceProfileCommon.ush" 1802
"../../../Engine/Shaders/Private/BurleyNormalizedSSSCommon.ush" 1803
"../../../Engine/Shaders/Private/GammaCorrectionCommon.ush" 1804
"../../../Engine/Shaders/Shared/StrataDefinitions.h" 1805
"../../../Engine/Shaders/Private/Strata/StrataStatisticalOperators.ush" 1806
"../../../Engine/Shaders/Private/Strata/StrataSubsurface.ush" 1807
"../../../Engine/Shaders/Private/TransmissionCommon.ush" 1808
"../../../Engine/Shaders/Private/RayTracing/RayTracingCommonMetal.ush" 1809
"../../../Engine/Shaders/Private/PositionReconstructionCommon.ush" 1810
"../../../Engine/Shaders/Private/RayTracing/TraceRayInline.ush" 1811
"../../../Engine/Shaders/Private/RayTracing/TraceRayInlineCommon.ush" 1812
"../../../Engine/Shaders/Private/RayTracing/TraceRayInlineVulkan.ush" 1813
"../../../Engine/Shaders/Private/RayTracing/TraceRayInlineMetal.ush" 1814
"../../../Engine/Shaders/Private/RayTracing/RayTracingHitGroupCommon.ush" 1815
"../../../Engine/Shaders/Shared/RayTracingBuiltInResources.h" 1816
"../../../Engine/Shaders/Private/Nanite/NaniteDataDecode.ush" 1817
"../../../Engine/Shaders/Private/BitPacking.ush" 1818
"../../../Engine/Shaders/Private/BitStreamReaderImplementation.ush" 1819
"../../../Engine/Shaders/Shared/NaniteDefinitions.h" 1820
"../../../Engine/Shaders/Private/Nanite/NaniteAttributeDecode.ush" 1821
"../../../Engine/Shaders/Private/VectorFieldVisualizationVertexFactory.ush" 1822
"../../../Engine/Shaders/Private/Nanite/NaniteVertexFactory.ush" 1823
"../../../Engine/Shaders/Private/LightmapData.ush" 1824
"../../../Engine/Shaders/Private/SplineMeshCommon.ush" 1825
"../../../Engine/Shaders/Shared/SplineMeshShaderParams.h" 1826
"../../../Engine/Shaders/Private/Quaternion.ush" 1827
"../../../Engine/Shaders/Private/ShaderPrint.ush" 1828
"../../../Engine/Shaders/Private/ShaderPrintCommon.ush" 1829
"../../../Engine/Shaders/Private/MiniFontCommon.ush" 1830
"../../../Engine/Shaders/Private/ParticleSpriteVertexFactory.ush" 1831
"../../../Engine/Shaders/Private/ParticleGPUSpriteVertexFactory.ush" 1832
"../../../Engine/Shaders/Private/ParticleBeamTrailVertexFactory.ush" 1833
"../../../Engine/Shaders/Private/MeshParticleVertexFactory.ush" 1834
"../../../Engine/Shaders/Private/LocalVertexFactory.ush" 1835
"../../../Engine/Shaders/Private/LocalVertexFactoryCommon.ush" 1836
"../../../Engine/Shaders/Private/GpuSkinCommon.ush" 1837
"../../../Engine/Shaders/Private/GpuSkinVertexFactory.ush" 1838
"../../../Engine/Shaders/Private/GeometryCollectionVertexFactory.ush" 1839
"../../../Engine/Shaders/Private/GeometryCacheVertexFactory.ush" 1840
"../../../Engine/Shaders/Private/LandscapeVertexFactory.ush" 1841
"../../../Engine/Plugins/Media/WmfMedia/Shaders/Private/MediaHardwareVideoDecoding.usf" 1842
"../../../Engine/Shaders/Private/ColorUtils.ush" 1843
"../../../Engine/Plugins/Media/ImgMedia/Shaders/Private/ExrSwizzler.usf" 1844
"../../../Engine/Plugins/FX/Niagara/Shaders/Private/NiagaraSVTToDenseBuffer.usf" 1845
"../../../Engine/Shaders/Private/SparseVolumeTexture/SparseVolumeTextureCommon.ush" 1846
"../../../Engine/Plugins/FX/Niagara/Shaders/Private/NiagaraFillIntBuffer.usf" 1847
"../../../Engine/Plugins/FX/Niagara/Shaders/Private/NiagaraComputeFreeIDs.usf" 1848
"../../../Engine/Plugins/FX/Niagara/Shaders/Private/NiagaraInitFreeIDBuffer.usf" 1849
"../../../Engine/Plugins/FX/Niagara/Shaders/Private/NiagaraEmitterInstanceShader.usf" 1850
"../../../Engine/Plugins/FX/Niagara/Shaders/Private/NiagaraShaderVersion.ush" 1851
"../../../Engine/Shaders/Private/DistanceField/GlobalDistanceFieldShared.ush" 1852
"../../../Engine/Plugins/FX/Niagara/Shaders/Private/NiagaraPhysicsCommon.ush" 1853
"../../../Engine/Plugins/FX/Niagara/Shaders/Private/Ribbons/NiagaraRibbonGenerateIndices.usf" 1854
"../../../Engine/Plugins/FX/Niagara/Shaders/Private/Ribbons/NiagaraRibbonCommon.ush" 1855
"../../../Engine/Plugins/FX/Niagara/Shaders/Private/Ribbons/NiagaraRibbonInitializeIndices.usf" 1856
"../../../Engine/Plugins/FX/Niagara/Shaders/Private/Ribbons/NiagaraRibbonRibbonUVParamCalculation.usf" 1857
"../../../Engine/Plugins/FX/Niagara/Shaders/Private/Ribbons/NiagaraRibbonVertexReductionFinalization.usf" 1858
"../../../Engine/Plugins/FX/Niagara/Shaders/Private/Ribbons/NiagaraRibbonVertexReductionPropagation.usf" 1859
"../../../Engine/Plugins/FX/Niagara/Shaders/Private/Ribbons/NiagaraRibbonVertexReductionInitialization.usf" 1860
"../../../Engine/Plugins/FX/Niagara/Shaders/Private/Ribbons/NiagaraRibbonSortParticles.usf" 1861
"../../../Engine/Plugins/FX/Niagara/Shaders/Private/NiagaraUpdateMeshGPUSceneInstances.usf" 1862
"../../../Engine/Shaders/Private/ComputeShaderUtils.ush" 1863
"../../../Engine/Shaders/Private/GPUScene/GPUSceneWriter.ush" 1864
"../../../Engine/Plugins/FX/Niagara/Shaders/Private/NiagaraGenerateMips.usf" 1865
"../../../Engine/Plugins/FX/Niagara/Shaders/Private/NiagaraDebugDraw.usf" 1866
"../../../Engine/Plugins/FX/Niagara/Shaders/Private/NiagaraDebugDraw.ush" 1867
"../../../Engine/Plugins/FX/Niagara/Shaders/Private/NiagaraVisualizeTexture.usf" 1868
"../../../Engine/Plugins/FX/Niagara/Shaders/Private/NiagaraClearCounts.usf" 1869
"../../../Engine/Plugins/FX/Niagara/Shaders/Private/NiagaraBatchedElements.usf" 1870
"../../../Engine/Plugins/FX/Niagara/Shaders/Private/NiagaraRayTracingShaders.usf" 1871
"../../../Engine/Plugins/FX/Niagara/Shaders/Private/NiagaraAsyncGpuTraceCommon.ush" 1872
"../../../Engine/Shaders/Private/HashTable.ush" 1873
"../../../Engine/Shaders/Private/Hash.ush" 1874
"../../../Engine/Shaders/Private/RayTracing/VFXTraceRay.ush" 1875
"../../../Engine/Plugins/FX/Niagara/Shaders/Private/NiagaraRayMarchingShaders.usf" 1876
"../../../Engine/Plugins/FX/Niagara/Shaders/Private/NiagaraRayTraceCollisionGroupShaders.usf" 1877
"../../../Engine/Plugins/FX/Niagara/Shaders/Private/NiagaraAsyncGpuTraceUtils.usf" 1878
"../../../Engine/Plugins/FX/Niagara/Shaders/Private/NiagaraSortKeyGen.usf" 1879
"../../../Engine/Plugins/FX/Niagara/Shaders/Private/NiagaraGPURayTracingTransforms.usf" 1880
"../../../Engine/Plugins/FX/Niagara/Shaders/Private/NiagaraDrawIndirectArgsGen.usf" 1881
"../../../Engine/Plugins/FX/Niagara/Shaders/Private/NiagaraDispatchIndirectArgsGen.usf" 1882
"../../../Engine/Plugins/Enterprise/GLTFExporter/Shaders/Private/SimpleTexture2DPS.usf" 1883
"../../../Engine/Shaders/Private/SimpleElementNormalMapPixelShader.usf" 1884
"../../../Engine/Shaders/Private/SlateElementPixelShader.usf" 1885
"../../../Engine/Shaders/Private/SlateShaderCommon.ush" 1886
"../../../Engine/Shaders/Private/MaterialTemplate.ush" 1887
"../../../Engine/Shaders/Private/EyeAdaptationCommon.ush" 1888
"../../../Engine/Shaders/Private/SobolRandom.ush" 1889
"../../../Engine/Shaders/Private/DepthOfFieldCommon.ush" 1890
"../../../Engine/Shaders/Private/CircleDOFCommon.ush" 1891
"../../../Engine/Shaders/Private/PhysicsFieldSampler.ush" 1892
"../../../Engine/Shaders/Private/PhysicsFieldShared.ush" 1893
"../../../Engine/Shaders/Private/HairShadingCommon.ush" 1894
"../../../Engine/Shaders/Private/HairStrands/HairCardsAttributeCommon.ush" 1895
"../../../Engine/Shaders/Private/HairStrands/HairStrandsVertexFactoryCommon.ush" 1896
"../../../Engine/Shaders/Shared/HairStrandsDefinitions.h" 1897
"../../../Engine/Shaders/Private/HairStrands/HairStrandsPack.ush" 1898
"../../../Engine/Shaders/Private/HairStrands/HairStrandsAttributeCommon.ush" 1899
"../../../Engine/Shaders/Private/HairStrands/HairStrandsAttributeTemplate.ush" 1900
"../../../Engine/Shaders/Private/SpeedTreeCommon.ush" 1901
"../../../Engine/Shaders/Private/VirtualTextureCommon.ush" 1902
"../../../Engine/Shaders/Private/MaterialTexture.ush" 1903
"../../../Engine/Shaders/Private/MinMaterialTexCoords.ush" 1904
"../../../Engine/Shaders/Private/SkyAtmosphereCommon.ush" 1905
"../../../Engine/Shaders/Private/SingleLayerWaterCommon.ush" 1906
"../../../Engine/Shaders/Private/TextureSampling.ush" 1907
"../../../Engine/Shaders/Private/PaniniProjection.ush" 1908
"../../../Engine/Shaders/Private/DBufferNormalReprojection.ush" 1909
"../../../Engine/Shaders/Private/Strata/StrataTree.ush" 1910
"../../../Engine/Shaders/Private/Strata/StrataEvaluation.ush" 1911
"../../../Engine/Shaders/Private/Strata/Glint/GlintThirdParty.ush" 1912
"../../../Engine/Shaders/Private/BlueNoise.ush" 1913
"../../../Engine/Shaders/Private/SHCommon.ush" 1914
"../../../Engine/Shaders/Private/ShadingModels.ush" 1915
"../../../Engine/Shaders/Private/CapsuleLight.ush" 1916
"../../../Engine/Shaders/Private/RectLight.ush" 1917
"../../../Engine/Shaders/Private/LightData.ush" 1918
"../../../Engine/Shaders/Private/AreaLightCommon.ush" 1919
"../../../Engine/Shaders/Private/HairBsdf.ush" 1920
"../../../Engine/Shaders/Private/MobileGGX.ush" 1921
"../../../Engine/Shaders/Private/ShadingModelsSampling.ush" 1922
"../../../Engine/Shaders/Private/HairStrands/HairBsdfSample.ush" 1923
"../../../Engine/Shaders/Private/HairStrands/HairStrandsCommon.ush" 1924
"../../../Engine/Shaders/Private/HairStrands/HairStrandsDeepTransmittanceCommon.ush" 1925
"../../../Engine/Shaders/Private/HairStrands/HairStrandsDeepTransmittanceDualScattering.ush" 1926
"../../../Engine/Shaders/Private/HairStrands/HairStrandsEnvironmentLightingCommon.ush" 1927
"../../../Engine/Shaders/Private/Strata/StrataLegacyConversion.ush" 1928
"../../../Engine/Shaders/Private/DBufferDecalShared.ush" 1929
"../../../Engine/Shaders/Private/CompositeUIPixelShader.usf" 1930
"../../../Engine/Shaders/Private/TonemapCommon.ush" 1931
"../../../Engine/Shaders/Private/ACES.ush" 1932
"../../../Engine/Shaders/Private/ColorDeficiency.ush" 1933
"../../../Engine/Shaders/Private/SlateMaskingShader.usf" 1934
"../../../Engine/Shaders/Private/SlatePostProcessColorDeficiencyPixelShader.usf" 1935
"../../../Engine/Shaders/Private/SlatePostProcessPixelShader.usf" 1936
"../../../Engine/Shaders/Private/SlateVertexShader.usf" 1937
"../../../Engine/Shaders/Private/TranslucentLightingShaders.usf" 1938
"../../../Engine/Shaders/Private/ShadowProjectionCommon.ush" 1939
"../../../Engine/Shaders/Private/CubemapCommon.ush" 1940
"../../../Engine/Shaders/Private/VectorFieldCompositeShaders.usf" 1941
"../../../Engine/Shaders/Private/UpdateTextureShaders.usf" 1942
"../../../Engine/Shaders/Private/StereoLayerShader.usf" 1943
"../../../Engine/Shaders/Private/SparseVolumeTexture/UpdateSparseVolumeTexture.usf" 1944
"../../../Engine/Shaders/Private/MorphTargets.usf" 1945
"../../../Engine/Shaders/Private/SimpleElementColorChannelMaskPixelShader.usf" 1946
"../../../Engine/Shaders/Private/SimpleElementHitProxyPixelShader.usf" 1947
"../../../Engine/Shaders/Private/SimpleElementPixelShader.usf" 1948
"../../../Engine/Shaders/Private/IESLightProfilesCommon.ush" 1949
"../../../Engine/Shaders/Private/SimpleElementVertexShader.usf" 1950
"../../../Engine/Shaders/Private/ScreenPixelShaderOES.usf" 1951
"../../../Engine/Shaders/Private/ScreenVertexShader.usf" 1952
"../../../Engine/Shaders/Private/ScreenPixelShader.usf" 1953
"../../../Engine/Shaders/Private/SSProfilePreIntegratedMobile.usf" 1954
"../../../Engine/Shaders/Private/SpecularProfile.usf" 1955
"../../../Engine/Shaders/Private/Nanite/NaniteStreaming.usf" 1956
"../../../Engine/Shaders/Private/Nanite/NaniteStreaming.ush" 1957
"../../../Engine/Shaders/Private/WaveOpUtil.ush" 1958
"../../../Engine/Shaders/Private/Nanite/NaniteTranscode.usf" 1959
"../../../Engine/Shaders/Private/VolumetricLightmapStreaming.usf" 1960
"../../../Engine/Shaders/Private/PhysicsFieldReset.usf" 1961
"../../../Engine/Shaders/Private/PhysicsFieldBuilder.usf" 1962
"../../../Engine/Shaders/Private/PhysicsFieldEval.ush" 1963
"../../../Engine/Shaders/Private/ParticleSortKeyGen.usf" 1964
"../../../Engine/Shaders/Private/ParticleBoundsShader.usf" 1965
"../../../Engine/Shaders/Private/ParticleSimVisualizeShader.usf" 1966
"../../../Engine/Shaders/Private/ParticleInjectionShader.usf" 1967
"../../../Engine/Shaders/Private/ParticleSimulationShader.usf" 1968
"../../../Engine/Shaders/Private/ParticleCurveInjectionShader.usf" 1969
"../../../Engine/Shaders/Private/CopyUIntBuffer.usf" 1970
"../../../Engine/Shaders/Private/RadixSortShaders.usf" 1971
"../../../Engine/Shaders/Private/RecomputeTangentsPerVertexPass.usf" 1972
"../../../Engine/Shaders/Private/RecomputeTangentsCommon.ush" 1973
"../../../Engine/Shaders/Private/RecomputeTangentsPerTrianglePass.usf" 1974
"../../../Engine/Shaders/Private/GpuSkinCacheComputeShader.usf" 1975
"../../../Engine/Shaders/Private/HeightFieldAtlasManagement.usf" 1976
"../../../Engine/Shaders/Private/LandscapePhysicalMaterial.usf" 1977
"../../../Engine/Shaders/Private/LandscapeGrassWeight.usf" 1978
"../../../Engine/Shaders/Private/Landscape/LandscapeLayersWeightmapsPS.usf" 1979
"../../../Engine/Shaders/Private/Landscape/LandscapeLayersHeightmapsPS.usf" 1980
"../../../Engine/Shaders/Private/Landscape/LandscapeCommon.ush" 1981
"../../../Engine/Shaders/Private/LandscapeLayersCS.usf" 1982
"../../../Engine/Shaders/Private/LandscapeLayersPS.usf" 1983
"../../../Engine/Shaders/Private/LandscapeLayersVS.usf" 1984
"../../../Engine/Shaders/Private/Landscape/LandscapeCulling.usf" 1985
"../../../Engine/Shaders/Private/Nanite/NaniteHZBCull.ush" 1986
"../../../Engine/Shaders/Private/Landscape/LandscapeMergeHeightmapsPS.usf" 1987
"../../../Engine/Shaders/Private/WideCustomResolveShaders.usf" 1988
"../../../Engine/Shaders/Private/WideCustomResolve_Wide.ush" 1989
"../../../Engine/Shaders/Private/WideCustomResolve_Wider.ush" 1990
"../../../Engine/Shaders/Private/WideCustomResolve_Widest.ush" 1991
"../../../Engine/Shaders/Private/PageTableUpdate.usf" 1992
"../../../Engine/Shaders/Private/VirtualTextureCompress.usf" 1993
"../../../Engine/Shaders/Private/BlockCompressionCommon.ush" 1994
"../../../Engine/Shaders/Private/BCCompressionCommon.ush" 1995
"../../../Engine/Shaders/Private/ETCCompressionCommon.ush" 1996
"../../../Engine/Shaders/Private/VirtualTextureMaterial.usf" 1997
"../../../Engine/Shaders/Private/PixelShaderOutputCommon.ush" 1998
"../../../Engine/Shaders/Private/ShaderOutputCommon.ush" 1999
"../../../Engine/Shaders/Private/VolumetricRenderTarget.usf" 2000
"../../../Engine/Shaders/Private/VolumetricFogVoxelization.usf" 2001
"../../../Engine/Shaders/Private/VolumetricCloudMaterialPixelCommon.ush" 2002
"../../../Engine/Shaders/Private/VolumetricFogLightFunction.usf" 2003
"../../../Engine/Shaders/Private/LightFunctionCommon.ush" 2004
"../../../Engine/Shaders/Private/VolumetricFog.usf" 2005
"../../../Engine/Shaders/Private/DeferredLightingCommon.ush" 2006
"../../../Engine/Shaders/Private/DynamicLightingCommon.ush" 2007
"../../../Engine/Shaders/Private/CapsuleLightIntegrate.ush" 2008
"../../../Engine/Shaders/Private/CapsuleLightSampling.ush" 2009
"../../../Engine/Shaders/Private/RectLightIntegrate.ush" 2010
"../../../Engine/Shaders/Private/LightGridCommon.ush" 2011
"../../../Engine/Shaders/Private/HeightFogCommon.ush" 2012
"../../../Engine/Shaders/Private/DistanceFieldAOShared.ush" 2013
"../../../Engine/Shaders/Private/VolumeLightingCommon.ush" 2014
"../../../Engine/Shaders/Private/ShadowFilteringCommon.ush" 2015
"../../../Engine/Shaders/Private/PixelQuadMessagePassing.ush" 2016
"../../../Engine/Shaders/Private/VolumeLightingCommonSampling.ush" 2017
"../../../Engine/Shaders/Private/VolumetricLightmapShared.ush" 2018
"../../../Engine/Shaders/Private/ForwardShadowingCommon.ush" 2019
"../../../Engine/Shaders/Private/LightDataUniforms.ush" 2020
"../../../Engine/Shaders/Private/Lumen/LumenTranslucencyVolumeShared.ush" 2021
"../../../Engine/Shaders/Private/Lumen/LumenRadianceCacheInterpolation.ush" 2022
"../../../Engine/Shaders/Private/VirtualShadowMaps/VirtualShadowMapProjectionCommon.ush" 2023
"../../../Engine/Shaders/Private/VirtualShadowMaps/VirtualShadowMapPageAccessCommon.ush" 2024
"../../../Engine/Shaders/Shared/VirtualShadowMapDefinitions.h" 2025
"../../../Engine/Shaders/Private/VirtualShadowMaps/VirtualShadowMapProjectionStructs.ush" 2026
"../../../Engine/Shaders/Private/VolumetricCloudCommon.ush" 2027
"../../../Engine/Shaders/Private/VolumetricCloud.usf" 2028
"../../../Engine/Shaders/Private/ColorMap.ush" 2029
"../../../Engine/Shaders/Private/ReflectionEnvironmentShared.ush" 2030
"../../../Engine/Shaders/Private/VisualizeVolumetricLightmap.usf" 2031
"../../../Engine/Shaders/Private/VirtualShadowMaps/VirtualShadowMapProjectionComposite.usf" 2032
"../../../Engine/Shaders/Private/LightShaderParameters.ush" 2033
"../../../Engine/Shaders/Private/VirtualShadowMaps/VirtualShadowMapMaskBitsCommon.ush" 2034
"../../../Engine/Shaders/Private/VirtualShadowMaps/VirtualShadowMapProjection.usf" 2035
"../../../Engine/Shaders/Private/HairStrands/HairStrandsVisibilityCommon.ush" 2036
"../../../Engine/Shaders/Private/Visualization.ush" 2037
"../../../Engine/Shaders/Private/VirtualShadowMaps/VirtualShadowMapProjectionFilter.ush" 2038
"../../../Engine/Shaders/Private/VirtualShadowMaps/VirtualShadowMapProjectionDirectional.ush" 2039
"../../../Engine/Shaders/Private/PathTracing/Utilities/PathTracingRandomSequence.ush" 2040
"../../../Engine/Shaders/Private/VirtualShadowMaps/VirtualShadowMapSMRTCommon.ush" 2041
"../../../Engine/Shaders/Private/VirtualShadowMaps/VirtualShadowMapSMRTTemplate.ush" 2042
"../../../Engine/Shaders/Private/VirtualShadowMaps/VirtualShadowMapProjectionSpot.ush" 2043
"../../../Engine/Shaders/Private/VirtualShadowMaps/VirtualShadowMapTransmissionCommon.ush" 2044
"../../../Engine/Shaders/Private/HairStrands/HairStrandsVoxelPageCommon.ush" 2045
"../../../Engine/Shaders/Private/HairStrands/HairStrandsVoxelPageTraversal.ush" 2046
"../../../Engine/Shaders/Private/VirtualShadowMaps/VirtualShadowMapCacheManagement.usf" 2047
"../../../Engine/Shaders/Private/VirtualShadowMaps/VirtualShadowMapPageOverlap.ush" 2048
"../../../Engine/Shaders/Private/VirtualShadowMaps/VirtualShadowMapStaticCaching.ush" 2049
"../../../Engine/Shaders/Private/VirtualShadowMaps/VirtualShadowMapPageCacheCommon.ush" 2050
"../../../Engine/Shaders/Private/ScreenSpaceDenoise/SSDDefinitions.ush" 2051
"../../../Engine/Shaders/Private/InstanceCulling/InstanceCullingLoadBalancer.ush" 2052
"../../../Engine/Shaders/Private/VirtualShadowMaps/VirtualShadowMapCopyStats.usf" 2053
"../../../Engine/Shaders/Private/VirtualShadowMaps/VirtualShadowMapPhysicalPageManagement.usf" 2054
"../../../Engine/Shaders/Private/ReductionCommon.ush" 2055
"../../../Engine/Shaders/Private/GPUMessaging.ush" 2056
"../../../Engine/Shaders/Private/VirtualShadowMaps/VirtualShadowMapStats.ush" 2057
"../../../Engine/Shaders/Private/ThreadGroupPrefixSum.ush" 2058
"../../../Engine/Shaders/Private/VirtualShadowMaps/VirtualShadowMapBuildPerPageDrawCommands.usf" 2059
"../../../Engine/Shaders/Private/Nanite/NaniteCullingCommon.ush" 2060
"../../../Engine/Shaders/Private/Nanite/NaniteCulling.ush" 2061
"../../../Engine/Shaders/Private/Nanite/NaniteHierarchyTraversalCommon.ush" 2062
"../../../Engine/Shaders/Private/InstanceCulling/InstanceCullingCommon.ush" 2063
"../../../Engine/Shaders/Private/VirtualShadowMaps/VirtualShadowMapPrintStats.usf" 2064
"../../../Engine/Shaders/Private/VirtualShadowMaps/VirtualShadowMapDebug.usf" 2065
"../../../Engine/Shaders/Private/VirtualShadowMaps/VirtualShadowMapPageManagement.usf" 2066
"../../../Engine/Shaders/Private/VirtualShadowMaps/VirtualShadowMapPageMarking.usf" 2067
"../../../Engine/Shaders/Shared/SingleLayerWaterDefinitions.h" 2068
"../../../Engine/Shaders/Private/HairStrands/HairStrandsTileCommon.ush" 2069
"../../../Engine/Shaders/Private/VariableRateShading/VRSShadingRatePreview.usf" 2070
"../../../Engine/Shaders/Private/VariableRateShading/VRSShadingRateCommon.ush" 2071
"../../../Engine/Shaders/Private/VariableRateShading/VRSShadingRateCombine.usf" 2072
"../../../Engine/Shaders/Private/VariableRateShading/VRSShadingRateFoveated.usf" 2073
"../../../Engine/Shaders/Private/VariableRateShading/VRSShadingRateReproject.usf" 2074
"../../../Engine/Shaders/Private/VariableRateShading/VRSShadingRateCalculate.usf" 2075
"../../../Engine/Shaders/Private/TranslucencyUpsampling.usf" 2076
"../../../Engine/Shaders/Private/ScreenPass.ush" 2077
"../../../Engine/Shaders/Private/ComposeSeparateTranslucency.usf" 2078
"../../../Engine/Shaders/Private/SeparateTranslucency.ush" 2079
"../../../Engine/Shaders/Private/TranslucentLightInjectionShaders.usf" 2080
"../../../Engine/Shaders/Private/TranslucentShadowDepthShaders.usf" 2081
"../../../Engine/Shaders/Private/ShadowDepthCommon.ush" 2082
"../../../Engine/Shaders/Private/RayTracing/RayTracingTest.usf" 2083
"../../../Engine/Shaders/Private/PostProcessSubsurfaceTile.usf" 2084
"../../../Engine/Shaders/Private/Strata/StrataVisualize.usf" 2085
"../../../Engine/Shaders/Private/Strata/StrataTile.ush" 2086
"../../../Engine/Shaders/Private/SkyLightingDiffuseShared.ush" 2087
"../../../Engine/Shaders/Private/SkyLightingShared.ush" 2088
"../../../Engine/Shaders/Private/ClearCoatCommon.ush" 2089
"../../../Engine/Shaders/Private/ReflectionEnvironmentComposite.ush" 2090
"../../../Engine/Shaders/Private/Strata/StrataLightingCommon.ush" 2091
"../../../Engine/Shaders/Private/Strata/StrataRoughRefraction.usf" 2092
"../../../Engine/Shaders/Private/PathTracing/Material/PathTracingFresnel.ush" 2093
"../../../Engine/Shaders/Private/PathTracing/Material/PathTracingGlossy.ush" 2094
"../../../Engine/Shaders/Private/Strata/StrataTile.usf" 2095
"../../../Engine/Shaders/Private/Strata/StrataMaterialClassification.usf" 2096
"../../../Engine/Shaders/Private/Strata/StrataDBuffer.usf" 2097
"../../../Engine/Shaders/Private/SparseVolumeTexture/VisualizeSparseVolumeTexture.usf" 2098
"../../../Engine/Shaders/Private/SkyAtmosphere.usf" 2099
"../../../Engine/Shaders/Private/CopyDepthTexture.usf" 2100
"../../../Engine/Shaders/Private/SingleLayerWaterComposite.usf" 2101
"../../../Engine/Shaders/Private/ShadowProjectionVertexShader.usf" 2102
"../../../Engine/Shaders/Private/ShadowProjectionPixelShader.usf" 2103
"../../../Engine/Shaders/Private/ShadowPercentageCloserFiltering.ush" 2104
"../../../Engine/Shaders/Private/TransmissionThickness.ush" 2105
"../../../Engine/Shaders/Private/CopyShadowMaps.usf" 2106
"../../../Engine/Shaders/Private/ShadowDepthPixelShader.usf" 2107
"../../../Engine/Shaders/Private/ShadowDepthVertexShader.usf" 2108
"../../../Engine/Shaders/Private/ShadingEnergyConservationTable.usf" 2109
"../../../Engine/Shaders/Shared/PathTracingDefinitions.h" 2110
"../../../Engine/Shaders/Private/ShadingFurnaceTest.usf" 2111
"../../../Engine/Shaders/Private/Strata/StrataDeferredLighting.ush" 2112
"../../../Engine/Shaders/Private/ShaderPrintDraw.usf" 2113
"../../../Engine/Shaders/Private/ShaderPrintDrawPrimitive.usf" 2114
"../../../Engine/Shaders/Private/SSRT/SSRTDiffuseIndirect.usf" 2115
"../../../Engine/Shaders/Private/SSRT/SSRTRayCast.ush" 2116
"../../../Engine/Shaders/Private/SSRT/SSRTTileClassificationBuffer.ush" 2117
"../../../Engine/Shaders/Private/SSRT/SSRTReflections.usf" 2118
"../../../Engine/Shaders/Private/ScreenSpaceDenoise/SSDPublic.ush" 2119
"../../../Engine/Shaders/Private/SSRT/SSRTTileClassification.usf" 2120
"../../../Engine/Shaders/Private/SSRT/SSRTPrevFrameReduction.usf" 2121
"../../../Engine/Shaders/Private/ScreenSpaceDenoise/SSDComposeHarmonics.usf" 2122
"../../../Engine/Shaders/Private/ScreenSpaceDenoise/SSDPublicHarmonics.ush" 2123
"../../../Engine/Shaders/Private/ScreenSpaceDenoise/SSDSignalFramework.ush" 2124
"../../../Engine/Shaders/Private/ScreenSpaceDenoise/SSDCommon.ush" 2125
"../../../Engine/Shaders/Private/SphericalGaussian.ush" 2126
"../../../Engine/Shaders/Public/WaveBroadcastIntrinsics.ush" 2127
"../../../Engine/Shaders/Private/ScreenSpaceDenoise/SSDMetadata.ush" 2128
"../../../Engine/Shaders/Private/ScreenSpaceDenoise/SSDSignalCore.ush" 2129
"../../../Engine/Shaders/Private/ScreenSpaceDenoise/DenoisingCommon.ush" 2130
"../../../Engine/Shaders/Private/ScreenSpaceDenoise/SSDSignalArray.ush" 2131
"../../../Engine/Shaders/Private/ScreenSpaceDenoise/SSDSignalBufferEncoding.ush" 2132
"../../../Engine/Shaders/Private/ScreenSpaceDenoise/SSDPublicBufferEncoding.ush" 2133
"../../../Engine/Shaders/Private/Lumen/LumenBufferEncoding.ush" 2134
"../../../Engine/Shaders/Private/ScreenSpaceDenoise/SSDTemporalAccumulation.usf" 2135
"../../../Engine/Shaders/Private/ScreenSpaceDenoise/SSDSpatialKernel.ush" 2136
"../../../Engine/Shaders/Private/ScreenSpaceDenoise/SSDSignalAccumulatorArray.ush" 2137
"../../../Engine/Shaders/Private/ScreenSpaceDenoise/SSDSignalAccumulator.ush" 2138
"../../../Engine/Shaders/Private/ScreenSpaceDenoise/SSDSignalCompression.ush" 2139
"../../../Engine/Shaders/Private/ScreenSpaceDenoise/SSDSpatialAccumulation.usf" 2140
"../../../Engine/Shaders/Private/ScreenSpaceDenoise/SSDInjest.usf" 2141
"../../../Engine/Shaders/Private/ScreenSpaceDenoise/SSDCompressMetadata.usf" 2142
"../../../Engine/Shaders/Private/DownsampleDepthPixelShader.usf" 2143
"../../../Engine/Shaders/Private/ScreenPass.usf" 2144
"../../../Engine/Shaders/Private/HZB.usf" 2145
"../../../Engine/Shaders/Private/OcclusionFeedbackShaders.usf" 2146
"../../../Engine/Shaders/Private/HZBOcclusion.usf" 2147
"../../../Engine/Shaders/Private/OcclusionQueryPixelShader.usf" 2148
"../../../Engine/Shaders/Private/OcclusionQueryVertexShader.usf" 2149
"../../../Engine/Shaders/Private/HitProxyPixelShader.usf" 2150
"../../../Engine/Shaders/Private/HitProxyVertexShader.usf" 2151
"../../../Engine/Shaders/Private/SceneCapturePixelShader.usf" 2152
"../../../Engine/Shaders/Private/RTWriteMaskDecode.usf" 2153
"../../../Engine/Shaders/Private/ReflectionEnvironmentShaders.usf" 2154
"../../../Engine/Shaders/Private/RectLightAtlas.usf" 2155
"../../../Engine/Shaders/Private/RayTracing/TraceRayInlineStatistics.usf" 2156
"../../../Engine/Shaders/Private/RayTracing/VisualizeSkyLightMipTreePS.usf" 2157
"../../../Engine/Shaders/Private/RayTracing/MipTreeCommon.ush" 2158
"../../../Engine/Shaders/Private/RayTracing/CompositeSkyLightPS.usf" 2159
"../../../Engine/Shaders/Private/RayTracing/GenerateSkyLightVisibilityRaysCS.usf" 2160
"../../../Engine/Shaders/Private/RayTracing/RayTracingSkyLightCommon.ush" 2161
"../../../Engine/Shaders/Private/RayTracing/SkyLightVisibilityRaysData.ush" 2162
"../../../Engine/Shaders/Private/Raytracing/RaytracingSkylightRGS.usf" 2163
"../../../Engine/Shaders/Private/HairStrands/HairStrandsRaytracing.ush" 2164
"../../../Engine/Shaders/Private/Raytracing/RayTracingSkyLightEvaluation.ush" 2165
"../../../Engine/Shaders/Private/Raytracing/RayTracingDeferredShadingCommon.ush" 2166
"../../../Engine/Shaders/Private/RayTracing/RayTracingOcclusionRGS.usf" 2167
"../../../Engine/Shaders/Private/RayTracing/RayTracingDirectionalLight.ush" 2168
"../../../Engine/Shaders/Private/RayTracing/RayTracingRectLight.ush" 2169
"../../../Engine/Shaders/Private/RayTracing/RayTracingSphereLight.ush" 2170
"../../../Engine/Shaders/Private/RayTracing/RayTracingCapsuleLight.ush" 2171
"../../../Engine/Shaders/Private/RayTracing/SplitImaginaryReflectionGBufferCS.usf" 2172
"../../../Engine/Shaders/Private/RayTracing/RayTracingReflectionsCommon.ush" 2173
"../../../Engine/Shaders/Private/RayTracing/RayTracingReflections.usf" 2174
"../../../Engine/Shaders/Private/RayTracing/RayTracingLightingCommon.ush" 2175
"../../../Engine/Shaders/Private/RayTracing/RayTracingLightCullingCommon.ush" 2176
"../../../Engine/Shaders/Private/RayTracing/RayTracingReflectionEnvironment.ush" 2177
"../../../Engine/Shaders/Private/RayTracing/RayTracingPrimaryRays.usf" 2178
"../../../Engine/Shaders/Private/RayTracing/RayTracingMaterialDefaultHitShaders.usf" 2179
"../../../Engine/Shaders/Private/RayTracing/RayTracingMaterialHitShaders.usf" 2180
"../../../Engine/Shaders/Private/RayTracing/RayTracingShaderUtils.ush" 2181
"../../../Engine/Shaders/Private/RayTracing/RayTracingCalcInterpolants.ush" 2182
"../../../Engine/Shaders/Private/LightmapCommon.ush" 2183
"../../../Engine/Shaders/Private/Lumen/LumenHardwareRayTracingPayloadCommon.ush" 2184
"../../../Engine/Shaders/Private/Strata/StrataExport.ush" 2185
"../../../Engine/Shaders/Private/RayTracing/RayTracingLightingMS.usf" 2186
"../../../Engine/Shaders/Private/RayTracing/RayTracingLightFunctionCommon.ush" 2187
"../../../Engine/Shaders/Private/RayTracing/GenerateCulledLightListCS.usf" 2188
"../../../Engine/Shaders/Private/Raytracing/RayTracingInstanceBufferUtil.usf" 2189
"../../../Engine/Shaders/Private/RayTracing/RayTracingFinalGatherRGS.usf" 2190
"../../../Engine/Shaders/Private/RayTracing/RayTracingGatherPoints.ush" 2191
"../../../Engine/Shaders/Private/PathTracing/Light/PathTracingLightSampling.ush" 2192
"../../../Engine/Shaders/Private/PathTracing/Light/PathTracingLightCommon.ush" 2193
"../../../Engine/Shaders/Shared/RayTracingTypes.h" 2194
"../../../Engine/Shaders/Private/PathTracing/Light/PathTracingDirectionalLight.ush" 2195
"../../../Engine/Shaders/Private/PathTracing/Light/PathTracingPointLight.ush" 2196
"../../../Engine/Shaders/Private/PathTracing/Light/PathTracingCapsuleLight.ush" 2197
"../../../Engine/Shaders/Private/PathTracing/Light/PathTracingRectLight.ush" 2198
"../../../Engine/Shaders/Private/PathTracing/Light/PathTracingSkyLight.ush" 2199
"../../../Engine/Shaders/Private/PathTracing/Light/PathTracingSpotLight.ush" 2200
"../../../Engine/Shaders/Private/RayTracing/RayTracingCreateGatherPointsRGS.usf" 2201
"../../../Engine/Shaders/Private/RayTracing/RayTracingGlobalIlluminationRGS.usf" 2202
"../../../Engine/Shaders/Private/RayTracing/RayTracingDynamicMesh.usf" 2203
"../../../Engine/Shaders/Private/RayTracing/RayTracingDeferredReflections.usf" 2204
"../../../Engine/Shaders/Private/RayTracing/RayTracingDeferredMaterials.ush" 2205
"../../../Engine/Shaders/Shared/ThirdParty/AMD/ags_shader_intrinsics_dx12.h" 2206
"../../../Engine/Shaders/Private/RayTracing/RayTracingDeferredReflections.ush" 2207
"../../../Engine/Shaders/Private/RayTracing/RayTracingReflectionResolve.usf" 2208
"../../../Engine/Shaders/Private/RayTracing/RayTracingReflectionsGenerateRaysCS.usf" 2209
"../../../Engine/Shaders/Private/RayTracing/MaterialSort.usf" 2210
"../../../Engine/Shaders/Private/RayTracing/RayTracingDeferredMaterials.usf" 2211
"../../../Engine/Shaders/Private/RayTracing/RayTracingDefaultDecalHitShader.usf" 2212
"../../../Engine/Shaders/Private/RayTracing/RayTracingDecalMaterialShader.usf" 2213
"../../../Engine/Shaders/Private/PathTracing/PathTracingShaderUtils.ush" 2214
"../../../Engine/Shaders/Private/PathTracing/PathTracingCommon.ush" 2215
"../../../Engine/Shaders/Private/PathTracing/Material/PathTracingMaterialCommon.ush" 2216
"../../../Engine/Shaders/Private/RayTracing/RayTracingBuildDecalGrid.usf" 2217
"../../../Engine/Shaders/Private/RayTracing/RayTracingDebugInstanceOverlap.usf" 2218
"../../../Engine/Shaders/Private/RayTracing/RayTracingDebugPicking.usf" 2219
"../../../Engine/Shaders/Private/RayTracing/RayTracingDebugUtils.ush" 2220
"../../../Engine/Shaders/Shared/RayTracingDebugTypes.h" 2221
"../../../Engine/Shaders/Private/RayTracing/RayTracingDebugTraversal.usf" 2222
"../../../Engine/Shaders/Private/Nanite/NaniteRayTrace.ush" 2223
"../../../Engine/Shaders/Shared/ThirdParty/RayTriangleIntersection.h" 2224
"../../../Engine/Shaders/Shared/RayTracingDebugDefinitions.h" 2225
"../../../Engine/Shaders/Private/RayTracing/RayTracingDebugMS.usf" 2226
"../../../Engine/Shaders/Private/RayTracing/RayTracingDebugCHS.usf" 2227
"../../../Engine/Shaders/Private/RayTracing/RayTracingDebug.usf" 2228
"../../../Engine/Shaders/Private/RayTracing/RayTracingBuiltInShaders.usf" 2229
"../../../Engine/Shaders/Private/RayTracing/RayTracingBarycentrics.usf" 2230
"../../../Engine/Shaders/Private/RayTracing/RayTracingAmbientOcclusionRGS.usf" 2231
"../../../Engine/Shaders/Private/VisualizeShadingModels.usf" 2232
"../../../Engine/Shaders/Private/PostProcessCommon.ush" 2233
"../../../Engine/Shaders/Private/MotionBlur/VisualizeMotionVectors.usf" 2234
"../../../Engine/Shaders/Private/TemporalSuperResolution/TSRResolveHistory.usf" 2235
"../../../Engine/Shaders/Private/TemporalSuperResolution/TSRCommon.ush" 2236
"../../../Engine/Shaders/Public/DualPixelVectorization.ush" 2237
"../../../Engine/Shaders/Private/TemporalSuperResolution/TSRConvolutionNetwork.ush" 2238
"../../../Engine/Shaders/Public/LaneVectorization.ush" 2239
"../../../Engine/Shaders/Private/TemporalSuperResolution/TSRUpdateHistory.usf" 2240
"../../../Engine/Shaders/Private/TemporalSuperResolution/TSRFilterAntiAliasing.usf" 2241
"../../../Engine/Shaders/Private/TemporalSuperResolution/TSRSpatialAntiAliasing.usf" 2242
"../../../Engine/Shaders/Private/TemporalSuperResolution/TSRRejectShading.usf" 2243
"../../../Engine/Shaders/Private/TemporalSuperResolution/TSRDecimateHistory.usf" 2244
"../../../Engine/Shaders/Private/TemporalSuperResolution/TSRDilateVelocity.usf" 2245
"../../../Engine/Shaders/Private/MotionBlur/MotionBlurVelocityFlatten.ush" 2246
"../../../Engine/Shaders/Private/MotionBlur/MotionBlurCommon.ush" 2247
"../../../Engine/Shaders/Private/TemporalSuperResolution/TSRForwardScatterDepth.usf" 2248
"../../../Engine/Shaders/Private/TemporalSuperResolution/TSRClearPrevTextures.usf" 2249
"../../../Engine/Shaders/Private/TemporalSuperResolution/TSRComputeMoireLuma.usf" 2250
"../../../Engine/Shaders/Private/TemporalAA.usf" 2251
"../../../Engine/Shaders/Private/FilterPixelShader.usf" 2252
"../../../Engine/Shaders/Private/FilterVertexShader.usf" 2253
"../../../Engine/Shaders/Private/PostProcessVisualizeBuffer.usf" 2254
"../../../Engine/Shaders/Private/PostProcessVisualizeLocalExposure.usf" 2255
"../../../Engine/Shaders/Private/PostProcessHistogramCommon.ush" 2256
"../../../Engine/Shaders/Private/PostProcessVisualizeLevelInstance.usf" 2257
"../../../Engine/Shaders/Private/PostProcessVisualizeHDR.usf" 2258
"../../../Engine/Shaders/Private/ShaderComplexityApplyPixelShader.usf" 2259
"../../../Engine/Shaders/Private/QuadOverdraw.ush" 2260
"../../../Engine/Shaders/Private/PostProcessUpscale.usf" 2261
"../../../Engine/Shaders/Private/PostProcessTonemap.usf" 2262
"../../../Engine/Shaders/Private/PostProcessing/FilmGrainPackConstants.usf" 2263
"../../../Engine/Shaders/Private/PostProcessing/FilmGrainReduce.usf" 2264
"../../../Engine/Shaders/Private/PostProcessTestImage.usf" 2265
"../../../Engine/Shaders/Private/PostProcessSubsurface.usf" 2266
"../../../Engine/Shaders/Private/SeparableSSS.ush" 2267
"../../../Engine/Shaders/Private/SubsurfaceBurleyNormalized.ush" 2268
"../../../Engine/Shaders/Private/PostProcessSelectionOutline.usf" 2269
"../../../Engine/Shaders/Private/PostProcessPixelProjectedReflectionMobile.usf" 2270
"../../../Engine/Shaders/Private/MotionBlur/MotionBlurVisualize.usf" 2271
"../../../Engine/Shaders/Private/MotionBlur/MotionBlurApply.usf" 2272
"../../../Engine/Shaders/Private/MotionBlur/MotionBlurFilterTileClassify.usf" 2273
"../../../Engine/Shaders/Private/MotionBlur/MotionBlurTileScatter.usf" 2274
"../../../Engine/Shaders/Private/MotionBlur/MotionBlurTileGather.usf" 2275
"../../../Engine/Shaders/Private/MotionBlur/MotionBlurVelocityFlatten.usf" 2276
"../../../Engine/Shaders/Private/PostProcessMobile.usf" 2277
"../../../Engine/Shaders/Private/PostProcessMitchellNetravali.usf" 2278
"../../../Engine/Shaders/Private/PostProcessMaterialShaders.usf" 2279
"../../../Engine/Shaders/Private/PostProcessLocalExposure.usf" 2280
"../../../Engine/Shaders/Private/PostProcessLensFlares.usf" 2281
"../../../Engine/Shaders/Private/PostProcessHMD.usf" 2282
"../../../Engine/Shaders/Private/Histogram.usf" 2283
"../../../Engine/Shaders/Private/PostProcessHistogramReduce.usf" 2284
"../../../Engine/Shaders/Private/PostProcessHistogram.usf" 2285
"../../../Engine/Shaders/Private/PostProcessGBufferHints.usf" 2286
"../../../Engine/Shaders/Private/Bloom/BloomFinalizeApplyConstants.usf" 2287
"../../../Engine/Shaders/Private/Bloom/BloomCommon.ush" 2288
"../../../Engine/Shaders/Private/Bloom/BloomResizeKernel.usf" 2289
"../../../Engine/Shaders/Private/Bloom/BloomDownsampleKernel.usf" 2290
"../../../Engine/Shaders/Private/Bloom/BloomClampKernel.usf" 2291
"../../../Engine/Shaders/Private/Bloom/BloomPackKernelConstants.usf" 2292
"../../../Engine/Shaders/Private/Bloom/BloomSumScatterDispersionEnergy.usf" 2293
"../../../Engine/Shaders/Private/Bloom/BloomReduceKernelSurvey.usf" 2294
"../../../Engine/Shaders/Private/Bloom/BloomSurveyKernelCenterEnergy.usf" 2295
"../../../Engine/Shaders/Private/Bloom/BloomSurveyMaxScatterDispersion.usf" 2296
"../../../Engine/Shaders/Private/Bloom/BloomFindKernelCenter.usf" 2297
"../../../Engine/Shaders/Private/PostProcessEyeAdaptation.usf" 2298
"../../../Engine/Shaders/Private/TranslucencyVolumeCommon.ush" 2299
"../../../Engine/Shaders/Private/PostProcessDownsample.usf" 2300
"../../../Engine/Shaders/Private/PostProcessDOF.usf" 2301
"../../../Engine/Shaders/Private/PostProcessDeviceEncodingOnly.usf" 2302
"../../../Engine/Shaders/Private/PostProcessCompositePrimitives.usf" 2303
"../../../Engine/Shaders/Private/PostProcessCombineLUTs.usf" 2304
"../../../Engine/Shaders/Private/PostProcessVisualizeDOF.usf" 2305
"../../../Engine/Shaders/Private/PostProcessBloom.usf" 2306
"../../../Engine/Shaders/Private/PostProcessAmbientOcclusionMobile.usf" 2307
"../../../Engine/Shaders/Private/PostProcessAmbientOcclusionCommon.ush" 2308
"../../../Engine/Shaders/Private/FXAAShader.usf" 2309
"../../../Engine/Shaders/Private/Fxaa3_11.ush" 2310
"../../../Engine/Shaders/Private/DiaphragmDOF/DOFRecombine.usf" 2311
"../../../Engine/Shaders/Private/DiaphragmDOF/DOFCommon.ush" 2312
"../../../Engine/Shaders/Private/DiaphragmDOF/DOFHybridScatterPixelShader.usf" 2313
"../../../Engine/Shaders/Private/DiaphragmDOF/DOFHybridScatterCommon.ush" 2314
"../../../Engine/Shaders/Private/DiaphragmDOF/DOFHybridScatterVertexShader.usf" 2315
"../../../Engine/Shaders/Private/DiaphragmDOF/DOFPostfiltering.usf" 2316
"../../../Engine/Shaders/Private/DiaphragmDOF/DOFGatherTileSuggest.ush" 2317
"../../../Engine/Shaders/Private/DiaphragmDOF/DOFCocTileCommon.ush" 2318
"../../../Engine/Shaders/Private/DiaphragmDOF/DOFGatherPass.usf" 2319
"../../../Engine/Shaders/Private/DiaphragmDOF/DOFGatherCommon.ush" 2320
"../../../Engine/Shaders/Private/DiaphragmDOF/DOFGatherAccumulator.ush" 2321
"../../../Engine/Shaders/Private/DiaphragmDOF/DOFGatherKernel.ush" 2322
"../../../Engine/Shaders/Private/DiaphragmDOF/DOFBokehLUT.usf" 2323
"../../../Engine/Shaders/Private/DiaphragmDOF/DOFHybridScatterCompilation.usf" 2324
"../../../Engine/Shaders/Private/DiaphragmDOF/DOFReduce.usf" 2325
"../../../Engine/Shaders/Private/DiaphragmDOF/DOFDownsample.ush" 2326
"../../../Engine/Shaders/Private/DiaphragmDOF/DOFHybridScatterCompilation.ush" 2327
"../../../Engine/Shaders/Private/DiaphragmDOF/DOFDownsample.usf" 2328
"../../../Engine/Shaders/Private/DiaphragmDOF/DOFCocTileDilate.usf" 2329
"../../../Engine/Shaders/Private/DiaphragmDOF/DOFCocTileFlatten.usf" 2330
"../../../Engine/Shaders/Private/DiaphragmDOF/DOFSetup.usf" 2331
"../../../Engine/Shaders/Private/PlanarReflectionShaders.usf" 2332
"../../../Engine/Shaders/Private/PlanarReflectionShared.ush" 2333
"../../../Engine/Shaders/Private/PhysicsFieldVisualizer.usf" 2334
"../../../Engine/Shaders/Private/PathTracing/PathTracingSpatialTemporalDenoising.usf" 2335
"../../../Engine/Shaders/Private/ColorDifference.ush" 2336
"../../../Engine/Shaders/Private/PathTracing/PathTracingCompositingPixelShader.usf" 2337
"../../../Engine/Shaders/Private/PathTracing/PathTracingDefaultHitShader.usf" 2338
"../../../Engine/Shaders/Private/PathTracing/PathTracingGPULightmassMaterialHitShader.usf" 2339
"../../../Engine/Shaders/Private/PathTracing/PathTracingMaterialHitShader.usf" 2340
"../../../Engine/Shaders/Private/PathTracing/PathTracingLightingMissShader.usf" 2341
"../../../Engine/Shaders/Private/PathTracing/PathTracingMissShader.usf" 2342
"../../../Engine/Shaders/Private/PathTracing/PathTracingBuildAtmosphereLUT.usf" 2343
"../../../Engine/Shaders/Private/PathTracing/Volume/PathTracingAtmosphereCommon.ush" 2344
"../../../Engine/Shaders/Private/PathTracing/PathTracingSwizzleScanlines.usf" 2345
"../../../Engine/Shaders/Private/PathTracing/PathTracingInitExtinctionCoefficient.usf" 2346
"../../../Engine/Shaders/Private/PathTracing/PathTracing.usf" 2347
"../../../Engine/Shaders/Private/PathTracing/PathTracingCore.ush" 2348
"../../../Engine/Shaders/Private/HeterogeneousVolumes/HeterogeneousVolumesVoxelGridTypes.ush" 2349
"../../../Engine/Shaders/Private/RayTracing/RayTracingDecalGrid.ush" 2350
"../../../Engine/Shaders/Private/PathTracing/Utilities/PathTracingRIS.ush" 2351
"../../../Engine/Shaders/Private/PathTracing/Light/PathTracingLightGrid.ush" 2352
"../../../Engine/Shaders/Private/PathTracing/Material/PathTracingMaterialSampling.ush" 2353
"../../../Engine/Shaders/Private/PathTracing/Material/PathTracingLambert.ush" 2354
"../../../Engine/Shaders/Private/PathTracing/Material/PathTracingSubstrate.ush" 2355
"../../../Engine/Shaders/Private/PathTracing/Material/PathTracingSubstrateCommon.ush" 2356
"../../../Engine/Shaders/Private/PathTracing/Material/PathTracingSubstrateSolidGlass.ush" 2357
"../../../Engine/Shaders/Private/PathTracing/Material/PathTracingSubstrateThinGlass.ush" 2358
"../../../Engine/Shaders/Private/PathTracing/Material/PathTracingSolidGlass.ush" 2359
"../../../Engine/Shaders/Private/PathTracing/Material/PathTracingEnergyConservation.ush" 2360
"../../../Engine/Shaders/Private/PathTracing/Material/PathTracingThinGlass.ush" 2361
"../../../Engine/Shaders/Private/PathTracing/Material/PathTracingDefaultLit.ush" 2362
"../../../Engine/Shaders/Private/PathTracing/Material/PathTracingClearCoat.ush" 2363
"../../../Engine/Shaders/Private/PathTracing/Material/PathTracingTwoSidedFoliage.ush" 2364
"../../../Engine/Shaders/Private/PathTracing/Material/PathTracingCloth.ush" 2365
"../../../Engine/Shaders/Private/PathTracing/Material/PathTracingSubsurfaceProfile.ush" 2366
"../../../Engine/Shaders/Private/PathTracing/Material/PathTracingEye.ush" 2367
"../../../Engine/Shaders/Private/PathTracing/Material/PathTracingHair.ush" 2368
"../../../Engine/Shaders/Private/PathTracing/Material/PathTracingMedium.ush" 2369
"../../../Engine/Shaders/Private/PathTracing/Volume/PathTracingVolume.ush" 2370
"../../../Engine/Shaders/Private/PathTracing/Volume/PathTracingVolumeCommon.ush" 2371
"../../../Engine/Shaders/Private/PathTracing/Volume/PathTracingAtmosphere.ush" 2372
"../../../Engine/Shaders/Private/DoubleWordMath.ush" 2373
"../../../Engine/Shaders/Private/PathTracing/Volume/PathTracingFog.ush" 2374
"../../../Engine/Shaders/Private/PathTracing/Volume/PathTracingHeterogeneousVolumes.ush" 2375
"../../../Engine/Shaders/Private/HeterogeneousVolumes/HeterogeneousVolumesTracingUtils.ush" 2376
"../../../Engine/Shaders/Private/HeterogeneousVolumes/HeterogeneousVolumesVoxelGridTraversal.ush" 2377
"../../../Engine/Shaders/Private/HeterogeneousVolumes/HeterogeneousVolumesVoxelGridUtils.ush" 2378
"../../../Engine/Shaders/Private/HeterogeneousVolumes/HeterogeneousVolumesFrustumVoxelGridUtils.ush" 2379
"../../../Engine/Shaders/Private/PathTracing/Volume/PathTracingVolumeSampling.ush" 2380
"../../../Engine/Shaders/Private/PathTracing/PathTracingBuildLightGrid.usf" 2381
"../../../Engine/Shaders/Private/PathTracing/PathTracingSkylightMISCompensation.usf" 2382
"../../../Engine/Shaders/Private/PathTracing/PathTracingSkylightPrepare.usf" 2383
"../../../Engine/Shaders/Private/OIT/OITSorting.usf" 2384
"../../../Engine/Shaders/Private/OITCombine.usf" 2385
"../../../Engine/Shaders/Private/OITCommon.ush" 2386
"../../../Engine/Shaders/Private/Nanite/Voxel/RasterizeBricks.usf" 2387
"../../../Engine/Shaders/Private/Nanite/Voxel/Brick.ush" 2388
"../../../Engine/Shaders/Private/Nanite/Voxel/Voxel.ush" 2389
"../../../Engine/Shaders/Private/Nanite/Voxel/ScatterBricks.usf" 2390
"../../../Engine/Shaders/Private/Nanite/Voxel/TileBricks.usf" 2391
"../../../Engine/Shaders/Private/Nanite/Voxel/AutoVoxel.usf" 2392
"../../../Engine/Shaders/Private/Nanite/NaniteDebugViews.usf" 2393
"../../../Engine/Shaders/Private/Nanite/NaniteDepthDecode.usf" 2394
"../../../Engine/Shaders/Private/HTileEncoding.ush" 2395
"../../../Engine/Shaders/Private/VelocityCommon.ush" 2396
"../../../Engine/Shaders/Private/Nanite/NaniteVisualize.usf" 2397
"../../../Engine/Shaders/Private/Nanite/NaniteStreamOut.usf" 2398
"../../../Engine/Shaders/Private/Nanite/NaniteHierarchyTraversal.ush" 2399
"../../../Engine/Shaders/Private/Nanite/NaniteShadeBinning.usf" 2400
"../../../Engine/Shaders/Private/Nanite/NaniteShadeCommon.ush" 2401
"../../../Engine/Shaders/Private/Nanite/NaniteMaterialCulling.usf" 2402
"../../../Engine/Shaders/Private/Nanite/NaniteFastClear.usf" 2403
"../../../Engine/Shaders/Private/Nanite/NaniteDepthExport.usf" 2404
"../../../Engine/Shaders/Private/Nanite/NaniteExportGBuffer.usf" 2405
"../../../Engine/Shaders/Private/Nanite/NaniteClusterCulling.usf" 2406
"../../../Engine/Shaders/Private/Nanite/NanitePrintStats.usf" 2407
"../../../Engine/Shaders/Private/Nanite/NaniteRasterizer.usf" 2408
"../../../Engine/Shaders/Private/Nanite/NaniteRasterizationCommon.ush" 2409
"../../../Engine/Shaders/Private/Nanite/NaniteRasterizer.ush" 2410
"../../../Engine/Shaders/Private/Nanite/NaniteWritePixel.ush" 2411
"../../../Engine/Shaders/Private/Nanite/NaniteTessellation.ush" 2412
"../../../Engine/Shaders/Private/WorkDistribution.ush" 2413
"../../../Engine/Shaders/Private/Nanite/NaniteDice.ush" 2414
"../../../Engine/Shaders/Private/Nanite/NaniteSplit.usf" 2415
"../../../Engine/Shaders/Private/Nanite/NaniteRasterBinning.usf" 2416
"../../../Engine/Shaders/Private/Nanite/NaniteInstanceCulling.usf" 2417
"../../../Engine/Shaders/Private/Nanite/NaniteImposter.ush" 2418
"../../../Engine/Shaders/Shared/SceneCullingDefinitions.h" 2419
"../../../Engine/Shaders/Private/Nanite/NaniteInstanceHierarchyCulling.usf" 2420
"../../../Engine/Shaders/Private/Nanite/NanitePrimitiveFilter.usf" 2421
"../../../Engine/Shaders/Private/Nanite/NaniteRasterClear.usf" 2422
"../../../Engine/Shaders/Private/Nanite/NaniteEmitShadow.usf" 2423
"../../../Engine/Shaders/Private/MobileDeferredUtils.usf" 2424
"../../../Engine/Shaders/Private/MobileLocalLightPrepass.usf" 2425
"../../../Engine/Shaders/Private/MobileFog.usf" 2426
"../../../Engine/Shaders/Private/DistortApplyScreenPS.usf" 2427
"../../../Engine/Shaders/Private/MobileDeferredShading.usf" 2428
"../../../Engine/Shaders/Private/MobileLightingCommon.ush" 2429
"../../../Engine/Shaders/Private/MobileBasePassPixelShader.usf" 2430
"../../../Engine/Shaders/Private/MobileBasePassCommon.ush" 2431
"../../../Engine/Shaders/Private/BasePassCommon.ush" 2432
"../../../Engine/Shaders/Private/ShadingModelsMaterial.ush" 2433
"../../../Engine/Shaders/Private/ThinTranslucentCommon.ush" 2434
"../../../Engine/Shaders/Private/SingleLayerWaterShading.ush" 2435
"../../../Engine/Shaders/Private/DistortionCommon.ush" 2436
"../../../Engine/Shaders/Private/Strata/StrataMobileForwardLighting.ush" 2437
"../../../Engine/Shaders/Private/MobileBasePassVertexShader.usf" 2438
"../../../Engine/Shaders/Private/Lumen/LumenVisualizeRadianceCache.usf" 2439
"../../../Engine/Shaders/Private/Lumen/LumenRadianceCacheCommon.ush" 2440
"../../../Engine/Shaders/Private/Lumen/LumenVisualizeHardwareRayTracing.usf" 2441
"../../../Engine/Shaders/Private/Lumen/LumenCardCommon.ush" 2442
"../../../Engine/Shaders/Private/Lumen/LumenTracingCommon.ush" 2443
"../../../Engine/Shaders/Private/Lumen/SurfaceCache/LumenSurfaceCacheSampling.ush" 2444
"../../../Engine/Shaders/Private/Lumen/SurfaceCache/LumenSurfaceCache.ush" 2445
"../../../Engine/Shaders/Private/Lumen/LumenVisualize.ush" 2446
"../../../Engine/Shaders/Private/Lumen/LumenHardwareRayTracingCommon.ush" 2447
"../../../Engine/Shaders/Private/Lumen/LumenHardwareRayTracingPlatformCommon.ush" 2448
"../../../Engine/Shaders/Private/Lumen/LumenReflectionsCombine.ush" 2449
"../../../Engine/Shaders/Private/Lumen/LumenHairTracing.ush" 2450
"../../../Engine/Shaders/Private/Lumen/LumenVisualize.usf" 2451
"../../../Engine/Shaders/Private/Lumen/LumenSoftwareRayTracing.ush" 2452
"../../../Engine/Shaders/Private/DistanceField/GlobalDistanceFieldUtils.ush" 2453
"../../../Engine/Shaders/Private/DistanceField/GlobalDistanceFieldObjectGrid.ush" 2454
"../../../Engine/Shaders/Private/DistanceFieldLightingShared.ush" 2455
"../../../Engine/Shaders/Private/Lumen/LumenVisualizeTraces.ush" 2456
"../../../Engine/Shaders/Private/Lumen/LumenTranslucencyVolumeLighting.usf" 2457
"../../../Engine/Shaders/Private/Lumen/LumenRadianceCacheMarkCommon.ush" 2458
"../../../Engine/Shaders/Private/Lumen/LumenTranslucencyVolumeLightingShared.ush" 2459
"../../../Engine/Shaders/Private/Lumen/LumenScreenProbeCommon.ush" 2460
"../../../Engine/Shaders/Private/Lumen/LumenTranslucencyVolumeHardwareRayTracing.usf" 2461
"../../../Engine/Shaders/Private/Lumen/LumenTranslucencyRadianceCacheMarkShaders.usf" 2462
"../../../Engine/Shaders/Private/Lumen/SurfaceCache/LumenSurfaceCacheFeedback.usf" 2463
"../../../Engine/Shaders/Private/Lumen/SurfaceCache/LumenSurfaceCache.usf" 2464
"../../../Engine/Shaders/Private/Lumen/LumenShortRangeAOHardwareRayTracing.usf" 2465
"../../../Engine/Shaders/Private/Lumen/LumenMaterial.ush" 2466
"../../../Engine/Shaders/Private/Lumen/LumenScreenSpaceBentNormal.usf" 2467
"../../../Engine/Shaders/Private/Lumen/LumenScreenTracing.ush" 2468
"../../../Engine/Shaders/Private/Lumen/LumenScreenProbeTracing.usf" 2469
"../../../Engine/Shaders/Private/Lumen/LumenScreenProbeTracingCommon.ush" 2470
"../../../Engine/Shaders/Private/Lumen/LumenScreenProbeImportanceSampling.usf" 2471
"../../../Engine/Shaders/Private/Lumen/LumenScreenProbeImportanceSamplingShared.ush" 2472
"../../../Engine/Shaders/Private/Lumen/LumenScreenProbeHardwareRayTracing.usf" 2473
"../../../Engine/Shaders/Private/Lumen/LumenScreenProbeGather.usf" 2474
"../../../Engine/Shaders/Private/Lumen/LumenScreenSpaceBentNormal.ush" 2475
"../../../Engine/Shaders/Private/Lumen/LumenScreenProbeLightSampling.usf" 2476
"../../../Engine/Shaders/Private/Lumen/LumenScreenProbeFiltering.usf" 2477
"../../../Engine/Shaders/Private/Lumen/LumenSceneLighting.usf" 2478
"../../../Engine/Shaders/Private/Lumen/LumenCardTile.ush" 2479
"../../../Engine/Shaders/Private/Lumen/LumenSceneLighting.ush" 2480
"../../../Engine/Shaders/Private/Lumen/Radiosity/LumenRadiosity.ush" 2481
"../../../Engine/Shaders/Private/Lumen/LumenSceneLightingDebug.usf" 2482
"../../../Engine/Shaders/Private/Lumen/LumenScene.usf" 2483
"../../../Engine/Shaders/Private/Lumen/LumenSceneDirectLightingHardwareRayTracing.usf" 2484
"../../../Engine/Shaders/Private/Lumen/LumenReflectionCommon.ush" 2485
"../../../Engine/Shaders/Private/Lumen/LumenSceneDirectLighting.ush" 2486
"../../../Engine/Shaders/Private/Lumen/LumenSceneDirectLightingSoftwareRayTracing.usf" 2487
"../../../Engine/Shaders/Private/DistanceFieldShadowingShared.ush" 2488
"../../../Engine/Shaders/Private/Lumen/LumenSceneDirectLightingPerLightShadowCommon.ush" 2489
"../../../Engine/Shaders/Private/Lumen/LumenSceneDirectLightingShadowMask.usf" 2490
"../../../Engine/Shaders/Private/Lumen/LumenSceneDirectLighting.usf" 2491
"../../../Engine/Shaders/Private/Lumen/LumenSceneDirectLightingCulling.usf" 2492
"../../../Engine/Shaders/Private/Lumen/LumenCardPixelShader.usf" 2493
"../../../Engine/Shaders/Private/Lumen/LumenCardVertexShader.usf" 2494
"../../../Engine/Shaders/Private/Lumen/LumenReflectionTracing.usf" 2495
"../../../Engine/Shaders/Private/Lumen/LumenReflections.usf" 2496
"../../../Engine/Shaders/Private/Lumen/LumenReflectionHardwareRayTracing.usf" 2497
"../../../Engine/Shaders/Private/Lumen/Radiosity/LumenVisualizeRadiosityProbes.usf" 2498
"../../../Engine/Shaders/Private/Lumen/Radiosity/LumenRadiosity.usf" 2499
"../../../Engine/Shaders/Private/RayTracing/RayGenUtils.ush" 2500
"../../../Engine/Shaders/Private/Lumen/Radiosity/LumenRadiosityHardwareRayTracing.usf" 2501
"../../../Engine/Shaders/Private/Lumen/Radiosity/LumenRadiosityCulling.usf" 2502
"../../../Engine/Shaders/Private/Lumen/LumenRadianceCacheHardwareRayTracing.usf" 2503
"../../../Engine/Shaders/Private/Lumen/LumenRadianceCacheTracingCommon.ush" 2504
"../../../Engine/Shaders/Private/Lumen/LumenRadianceCache.usf" 2505
"../../../Engine/Shaders/Private/Lumen/LumenRadianceCacheUpdate.ush" 2506
"../../../Engine/Shaders/Private/Lumen/LumenRadianceCacheDebug.usf" 2507
"../../../Engine/Shaders/Private/Lumen/LumenRadianceCacheUpdate.usf" 2508
"../../../Engine/Shaders/Private/Lumen/LumenMeshSDFCulling.usf" 2509
"../../../Engine/Shaders/Private/HybridIndirectLighting.ush" 2510
"../../../Engine/Shaders/Private/MeshDistanceFieldCommon.ush" 2511
"../../../Engine/Shaders/Private/Lumen/LumenIrradianceFieldGather.usf" 2512
"../../../Engine/Shaders/Private/Lumen/LumenHardwareRayTracingMaterials.usf" 2513
"../../../Engine/Shaders/Private/Lumen/LumenFrontLayerTranslucency.usf" 2514
"../../../Engine/Shaders/Private/LocalHeightFog.usf" 2515
"../../../Engine/Shaders/Private/LightShaftShader.usf" 2516
"../../../Engine/Shaders/Private/StationaryLightOverlapShaders.usf" 2517
"../../../Engine/Shaders/Private/DeferredLightPixelShaders.usf" 2518
"../../../Engine/Shaders/Private/HairStrands/HairStrandsVisibilityUtils.ush" 2519
"../../../Engine/Shaders/Private/DeferredLightVertexShaders.usf" 2520
"../../../Engine/Shaders/Private/LightMapDensityShader.usf" 2521
"../../../Engine/Shaders/Private/LightGridInjection.usf" 2522
"../../../Engine/Shaders/Private/LightFunctionPixelShader.usf" 2523
"../../../Engine/Shaders/Private/LightFunctionVertexShader.usf" 2524
"../../../Engine/Shaders/Private/InstanceCulling/BuildInstanceDrawCommands.usf" 2525
"../../../Engine/Shaders/Private/InstanceCulling/InstanceCompactionCommon.ush" 2526
"../../../Engine/Shaders/Private/InstanceCulling/CompactVisibleInstances.usf" 2527
"../../../Engine/Shaders/Private/ReflectionEnvironmentPixelShader.usf" 2528
"../../../Engine/Shaders/Private/Strata/StrataEnvironmentLighting.ush" 2529
"../../../Engine/Shaders/Private/AmbientCubemapComposite.usf" 2530
"../../../Engine/Shaders/Private/DiffuseIndirectComposite.usf" 2531
"../../../Engine/Shaders/Private/IESAtlas.usf" 2532
"../../../Engine/Shaders/Private/HeterogeneousVolumes/HeterogeneousVolumesVoxelGridRendering.usf" 2533
"../../../Engine/Shaders/Private/HeterogeneousVolumes/HeterogeneousVolumesVoxelGridPipeline.usf" 2534
"../../../Engine/Shaders/Private/HeterogeneousVolumes/HeterogeneousVolumesMaterialBakingPipeline.usf" 2535
"../../../Engine/Shaders/Private/HeterogeneousVolumes/HeterogeneousVolumesLiveShadingUtils.ush" 2536
"../../../Engine/Shaders/Private/HeterogeneousVolumes/HeterogeneousVolumesFrustumVoxelGrid.usf" 2537
"../../../Engine/Shaders/Private/HeterogeneousVolumes/HeterogeneousVolumesSparseVoxelPipeline.usf" 2538
"../../../Engine/Shaders/Private/HeterogeneousVolumes/HeterogeneousVolumesSparseVoxelUtils.ush" 2539
"../../../Engine/Shaders/Private/HeterogeneousVolumes/HeterogeneousVolumesSparseVoxelUniformBufferUtils.ush" 2540
"../../../Engine/Shaders/Private/HeterogeneousVolumes/HeterogeneousVolumesPreshadingPipeline.usf" 2541
"../../../Engine/Shaders/Private/HeterogeneousVolumes/HeterogeneousVolumesLightingUtils.ush" 2542
"../../../Engine/Shaders/Private/HeterogeneousVolumes/HeterogeneousVolumesRayMarchingUtils.ush" 2543
"../../../Engine/Shaders/Private/HeterogeneousVolumes/HeterogeneousVolumesTransmittanceVolumeUtils.ush" 2544
"../../../Engine/Shaders/Private/HeterogeneousVolumes/HeterogeneousVolumesLiveShadingPipeline.usf" 2545
"../../../Engine/Shaders/Private/HeterogeneousVolumes/HeterogeneousVolumesHardwareRayTracing.usf" 2546
"../../../Engine/Shaders/Private/HeterogeneousVolumes/HeterogeneousVolumesComposite.usf" 2547
"../../../Engine/Shaders/Private/HdrCustomResolveShaders.usf" 2548
"../../../Engine/Shaders/Private/HairStrands/HairStrandsVoxelRasterCompute.usf" 2549
"../../../Engine/Shaders/Private/Matrices.ush" 2550
"../../../Engine/Shaders/Private/HairStrands/HairStrandsAABBCommon.ush" 2551
"../../../Engine/Shaders/Private/HairStrands/HairStrandsClusterCommon.ush" 2552
"../../../Engine/Shaders/Private/HairStrands/HairStrandsRaytracingGeometry.usf" 2553
"../../../Engine/Shaders/Private/HairStrands/HairStrandsHitProxy.usf" 2554
"../../../Engine/Shaders/Private/HairStrands/HairStrandsVisibilityRasterComputeNaive.usf" 2555
"../../../Engine/Shaders/Private/HairStrands/HairStrandsVisibilityRasterHW.usf" 2556
"../../../Engine/Shaders/Private/HairStrands/HairStrandsVisibilityRasterCompute.usf" 2557
"../../../Engine/Shaders/Private/HairStrands/HairStrandsVisibilityRasterClassification.usf" 2558
"../../../Engine/Shaders/Private/HairStrands/HairStrandsCoverage.usf" 2559
"../../../Engine/Shaders/Private/HairStrands/HairStrandsVisibilityDepthPS.usf" 2560
"../../../Engine/Shaders/Private/HairStrands/HairStrandsVisibilityTransmittanceDepthPS.usf" 2561
"../../../Engine/Shaders/Private/HairStrands/HairStrandsVisibilityFillOpaqueDepthPS.usf" 2562
"../../../Engine/Shaders/Private/HairStrands/HairStrandsVisibilityCompactionComputeRaster.usf" 2563
"../../../Engine/Shaders/Private/HairStrands/HairStrandsVisibilityCompaction.usf" 2564
"../../../Engine/Shaders/Private/HairStrands/HairStrandsVisibilityCopyIndirectArg.usf" 2565
"../../../Engine/Shaders/Private/HairStrands/HairStrandsVisibilityClearPS.usf" 2566
"../../../Engine/Shaders/Private/HairStrands/HairStrandsVisibilityPS.usf" 2567
"../../../Engine/Shaders/Private/HairStrands/HairStrandsVisibilityVS.usf" 2568
"../../../Engine/Shaders/Private/HairStrands/HairStrandsVelocity.usf" 2569
"../../../Engine/Shaders/Private/HairStrands/HairStrandsDebug.usf" 2570
"../../../Engine/Shaders/Private/HairStrands/HairStrandsBindingCommon.ush" 2571
"../../../Engine/Shaders/Private/HairStrands/HairStrandsDeepShadowCommon.ush" 2572
"../../../Engine/Shaders/Private/HairStrands/HairStrandsDebugCommonStruct.ush" 2573
"../../../Engine/Shaders/Private/HairStrands/HairStrandsVisibilityComputeSampleCoverage.usf" 2574
"../../../Engine/Shaders/Private/HairStrands/HairStrandsMaterialPS.usf" 2575
"../../../Engine/Shaders/Private/HairStrands/HairStrandsMaterialCommon.ush" 2576
"../../../Engine/Shaders/Private/HairStrands/HairStrandsMaterialVS.usf" 2577
"../../../Engine/Shaders/Private/HairStrands/HairStrandsLightSample.usf" 2578
"../../../Engine/Shaders/Private/HairStrands/HairStrandsDeepShadowMask.usf" 2579
"../../../Engine/Shaders/Private/HairStrands/HairStrandsDeepTransmittanceMask.usf" 2580
"../../../Engine/Shaders/Private/HairStrands/HairStrandsVisibilityTile.usf" 2581
"../../../Engine/Shaders/Private/HairStrands/HairStrandsDeepShadowPS.usf" 2582
"../../../Engine/Shaders/Private/HairStrands/HairStrandsDeepShadowVS.usf" 2583
"../../../Engine/Shaders/Private/HairStrands/HairStrandsLUT.usf" 2584
"../../../Engine/Shaders/Private/HairStrands/HairStrandsForwardRaster.usf" 2585
"../../../Engine/Shaders/Private/HairStrands/HairStrandsForwardCulling.usf" 2586
"../../../Engine/Shaders/Private/HairStrands/HairStrandsEnvironmentLighting.usf" 2587
"../../../Engine/Shaders/Private/HairStrands/HairStrandsEnvironmentAO.usf" 2588
"../../../Engine/Shaders/Private/HairStrands/HairStrandsDeepShadowAllocation.usf" 2589
"../../../Engine/Shaders/Private/HairStrands/HairStrandsVoxelDebug.usf" 2590
"../../../Engine/Shaders/Private/HairStrands/HairStrandsGBufferWrite.usf" 2591
"../../../Engine/Shaders/Private/HairStrands/HairStrandsGBufferCommon.ush" 2592
"../../../Engine/Shaders/Private/HairStrands/HairStrandsVisibilityComposeSubPixelPS.usf" 2593
"../../../Engine/Shaders/Private/HairStrands/HairStrandsAABB.usf" 2594
"../../../Engine/Shaders/Private/GPUScene/GPUSceneDataManagement.usf" 2595
"../../../Engine/Shaders/Private/GPUSceneDebugRender.usf" 2596
"../../../Engine/Shaders/Private/GPUFastFourierTransform.usf" 2597
"../../../Engine/Shaders/Private/GPUFastFourierTransform2DCore.ush" 2598
"../../../Engine/Shaders/Private/GPUFastFourierTransformCore.ush" 2599
"../../../Engine/Shaders/Private/GPUBenchmark.usf" 2600
"../../../Engine/Shaders/Private/DistanceField/GlobalDistanceFieldDebug.usf" 2601
"../../../Engine/Shaders/Private/DistanceField/GlobalDistanceFieldMip.usf" 2602
"../../../Engine/Shaders/Private/DistanceField/GlobalDistanceField.usf" 2603
"../../../Engine/Shaders/Private/DistanceField/GlobalDistanceFieldUpdate.ush" 2604
"../../../Engine/Shaders/Private/DistanceField/GlobalDistanceFieldCompositeObjects.usf" 2605
"../../../Engine/Shaders/Private/DistanceField/GlobalDistanceFieldHeightfields.usf" 2606
"../../../Engine/Shaders/Private/HeightfieldLightingShared.ush" 2607
"../../../Engine/Shaders/Private/GenerateConservativeDepth.usf" 2608
"../../../Engine/Shaders/Private/HeightFogPixelShader.usf" 2609
"../../../Engine/Shaders/Private/HeightFogVertexShader.usf" 2610
"../../../Engine/Shaders/Private/DistortFiltering.usf" 2611
"../../../Engine/Shaders/Private/DistortAccumulatePS.usf" 2612
"../../../Engine/Shaders/Private/DistortAccumulateVS.usf" 2613
"../../../Engine/Shaders/Private/DistanceFieldVisualization.usf" 2614
"../../../Engine/Shaders/Private/DistanceFieldStreaming.usf" 2615
"../../../Engine/Shaders/Private/DistanceFieldShadowing.usf" 2616
"../../../Engine/Shaders/Private/DistanceFieldScreenGridLighting.usf" 2617
"../../../Engine/Shaders/Private/DistanceFieldObjectCulling.usf" 2618
"../../../Engine/Shaders/Private/DistanceFieldLightingPost.usf" 2619
"../../../Engine/Shaders/Private/DitheredTransitionStencil.usf" 2620
"../../../Engine/Shaders/Private/CopyDepthTextureCS.usf" 2621
"../../../Engine/Shaders/Private/DeferredDecal.usf" 2622
"../../../Engine/Shaders/Private/DecalCommon.ush" 2623
"../../../Engine/Shaders/Private/DebugViewModeVertexShader.usf" 2624
"../../../Engine/Shaders/Private/DebugViewModeCommon.ush" 2625
"../../../Engine/Shaders/Private/DebugViewModePixelShader.usf" 2626
"../../../Engine/Shaders/Private/DebugProbes.usf" 2627
"../../../Engine/Shaders/Private/MeshDecals.usf" 2628
"../../../Engine/Shaders/Private/PostProcessAmbientOcclusion.usf" 2629
"../../../Engine/Shaders/Private/ClusteredDeferredShadingPixelShader.usf" 2630
"../../../Engine/Shaders/Private/ClusteredDeferredShadingVertexShader.usf" 2631
"../../../Engine/Shaders/Private/CapsuleShadowShaders.usf" 2632
"../../../Engine/Shaders/Private/BasePassPixelShader.usf" 2633
"../../../Engine/Shaders/Private/ForwardLightingCommon.ush" 2634
"../../../Engine/Shaders/Private/Strata/StrataForwardLighting.ush" 2635
"../../../Engine/Shaders/Private/ComputeShaderOutputCommon.ush" 2636
"../../../Engine/Shaders/Private/BasePassVertexShader.usf" 2637
"../../../Engine/Shaders/Private/BasePassVertexCommon.ush" 2638
"../../../Engine/Shaders/Private/SimpleElementVolumeTexturePreviewPixelShader.usf" 2639
"../../../Engine/Shaders/Private/SimpleElementTexture2DPreviewPixelShader.usf" 2640
"../../../Engine/Shaders/Private/meshpaintdilatepixelshader.usf" 2641
"../../../Engine/Shaders/Private/meshpaintdilatevertexshader.usf" 2642
"../../../Engine/Shaders/Private/MeshPaintPixelShader.usf" 2643
"../../../Engine/Shaders/Private/MeshPaintVertexShader.usf" 2644
"../../../Engine/Shaders/Private/Tools/VisualizeTexture.usf" 2645
"../../../Engine/Shaders/Private/ByteBuffer.usf" 2646
"../../../Engine/Shaders/Private/ResolveVertexShader.usf" 2647
"../../../Engine/Shaders/Private/ResolvePixelShader.usf" 2648
"../../../Engine/Shaders/Private/Tools/SetupIndirectArgs.usf" 2649
"../../../Engine/Shaders/Private/Tools/ClearUAV.usf" 2650
"../../../Engine/Shaders/Private/ClearReplacementShaders.usf" 2651
"../../../Engine/Shaders/Private/Tools/DrawTexture.usf" 2652
"../../../Engine/Shaders/Private/RayTracing/RayTracingValidation.usf" 2653
"../../../Engine/Shaders/Private/RenderGraphUtilities.usf" 2654
"../../../Engine/Shaders/Private/OneColorShader.usf" 2655
"../../../Engine/Shaders/Private/OculusShaders.usf" 2656
"../../../Engine/Shaders/Private/MediaShaders.usf" 2657
"../../../Engine/Shaders/Private/GPUMessaging.usf" 2658
"../../../Engine/Shaders/Private/NullPixelShader.usf" 2659
"../../../Engine/Shaders/Private/ComputeGenerateMips.usf" 2660
"../../../Engine/Shaders/Private/Tools/DumpTexture.usf" 2661
"../../../Engine/Shaders/Private/CopyTextureShaders.usf" 2662
"../../../Engine/Shaders/Private/Tools/FullscreenVertexShader.usf" 2663
"../../../Engine/Shaders/Private/RayTracing/RayTracingDispatchDesc.usf" 2664
"../../../Engine/Shaders/Private/Bink.usf" 2665
"../../../Engine/Shaders/Private/VelocityShader.usf" 2666
"../../../Engine/Shaders/Private/DepthOnlyPixelShader.usf" 2667
"../../../Engine/Shaders/Private/PositionOnlyDepthVertexShader.usf" 2668
"../../../Engine/Shaders/Private/DepthOnlyVertexShader.usf" 2669
"../../../Engine/Shaders/Private/AnisotropyPassShader.usf" 2670
"../../../../../../Users/Abies/Documents/Unreal Projects/MyProject2/Intermediate/ShaderAutogen/PCD3D_SM5/AutogenShaderHeaders.ush" 2671
"../../../Engine/Content/EditorResources/S_Actor.uasset" 2672
"C:/Users/Abies/AppData/Local/UnrealEngine/Common/DerivedDataCache/Buckets/BulkDataList/51/40/3e7ad2a6542e9fef30cf16f1b8debd196a51.udd" 2673
"../../../Engine/Content/EditorResources/S_BoxReflectionCapture.uasset" 2674
"C:/Users/Abies/AppData/Local/UnrealEngine/Common/DerivedDataCache/Buckets/BulkDataList/e6/0f/879788bc5bf739ed6544d7cf9035c9f5539c.udd" 2675
"../../../Engine/Content/EngineResources/DefaultTexture.uasset" 2676
"C:/Users/Abies/AppData/Local/UnrealEngine/Common/DerivedDataCache/Buckets/BulkDataList/93/6f/a4f0aca93893cfe81d47d7f7f691e711185c.udd" 2677
"../../../Engine/Content/EngineResources/DefaultTextureCube.uasset" 2678
"C:/Users/Abies/AppData/Local/UnrealEngine/Common/DerivedDataCache/Buckets/BulkDataList/86/28/e15eb054957577362151709c1b86cea10e6b.udd" 2679
"../../../Engine/Content/EngineResources/DefaultVolumeTexture.uasset" 2680
"../../../Engine/Content/EngineResources/DefaultVolumeTexture2D.uasset" 2681
"C:/Users/Abies/AppData/Local/UnrealEngine/Common/DerivedDataCache/Buckets/BulkDataList/75/dd/88f6ca964f313aeb0772420f51689955bfb9.udd" 2682
"C:/Users/Abies/AppData/Local/UnrealEngine/Common/DerivedDataCache/Buckets/BulkDataList/07/fa/54c0f863a1d45f3896173c44e53a5b4de3a5.udd" 2683
"../../../Engine/Content/EngineFonts/RobotoDistanceField.uasset" 2684
"C:/Users/Abies/AppData/Local/UnrealEngine/Common/DerivedDataCache/Buckets/BulkDataList/b2/08/3832326f8380e5216af01d9cdb21b0a8d6a8.udd" 2685
"../../../Engine/Content/EngineMaterials/DefaultTextMaterialOpaque.uasset" 2686
"../../../Engine/Content/Functions/Engine_MaterialFunctions01/Shading/PowerToRoughness.uasset" 2687
"../../../Engine/Content/Functions/Engine_MaterialFunctions01/Shading/ConvertFromDiffSpec.uasset" 2688
"../../../Engine/Content/EngineMaterials/WorldGridMaterial.uasset" 2689
"../../../Engine/Content/Functions/Engine_MaterialFunctions01/Opacity/CameraDepthFade.uasset" 2690
"../../../Engine/Content/EngineMaterials/T_Default_Material_Grid_M.uasset" 2691
"../../../Engine/Content/EngineMaterials/T_Default_Material_Grid_N.uasset" 2692
"../../../Engine/Content/EngineMaterials/DefaultDeferredDecalMaterial.uasset" 2693
"../../../Engine/Content/EngineMaterials/DefaultDiffuse.uasset" 2694
"../../../Engine/Content/EngineMaterials/DefaultLightFunctionMaterial.uasset" 2695
"../../../Engine/Content/EngineMaterials/DefaultPostProcessMaterial.uasset" 2696
"../../../Engine/Content/Functions/Engine_MaterialFunctions02/Utility/BreakOutFloat2Components.uasset" 2697
"C:/Users/Abies/AppData/Local/UnrealEngine/Common/DerivedDataCache/Buckets/BulkDataList/79/e6/9ec483af00a7907865632534cfe7dc6dfbdf.udd" 2698
"C:/Users/Abies/AppData/Local/UnrealEngine/Common/DerivedDataCache/Buckets/BulkDataList/59/aa/d2477e071c3f8f078380c18ebe7b3378882e.udd" 2699
"C:/Users/Abies/AppData/Local/UnrealEngine/Common/DerivedDataCache/Buckets/BulkDataList/52/de/3fb6937a1aea447b81785750b164c6082a13.udd" 2700
"../../../Engine/Content/EditorResources/S_Trigger.uasset" 2701
"C:/Users/Abies/AppData/Local/UnrealEngine/Common/DerivedDataCache/Buckets/BulkDataList/70/8d/ed60c5b6ada70e90f2a8e35bf8b5cf2f12b5.udd" 2702
"../../../Engine/Content/EditorResources/S_TriggerBox.uasset" 2703
"C:/Users/Abies/AppData/Local/UnrealEngine/Common/DerivedDataCache/Buckets/BulkDataList/fe/f8/626701e4412755b87b2e39db5d7ffd40cee7.udd" 2704
"../../../Engine/Content/EditorResources/S_TriggerCapsule.uasset" 2705
"C:/Users/Abies/AppData/Local/UnrealEngine/Common/DerivedDataCache/Buckets/BulkDataList/0d/55/481d633af8615c1c951735228b726440c1d1.udd" 2706
"../../../Engine/Content/EditorResources/S_TriggerSphere.uasset" 2707
"C:/Users/Abies/AppData/Local/UnrealEngine/Common/DerivedDataCache/Buckets/BulkDataList/98/be/618974e101e5780b423112e94d8037abd00f.udd" 2708
"../../../Engine/Content/EngineDamageTypes/DmgTypeBP_Environmental.uasset" 2709
"../../../Engine/Content/EngineSky/VolumetricClouds/m_SimpleVolumetricCloud_Inst.uasset" 2710
"../../../Engine/Content/EngineSky/VolumetricClouds/m_SimpleVolumetricCloud.uasset" 2711
"../../../Engine/Content/Functions/Engine_MaterialFunctions02/Utility/MakeFloat2.uasset" 2712
"../../../Engine/Content/EngineSky/VolumetricClouds/CloudGradientTexture.uasset" 2713
"../../../Engine/Content/EngineSky/VolumetricClouds/CloudWeatherTexture.uasset" 2714
"../../../Engine/Content/EngineSky/VolumetricClouds/T_VolumeNoiseErosion32.uasset" 2715
"../../../Engine/Content/EngineSky/VolumetricClouds/T_NoiseErosion.uasset" 2716
"../../../Engine/Content/EngineSky/VolumetricClouds/T_VolumeNoiseShape64.uasset" 2717
"../../../Engine/Content/EngineSky/VolumetricClouds/T_NoiseShape64.uasset" 2718
"C:/Users/Abies/AppData/Local/UnrealEngine/Common/DerivedDataCache/Buckets/BulkDataList/ad/91/85c7f07a33e504c37ede6c0231433e3a6b32.udd" 2719
"C:/Users/Abies/AppData/Local/UnrealEngine/Common/DerivedDataCache/Buckets/BulkDataList/c0/79/138f43faac0bb558c80932c2c76702e91d2b.udd" 2720
"C:/Users/Abies/AppData/Local/UnrealEngine/Common/DerivedDataCache/Buckets/BulkDataList/63/59/deaf389fe110d30d09a28e998ad3f55f4707.udd" 2721
"C:/Users/Abies/AppData/Local/UnrealEngine/Common/DerivedDataCache/Buckets/BulkDataList/9f/12/14f79a270e51e3b9059c806080b5c3a805ac.udd" 2722
"C:/Users/Abies/AppData/Local/UnrealEngine/Common/DerivedDataCache/Buckets/BulkDataList/63/5c/2bcdb6b2d794dce7c26d64d6cd3f532032df.udd" 2723
"C:/Users/Abies/AppData/Local/UnrealEngine/Common/DerivedDataCache/Buckets/BulkDataList/d0/07/a468ff37ed812e30cb838793610d75f9f5b2.udd" 2724
"../../../Engine/Content/EngineMeshes/Sphere.uasset" 2725
"C:/Users/Abies/AppData/Local/UnrealEngine/Common/DerivedDataCache/Buckets/StaticMesh/de/6e/4ed027489fca879bf52485549fd89853b156.udd" 2726
"C:/Users/Abies/AppData/Local/UnrealEngine/Common/DerivedDataCache/Buckets/LegacyNavCollision/51/68/0fc6bc0e92f39af7f3950b9d76f142e2dfc8.udd" 2727
"../../../Engine/Content/EngineResources/WhiteSquareTexture.uasset" 2728
"C:/Users/Abies/AppData/Local/UnrealEngine/Common/DerivedDataCache/Buckets/BulkDataList/48/d0/61f53c03b993ca6eb17ad2acf3f0cbfb7692.udd" 2729
"../../../Engine/Content/EngineResources/GradientTexture0.uasset" 2730
"C:/Users/Abies/AppData/Local/UnrealEngine/Common/DerivedDataCache/Buckets/BulkDataList/0e/54/4ec3d935b13f8e74966345b1802cb68bd753.udd" 2731
"../../../Engine/Content/EngineResources/Black.uasset" 2732
"C:/Users/Abies/AppData/Local/UnrealEngine/Common/DerivedDataCache/Buckets/BulkDataList/f5/3d/12e6164f75440238acdb85fec45836d23e43.udd" 2733
"../../../Engine/Content/EngineMaterials/Widget3DPassThrough_Translucent.uasset" 2734
"../../../Engine/Content/EngineMaterials/Widget3DPassThrough.uasset" 2735
"../../../Engine/Content/EngineMaterials/Widget3DPassThrough_Translucent_OneSided.uasset" 2736
"../../../Engine/Content/EngineMaterials/Widget3DPassThrough_Opaque.uasset" 2737
"../../../Engine/Content/EngineMaterials/Widget3DPassThrough_Opaque_OneSided.uasset" 2738
"../../../Engine/Content/EngineMaterials/Widget3DPassThrough_Masked.uasset" 2739
"../../../Engine/Content/EngineMaterials/Widget3DPassThrough_Masked_OneSided.uasset" 2740
"../../../Engine/Content/VREditor/ViewportInteractionAssetContainerData.uasset" 2741
"../../../Engine/Content/VREditor/SnapGrid/SnapGridMaterial.uasset" 2742
"../../../Engine/Content/Functions/Engine_MaterialFunctions02/Math/Transform3x3Matrix.uasset" 2743
"../../../Engine/Content/Functions/Engine_MaterialFunctions02/Utility/BreakOutFloat3Components.uasset" 2744
"../../../Engine/Content/Functions/Engine_MaterialFunctions02/SplitComponents.uasset" 2745
"../../../Engine/Content/Functions/Engine_MaterialFunctions02/Utility/MakeFloat3.uasset" 2746
"../../../Engine/Content/VREditor/TransformGizmo/TransformGizmoMaterial_Inst.uasset" 2747
"../../../Engine/Content/VREditor/TransformGizmo/TransformGizmoMaterial.uasset" 2748
"../../../Engine/Content/VREditor/LaserPointer/VR_LaserPower_01.uasset" 2749
"../../../Engine/Content/VREditor/TransformGizmo/TranslucentTransformGizmoMaterial_Inst.uasset" 2750
"../../../Engine/Content/VREditor/TransformGizmo/TranslucentTransformGizmoMaterial.uasset" 2751
"../../../Engine/Content/VREditor/SnapGrid/SnapGridPlaneMesh.uasset" 2752
"../../../Engine/Content/VREditor/Sounds/UI/Drop_Item_From_ContentBrowser.uasset" 2753
"../../../Engine/Content/VREditor/Sounds/UI/Gizmo_Handle_Clicked.uasset" 2754
"../../../Engine/Content/VREditor/Sounds/UI/Object_PickUp.uasset" 2755
"../../../Engine/Content/VREditor/Sounds/UI/Object_Snaps_To_Another_Actor.uasset" 2756
"../../../Engine/Content/VREditor/Sounds/UI/Object_Snaps_To_Grid.uasset" 2757
"../../../Engine/Content/VREditor/Sounds/UI/Scaling_Down.uasset" 2758
"../../../Engine/Content/VREditor/Sounds/UI/Scaling_Up.uasset" 2759
"../../../Engine/Content/VREditor/Sounds/UI/Selection_Changes.uasset" 2760
"../../../Engine/Content/VREditor/TransformGizmo/PlaneTranslationHandle.uasset" 2761
"../../../Engine/Content/VREditor/TransformGizmo/RotationHandleFull.uasset" 2762
"../../../Engine/Content/VREditor/TransformGizmo/RotationHandleIndicator.uasset" 2763
"../../../Engine/Content/VREditor/TransformGizmo/RotationHandleQuarter.uasset" 2764
"../../../Engine/Content/VREditor/TransformGizmo/StartRotationHandleIndicator.uasset" 2765
"../../../Engine/Content/VREditor/TransformGizmo/TransformGizmoFreeRotation.uasset" 2766
"../../../Engine/Content/VREditor/TransformGizmo/TranslateArrowHandle.uasset" 2767
"../../../Engine/Content/VREditor/TransformGizmo/UniformScaleHandle.uasset" 2768
"C:/Users/Abies/AppData/Local/UnrealEngine/Common/DerivedDataCache/Buckets/BulkDataList/d5/75/d220595cf8febe9dbc65c2d3dcb43e356e95.udd" 2769
"C:/Users/Abies/AppData/Local/UnrealEngine/Common/DerivedDataCache/Buckets/BulkDataList/67/b9/af1236ab42d3cabb7787814eabbed621b6c7.udd" 2770
"C:/Users/Abies/AppData/Local/UnrealEngine/Common/DerivedDataCache/Buckets/BulkDataList/6e/97/d7960d1dd78110375f0c8db9b88bbb40f339.udd" 2771
"C:/Users/Abies/AppData/Local/UnrealEngine/Common/DerivedDataCache/Buckets/BulkDataList/c5/c1/1b92c84469aff329a3b2818f27306401028f.udd" 2772
"C:/Users/Abies/AppData/Local/UnrealEngine/Common/DerivedDataCache/Buckets/BulkDataList/21/5c/6556f05221bc33086a0cc160fc718f0b3872.udd" 2773
"C:/Users/Abies/AppData/Local/UnrealEngine/Common/DerivedDataCache/Buckets/BulkDataList/de/04/dfca6b2c6d1166391ebaad8ced0841c201eb.udd" 2774
"C:/Users/Abies/AppData/Local/UnrealEngine/Common/DerivedDataCache/Buckets/BulkDataList/0d/18/bfe341f42406ccaf23d1121fbd0defddb4bd.udd" 2775
"C:/Users/Abies/AppData/Local/UnrealEngine/Common/DerivedDataCache/Buckets/BulkDataList/49/be/8565e24faf994065d355a1275be63d5a7df3.udd" 2776
"C:/Users/Abies/AppData/Local/UnrealEngine/Common/DerivedDataCache/Buckets/BulkDataList/8c/25/c95a4c90d758824e87265e6ca7973af57ea2.udd" 2777
"C:/Users/Abies/AppData/Local/UnrealEngine/Common/DerivedDataCache/Buckets/StaticMesh/48/78/04f5150cb4c2dfc34c58f88a190938bef175.udd" 2778
"C:/Users/Abies/AppData/Local/UnrealEngine/Common/DerivedDataCache/Buckets/StaticMesh/89/50/dc582fe2e741e478bc5e50c9b2444c9e4493.udd" 2779
"C:/Users/Abies/AppData/Local/UnrealEngine/Common/DerivedDataCache/Buckets/StaticMesh/54/92/671463dc16a893f510bd46f45a7798a41103.udd" 2780
"C:/Users/Abies/AppData/Local/UnrealEngine/Common/DerivedDataCache/Buckets/StaticMesh/4d/86/6aa091a9732fe525a6fe3653d37ba41a6ee0.udd" 2781
"C:/Users/Abies/AppData/Local/UnrealEngine/Common/DerivedDataCache/Buckets/StaticMesh/97/67/b4617224bd8ea96c6128725c18bed4410945.udd" 2782
"C:/Users/Abies/AppData/Local/UnrealEngine/Common/DerivedDataCache/Buckets/StaticMesh/49/17/29efddabde27053d47ca97cc03b5c450befb.udd" 2783
"C:/Users/Abies/AppData/Local/UnrealEngine/Common/DerivedDataCache/Buckets/StaticMesh/81/d5/ae580439212a93599467276026e7e337acd1.udd" 2784
"C:/Users/Abies/AppData/Local/UnrealEngine/Common/DerivedDataCache/Buckets/StaticMesh/0d/07/32b42acf0908d347bd0b47535dcc6881fab4.udd" 2785
"C:/Users/Abies/AppData/Local/UnrealEngine/Common/DerivedDataCache/Buckets/StaticMesh/c2/df/a085da0c28e13bb137669905750f864d5001.udd" 2786
"../../../Engine/Content/VREditor/TransformGizmo/BoundingBoxCorner.uasset" 2787
"C:/Users/Abies/AppData/Local/UnrealEngine/Common/DerivedDataCache/Buckets/StaticMesh/58/ee/d04585518f5b022190fbc301f2976a358c6c.udd" 2788
"../../../Engine/Content/VREditor/TransformGizmo/BoundingBoxEdge.uasset" 2789
"C:/Users/Abies/AppData/Local/UnrealEngine/Common/DerivedDataCache/Buckets/StaticMesh/09/71/7e504c564cf726b708ccf71e60fdf88d6981.udd" 2790
"../../../Engine/Content/VREditor/TransformGizmo/SM_Sequencer_Node.uasset" 2791
"../../../Engine/Content/VREditor/TransformGizmo/Main.uasset" 2792
"../../../Engine/Content/VREditor/TransformGizmo/Xray.uasset" 2793
"C:/Users/Abies/AppData/Local/UnrealEngine/Common/DerivedDataCache/Buckets/StaticMesh/f2/bb/ed62774489493afbfe2748c69cc740218bc4.udd" 2794
"../../../Engine/Content/EditorResources/S_Solver.uasset" 2795
"C:/Users/Abies/AppData/Local/UnrealEngine/Common/DerivedDataCache/Buckets/BulkDataList/db/57/f30e6c8bdefc5c5e7a5022ffc5c150a3824c.udd" 2796
"../../../Engine/Content/EngineDebugMaterials/VolumeToRender.uasset" 2797
"C:/Users/Abies/AppData/Local/UnrealEngine/Common/DerivedDataCache/Buckets/BulkDataList/20/d6/d0f94369ffdd777b3f8b1dd30a8366c3a63a.udd" 2798
"../../../Engine/Content/EngineDebugMaterials/M_VolumeRenderSphereTracePP.uasset" 2799
"../../../Engine/Content/Functions/Engine_MaterialFunctions02/Utility/CameraDirectionVector.uasset" 2800
"../../../Engine/Content/EditorMeshes/Camera/SM_CraneRig_Base.uasset" 2801
"../../../Engine/Content/EditorMaterials/Camera/MI_CineMat_Rig.uasset" 2802
"../../../Engine/Content/EditorMaterials/Camera/CineMat.uasset" 2803
"C:/Users/Abies/AppData/Local/UnrealEngine/Common/DerivedDataCache/Buckets/StaticMesh/ae/cf/91ff39a29e5943ea522fbb08b21ffdd019c0.udd" 2804
"../../../Engine/Content/EditorMeshes/Camera/SM_CraneRig_Arm.uasset" 2805
"C:/Users/Abies/AppData/Local/UnrealEngine/Common/DerivedDataCache/Buckets/StaticMesh/46/8c/fd863bc165c96ab22705a40ecb4f07272387.udd" 2806
"../../../Engine/Content/EditorMeshes/Camera/SM_CraneRig_Mount.uasset" 2807
"C:/Users/Abies/AppData/Local/UnrealEngine/Common/DerivedDataCache/Buckets/StaticMesh/36/70/085a78bb4504315862ef94d85a68ba1864ae.udd" 2808
"../../../Engine/Content/EditorMeshes/Camera/SM_CraneRig_Body.uasset" 2809
"C:/Users/Abies/AppData/Local/UnrealEngine/Common/DerivedDataCache/Buckets/StaticMesh/7c/ab/a8964e5e56414c5da83b4b5ac1b483407535.udd" 2810
"../../../Engine/Content/EditorMeshes/Camera/SM_RailRig_Track.uasset" 2811
"C:/Users/Abies/AppData/Local/UnrealEngine/Common/DerivedDataCache/Buckets/StaticMesh/d2/d3/a560edb159dba4a269a91c7f82b9ec5328c5.udd" 2812
"../../../Engine/Content/EditorMeshes/Camera/SM_RailRig_Mount.uasset" 2813
"C:/Users/Abies/AppData/Local/UnrealEngine/Common/DerivedDataCache/Buckets/StaticMesh/a3/b1/f6567291715a1a42754152f5c86b694ec21d.udd" 2814
"../../../Engine/Content/ArtTools/RenderToTexture/Meshes/S_1_Unit_Plane.uasset" 2815
"C:/Users/Abies/AppData/Local/UnrealEngine/Common/DerivedDataCache/Buckets/StaticMesh/90/da/fb9f0b51b36e7ebb1cbe5a5fe4ae17165040.udd" 2816
"../../../Engine/Content/EngineDebugMaterials/M_SimpleUnlitTranslucent.uasset" 2817
"../../../Engine/Content/EngineFonts/Roboto.uasset" 2818
"../../../Engine/Content/EngineFonts/Faces/DroidSansFallback.uasset" 2819
"../../../Engine/Content/EngineFonts/Faces/RobotoBold.uasset" 2820
"../../../Engine/Content/EngineFonts/Faces/RobotoBoldItalic.uasset" 2821
"../../../Engine/Content/EngineFonts/Faces/RobotoItalic.uasset" 2822
"../../../Engine/Content/EngineFonts/Faces/RobotoLight.uasset" 2823
"../../../Engine/Content/EngineFonts/Faces/RobotoRegular.uasset" 2824
"../../../Engine/Content/EditorMaterials/ParticleSystems/PSysThumbnail_NoImage.uasset" 2825
"C:/Users/Abies/AppData/Local/UnrealEngine/Common/DerivedDataCache/Buckets/BulkDataList/bc/93/19efb9b0e0f27017f60b1b92e569374ad4dc.udd" 2826
"../../../Engine/Content/EditorMaterials/ParticleSystems/PSysThumbnail_OOD.uasset" 2827
"C:/Users/Abies/AppData/Local/UnrealEngine/Common/DerivedDataCache/Buckets/BulkDataList/71/6a/df570c9c4ea627e2cea9da4f85550baadc5a.udd" 2828
"../../../Engine/Content/EditorLandscapeResources/SplineEditorMesh.uasset" 2829
"../../../Engine/Content/EditorLandscapeResources/SplineEditorMeshMat.uasset" 2830
"C:/Users/Abies/AppData/Local/UnrealEngine/Common/DerivedDataCache/Buckets/StaticMesh/e0/fc/9d18a3b186850cce3a45b3c1362762373a53.udd" 2831
"../../../Engine/Content/EditorLandscapeResources/DataLayer.uasset" 2832
"../../../Engine/Content/Internationalization/icudt64l/coll/ucadata.icu" 2833
"../../../Engine/Content/Internationalization/icudt64l/coll/ru.res" 2834
"../../../Engine/Content/Internationalization/icudt64l/coll/root.res" 2835
"../../Plugins/Animation/ACLPlugin/Content/ACLAnimBoneCompressionSettings.uasset" 2836
"../../../Engine/Content/Animation/DefaultRecorderBoneCompression.uasset" 2837
"../../../Engine/Content/Animation/DefaultAnimCurveCompressionSettings.uasset" 2838
"../../../Engine/Content/Animation/DefaultVariableFrameStrippingSettings.uasset" 2839
"../../Plugins/Animation/ControlRig/Content/Controls/ControlRigXRayMaterial.uasset" 2840
"../../Plugins/Animation/ControlRig/Content/Controls/DefaultGizmoLibraryNormalized.uasset" 2841
"../../Plugins/Animation/ControlRig/Content/M_Manip.uasset" 2842
"../../../Engine/Content/Functions/Engine_MaterialFunctions02/WorldPositionOffset/CameraOffset.uasset" 2843
"../../Plugins/Interchange/Runtime/Content/gltf/MaterialBodies/MF_Default_Body.uasset" 2844
"../../Plugins/Interchange/Runtime/Content/gltf/MaterialFunctions/MF_BaseColor.uasset" 2845
"../../Plugins/Interchange/Runtime/Content/gltf/MaterialFunctions/MF_TransformUVs.uasset" 2846
"../../Plugins/Interchange/Runtime/Content/gltf/MaterialFunctions/MF_RotateV2.uasset" 2847
"../../Plugins/Interchange/Runtime/Content/gltf/Textures/T_White_srgb.uasset" 2848
"../../Plugins/Interchange/Runtime/Content/gltf/MaterialFunctions/MF_Emissive.uasset" 2849
"../../Plugins/Interchange/Runtime/Content/gltf/MaterialFunctions/MF_IOR.uasset" 2850
"../../Plugins/Interchange/Runtime/Content/gltf/MaterialFunctions/MF_MetallicRoughness.uasset" 2851
"../../Plugins/Interchange/Runtime/Content/gltf/Textures/T_White_Linear.uasset" 2852
"../../Plugins/Interchange/Runtime/Content/gltf/MaterialFunctions/MF_Normals.uasset" 2853
"../../Plugins/Interchange/Runtime/Content/gltf/MaterialFunctions/MF_RotateNormals_TS.uasset" 2854
"../../Plugins/Interchange/Runtime/Content/gltf/Textures/T_Generic_N.uasset" 2855
"../../Plugins/Interchange/Runtime/Content/gltf/MaterialFunctions/MF_Occlusion.uasset" 2856
"../../Plugins/Interchange/Runtime/Content/gltf/MaterialFunctions/MF_Specular.uasset" 2857
"C:/Users/Abies/AppData/Local/UnrealEngine/Common/DerivedDataCache/Buckets/BulkDataList/c0/5d/18eb8f5479921a3b4321dfa5ce1ebc92f03f.udd" 2858
"C:/Users/Abies/AppData/Local/UnrealEngine/Common/DerivedDataCache/Buckets/BulkDataList/4c/9b/1c330c3fe69c02668ad870b6e1c9af6b0309.udd" 2859
"C:/Users/Abies/AppData/Local/UnrealEngine/Common/DerivedDataCache/Buckets/BulkDataList/25/2b/0f0e05ae395f7a6072d1ff9360e96960624c.udd" 2860
"../../Plugins/Interchange/Runtime/Content/gltf/MaterialBodies/MF_Unlit_Body.uasset" 2861
"../../Plugins/Interchange/Runtime/Content/gltf/MaterialBodies/MF_ClearCoat_Body.uasset" 2862
"../../Plugins/Interchange/Runtime/Content/gltf/MaterialFunctions/MF_Clearcoat.uasset" 2863
"../../../Engine/Content/Functions/Engine_MaterialFunctions01/Texturing/FlattenNormal.uasset" 2864
"../../Plugins/Interchange/Runtime/Content/gltf/MaterialBodies/MF_Sheen_Body.uasset" 2865
"../../Plugins/Interchange/Runtime/Content/gltf/MaterialFunctions/MF_Sheen.uasset" 2866
"../../Plugins/Interchange/Runtime/Content/gltf/MaterialBodies/MF_Transmission_Body.uasset" 2867
"../../Plugins/Interchange/Runtime/Content/gltf/MaterialFunctions/MF_Fresnel_DS.uasset" 2868
"../../Plugins/Interchange/Runtime/Content/gltf/MaterialFunctions/MF_Temporal_Blur.uasset" 2869
"../../../Engine/Content/Functions/Engine_MaterialFunctions02/Texturing/ScreenAlignedPixelToPixelUVs.uasset" 2870
"../../../Engine/Content/EngineMaterials/Good64x64TilingNoiseHighFreq.uasset" 2871
"../../Plugins/Interchange/Runtime/Content/gltf/MaterialFunctions/MF_Transmission.uasset" 2872
"C:/Users/Abies/AppData/Local/UnrealEngine/Common/DerivedDataCache/Buckets/BulkDataList/6c/ed/5ab5553804114c404ef256ffc9c76c3130f5.udd" 2873
"../../Plugins/Interchange/Runtime/Content/gltf/MaterialBodies/MF_SpecularGlossiness_Body.uasset" 2874
"../../Plugins/Interchange/Runtime/Content/gltf/MaterialFunctions/MF_DiffuseSpecGloss.uasset" 2875
"../../Plugins/Interchange/Runtime/Content/gltf/MaterialFunctions/MF_SpecGlossToMetalRoughness.uasset" 2876
"../../Plugins/Interchange/Runtime/Content/gltf/MaterialFunctions/MF_PerceivedBrightness.uasset" 2877
"../../../Engine/Content/Functions/Engine_MaterialFunctions02/Math/AddComponents.uasset" 2878
"../../Plugins/2D/Paper2D/Content/MaskedUnlitSpriteMaterial.uasset" 2879
"../../Plugins/2D/Paper2D/Content/DefaultSpriteMaterial.uasset" 2880
"../../Plugins/2D/Paper2D/Content/PlaceholderTextures/DummySpriteTexture.uasset" 2881
"C:/Users/Abies/AppData/Local/UnrealEngine/Common/DerivedDataCache/Buckets/BulkDataList/59/43/08de95afde1d9f6afb215b26cb7c5e0f11eb.udd" 2882
"../../Plugins/2D/Paper2D/Content/OpaqueUnlitSpriteMaterial.uasset" 2883
"../../Plugins/2D/Paper2D/Content/DefaultPaperTerrainMaterial.uasset" 2884
"../../Plugins/2D/Paper2D/Content/DummySprite.uasset" 2885
"../../Plugins/Media/MediaPlate/Content/SM_MediaPlateScreen.uasset" 2886
"C:/Users/Abies/AppData/Local/UnrealEngine/Common/DerivedDataCache/Buckets/StaticMesh/6c/81/79b13765010329be362ea740876f1c28064c.udd" 2887
"../../Plugins/Editor/SpeedTreeImporter/Content/SpeedTree9/SpeedTreeMaster.uasset" 2888
"../../../Engine/Content/Functions/Engine_MaterialFunctions02/ObjectLocalBounds.uasset" 2889
"../../../Engine/Content/Functions/Engine_MaterialFunctions02/SafeNormalize.uasset" 2890
"../../../Engine/Content/Functions/Engine_MaterialFunctions02/Utility/VectorLength.uasset" 2891
"../../../Engine/Content/Functions/Engine_MaterialFunctions02/UVs/BoundingBoxBased_0-1_UVW.uasset" 2892
"../../../Engine/Content/Functions/Engine_MaterialFunctions02/WorldPositionOffset/ObjectScale.uasset" 2893
"../../Plugins/Editor/SpeedTreeImporter/Content/SpeedTree9/SpeedTreeBranchMotion.uasset" 2894
"../../Plugins/Editor/SpeedTreeImporter/Content/SpeedTree9/SpeedTreeWindMotion.uasset" 2895
"../../Plugins/Editor/SpeedTreeImporter/Content/SpeedTree9/game_wind_noise.uasset" 2896
"../../Plugins/Editor/SpeedTreeImporter/Content/SpeedTree9/UnpackDirection.uasset" 2897
"../../Plugins/Editor/SpeedTreeImporter/Content/SpeedTree9/UnpackInteger3.uasset" 2898
"../../Plugins/Editor/SpeedTreeImporter/Content/SpeedTree9/SpeedTreeCameraFacing.uasset" 2899
"../../Plugins/Editor/SpeedTreeImporter/Content/SpeedTree9/SpeedTreeWind.uasset" 2900
"../../Plugins/Editor/SpeedTreeImporter/Content/SpeedTree9/Empty.uasset" 2901
"../../Plugins/Editor/SpeedTreeImporter/Content/SpeedTree9/EmptyNormal.uasset" 2902
"C:/Users/Abies/AppData/Local/UnrealEngine/Common/DerivedDataCache/Buckets/BulkDataList/d6/5e/9528738196a27252f9d6bb4f67cddbd3a2ca.udd" 2903
"C:/Users/Abies/AppData/Local/UnrealEngine/Common/DerivedDataCache/Buckets/BulkDataList/80/ed/a2031dc72d107762fd93fe1011e7a7d5871f.udd" 2904
"C:/Users/Abies/AppData/Local/UnrealEngine/Common/DerivedDataCache/Buckets/BulkDataList/fe/2e/f10ed218552664a41d2ef6646f175b16dba1.udd" 2905
"C:/Users/Abies/AppData/Local/UnrealEngine/Common/DerivedDataCache/Buckets/BulkDataPayloadId/93/1e/fa687e128aa134c7085da39d1269fafb1746.udd" 2906
"C:/Users/Abies/AppData/Local/UnrealEngine/Common/DerivedDataCache/Buckets/BulkDataPayloadId/ac/cc/a6aa9daa7cbf76c8953f7e3d2c201a8a54cb.udd" 2907
"../../Plugins/Editor/SpeedTreeImporter/Content/SpeedTree9/SpeedTreeBillboardMaster.uasset" 2908
"../../Plugins/Editor/SpeedTreeImporter/Content/SpeedTree9/SpeedTreeBillboard.uasset" 2909
"C:/Users/Abies/AppData/Local/UnrealEngine/Editor/UInteractiveToolsPresetCollectionAsset_DefaultCollection.json" 2910
"../../../Engine/Content/EngineMaterials/NaniteHiddenSectionMaterial.uasset" 2911
"../../../Engine/Content/EngineMaterials/RemoveSurfaceMaterial.uasset" 2912
"../../../Engine/Content/EngineDebugMaterials/DebugMeshMaterial.uasset" 2913
"../../../Engine/Content/EngineMaterials/EmissiveMeshMaterial.uasset" 2914
"../../../Engine/Content/EngineMaterials/DefaultWhiteGrid_Low.uasset" 2915
"C:/Users/Abies/AppData/Local/UnrealEngine/Common/DerivedDataCache/Buckets/BulkDataList/6b/61/e26d81d73feca945754f9693305997787d3f.udd" 2916
"../../../Engine/Content/EngineMaterials/M_InvalidLightmapSettings.uasset" 2917
"../../../Engine/Content/EngineMaterials/InvalidLightmapSettings.uasset" 2918
"C:/Users/Abies/AppData/Local/UnrealEngine/Common/DerivedDataCache/Buckets/BulkDataList/d9/ce/a824d2439494af010878a2dfbcd0fe502f74.udd" 2919
"../../../Engine/Content/EngineMaterials/GizmoMaterial.uasset" 2920
"../../../Engine/Content/EngineMaterials/PhAT_JointLimitMaterial.uasset" 2921
"../../../Engine/Content/EngineMaterials/FlattenMaterial.uasset" 2922
"../../../Engine/Content/EngineMaterials/BaseFlattenDiffuseMap.uasset" 2923
"../../../Engine/Content/EngineMaterials/BaseFlattenEmissiveMap.uasset" 2924
"../../../Engine/Content/EngineMaterials/BaseFlattenGrayscaleMap.uasset" 2925
"../../../Engine/Content/EngineMaterials/BaseFlattenLinearColor.uasset" 2926
"../../../Engine/Content/EngineMaterials/BaseFlattenNormalMap.uasset" 2927
"../../../Engine/Content/Functions/Engine_MaterialFunctions02/PivotPainter2/Black_1x1_EXR_Texture.uasset" 2928
"C:/Users/Abies/AppData/Local/UnrealEngine/Common/DerivedDataCache/Buckets/BulkDataList/19/87/cffa0097f3053355d63ffad5f4aaa9d1aa44.udd" 2929
"C:/Users/Abies/AppData/Local/UnrealEngine/Common/DerivedDataCache/Buckets/BulkDataList/43/85/13d96c7dae358ad188b3ca4ee68b279d0e16.udd" 2930
"C:/Users/Abies/AppData/Local/UnrealEngine/Common/DerivedDataCache/Buckets/BulkDataList/74/11/d0e28f49f912c2d462d8739c5f12c72e310a.udd" 2931
"C:/Users/Abies/AppData/Local/UnrealEngine/Common/DerivedDataCache/Buckets/BulkDataList/d8/e9/0027657a7e95a7d7006edebc40bff8746022.udd" 2932
"C:/Users/Abies/AppData/Local/UnrealEngine/Common/DerivedDataCache/Buckets/BulkDataList/61/42/24bdf7fd1d1ac1dc2e2883e682ef619f6e21.udd" 2933
"C:/Users/Abies/AppData/Local/UnrealEngine/Common/DerivedDataCache/Buckets/BulkDataList/08/21/3d28330ad387bb6745da45c85d5a9aa52104.udd" 2934
"../../../Engine/Content/EngineMaterials/FlattenMaterial_VT.uasset" 2935
"../../../Engine/Content/EngineMaterials/BaseFlattenDiffuseMap_VT.uasset" 2936
"../../../Engine/Content/EngineMaterials/BaseFlattenEmissiveMap_VT.uasset" 2937
"../../../Engine/Content/EngineMaterials/BaseFlattenGrayscaleMap_VT.uasset" 2938
"../../../Engine/Content/EngineMaterials/BaseFlattenLinearColor_VT.uasset" 2939
"../../../Engine/Content/EngineMaterials/BaseFlattenNormalMap_VT.uasset" 2940
"../../../Engine/Content/EngineMaterials/Black_1x1_EXR_Texture_VT.uasset" 2941
"C:/Users/Abies/AppData/Local/UnrealEngine/Common/DerivedDataCache/Buckets/BulkDataList/9a/a9/f373cf1d898cd17880b2d606948e1f9813ae.udd" 2942
"C:/Users/Abies/AppData/Local/UnrealEngine/Common/DerivedDataCache/Buckets/BulkDataList/a8/04/89f49d96467d48daa0328282daf8421adc2f.udd" 2943
"C:/Users/Abies/AppData/Local/UnrealEngine/Common/DerivedDataCache/Buckets/BulkDataList/5f/ef/2da246b717e3c5f9189b4842f5170789d0b0.udd" 2944
"C:/Users/Abies/AppData/Local/UnrealEngine/Common/DerivedDataCache/Buckets/BulkDataList/e5/3b/2736669c71cac0afa54a0315fb9b49bef06e.udd" 2945
"C:/Users/Abies/AppData/Local/UnrealEngine/Common/DerivedDataCache/Buckets/BulkDataList/a4/de/1c5d6e27deff97109b9088729d57aae714f8.udd" 2946
"C:/Users/Abies/AppData/Local/UnrealEngine/Common/DerivedDataCache/Buckets/BulkDataList/76/51/5cfdf8f31b18231f37e3f93982c022353681.udd" 2947
"../../../Engine/Content/EngineMaterials/FlattenMaterial_WS_Normal_VT.uasset" 2948
"../../../Engine/Content/EngineMaterials/DefaultBokeh.uasset" 2949
"../../../Engine/Content/EngineMaterials/MiniFont.uasset" 2950
"C:/Users/Abies/AppData/Local/UnrealEngine/Common/DerivedDataCache/Buckets/BulkDataList/86/61/8176fbd963c631bceb7ae054106e55e37056.udd" 2951
"../../../Engine/Content/EngineMaterials/WeightMapPlaceholderTexture.uasset" 2952
"C:/Users/Abies/AppData/Local/UnrealEngine/Common/DerivedDataCache/Buckets/BulkDataList/34/5f/7eba183927f5a4abc737042bf01ae8ea3858.udd" 2953
"../../../Engine/Content/EngineMaterials/DefaultWhiteGrid.uasset" 2954
"C:/Users/Abies/AppData/Local/UnrealEngine/Common/DerivedDataCache/Buckets/BulkDataList/8b/2e/134e2702138372fe9d211d0a43e315bb9144.udd" 2955
"C:/Users/Abies/AppData/Local/UnrealEngine/Common/DerivedDataCache/Buckets/BulkDataList/7c/b6/fd8b9aeb39c9186bc084953e2888bb14ac66.udd" 2956
"../../../Engine/Content/EngineMaterials/PreintegratedSkinBRDF.uasset" 2957
"C:/Users/Abies/AppData/Local/UnrealEngine/Common/DerivedDataCache/Buckets/BulkDataList/4f/82/ea9ea0884a4d728c2c3e3d343f1eecc20acf.udd" 2958
"../../../Engine/Content/EngineMaterials/DefaultPhysicalMaterial.uasset" 2959
"../../../Engine/Content/EngineMaterials/DefaultDestructiblePhysicalMaterial.uasset" 2960
"../../../Engine/Content/EditorLandscapeResources/DefaultAlphaTexture.uasset" 2961
"C:/Users/Abies/AppData/Local/UnrealEngine/Common/DerivedDataCache/Buckets/BulkDataList/c8/44/44787e307c252c4d8c878f17500a81c5f9c6.udd" 2962
"../../../Engine/Content/EditorResources/S_Terrain.uasset" 2963
"C:/Users/Abies/AppData/Local/UnrealEngine/Common/DerivedDataCache/Buckets/BulkDataList/f7/d2/24d35a4edf50f27e70be714fda597e11f66b.udd" 2964
"../../../Engine/Content/BasicShapes/Cube.uasset" 2965
"../../../Engine/Content/BasicShapes/Sphere.uasset" 2966
"../../../Engine/Content/EngineMaterials/DefaultMaterial.uasset" 2967
"C:/Users/Abies/AppData/Local/UnrealEngine/Common/DerivedDataCache/Buckets/StaticMesh/4f/5d/b85a4bfbfa81d6dbde34e2097a254e849773.udd" 2968
"../../../Engine/Content/BasicShapes/Cylinder.uasset" 2969
"../../../Engine/Content/BasicShapes/Cone.uasset" 2970
"../../../Engine/Content/BasicShapes/Plane.uasset" 2971
"C:/Users/Abies/AppData/Local/UnrealEngine/Common/DerivedDataCache/Buckets/StaticMesh/a5/4e/5c98c8432c76061fa6ccc595cfcc86fcad53.udd" 2972
"C:/Users/Abies/AppData/Local/UnrealEngine/Common/DerivedDataCache/Buckets/StaticMesh/d7/81/78d8da1dba633d9f0871981e2d40e8032cee.udd" 2973
"C:/Users/Abies/AppData/Local/UnrealEngine/Common/DerivedDataCache/Buckets/StaticMesh/46/cc/c55fcb6d10bf889826fc2e32e9755f36b257.udd" 2974
"C:/Users/Abies/AppData/Local/UnrealEngine/Common/DerivedDataCache/Buckets/StaticMesh/fd/69/4ec7d7318acce9e9034f57f5f00bff0b3b11.udd" 2975
"../../Plugins/Runtime/MeshModelingToolset/Content/Materials/M_DynamicMeshComponentVtxColor.uasset" 2976
"../../Plugins/FX/Niagara/Content/ParameterDefinitions/SpriteRenderer.uasset" 2977
"../../Plugins/FX/Niagara/Content/ParameterDefinitions/RibbonRenderer.uasset" 2978
"../../Plugins/FX/Niagara/Content/ParameterDefinitions/MeshRenderer.uasset" 2979
"../../Plugins/FX/Niagara/Content/ParameterDefinitions/LightRenderer.uasset" 2980
"../../Plugins/FX/Niagara/Content/ParameterDefinitions/DecalRenderer.uasset" 2981
"../../Plugins/FX/Niagara/Content/ParameterDefinitions/CoreParameters.uasset" 2982
"../../../Engine/Content/EditorResources/SequenceRecorder/Countdown.uasset" 2983
"C:/Users/Abies/AppData/Local/UnrealEngine/Common/DerivedDataCache/Buckets/BulkDataList/10/fb/17355a6e69679ee4d8a53750e5852cd9757e.udd" 2984
"../../../Engine/Content/EditorResources/SequenceRecorder/RecordingIndicator.uasset" 2985
"C:/Users/Abies/AppData/Local/UnrealEngine/Common/DerivedDataCache/Buckets/BulkDataList/b8/1f/1552aa6bf8f18938522811be7f525f6e7cf3.udd" 2986
"../../../Engine/Content/EditorMaterials/PhAT_UnselectedMaterial.uasset" 2987
"../../../Engine/Content/EditorMaterials/PhAT_NoCollisionMaterial.uasset" 2988
"../../../Engine/Shaders/Public/Platform/Vulkan/VulkanCommon.ush" 2989
"../../../Engine/Shaders/Public/Platform/Vulkan/VulkanSubpassSupport.ush" 2990
"C:/Users/Abies/AppData/Local/Temp/UnrealShaderWorkingDir/0B7508AF43D8BA5DF0BE068B7BD4DB12/2/WorkerOutputOnly.out" 2991
"C:/Users/Abies/AppData/Local/Temp/UnrealShaderWorkingDir/0B7508AF43D8BA5DF0BE068B7BD4DB12/0/WorkerOutputOnly.out" 2992
"C:/Users/Abies/AppData/Local/Temp/UnrealShaderWorkingDir/0B7508AF43D8BA5DF0BE068B7BD4DB12/1/WorkerOutputOnly.out" 2993
"../../../Engine/Shaders/Public/Platform/GL/GLCommon.ush" 2994
"../../../Engine/Shaders/Public/Platform/GL/GLSubpassSupport.ush" 2995
"../../../Engine/Plugins/Interchange/Runtime/Content/Functions/MX_SurfaceUnlit.uasset" 2996
"../../../Engine/Plugins/Interchange/Runtime/Content/Functions/MX_UsdPreviewSurface.uasset" 2997
"../../../Engine/Plugins/Interchange/Runtime/Content/Pipelines/DefaultSceneLevelPipeline.uasset" 2998
"../../../Engine/Plugins/Animation/ControlRig/Content/Controls/ControlRigGizmoMaterial.uasset" 2999
"../../../Engine/Plugins/Interchange/Runtime/Content/Pipelines/DefaultGLTFSceneAssetsPipeline.uasset" 3000
"../../../Engine/Plugins/Interchange/Runtime/Content/Pipelines/DefaultSceneAssetsPipeline.uasset" 3001
"../../../Engine/Plugins/Interchange/Runtime/Content/Pipelines/DefaultTexturePipeline.uasset" 3002
"../../../Engine/Plugins/Interchange/Runtime/Content/Pipelines/DefaultMaterialPipeline.uasset" 3003
"../../../Engine/Plugins/Interchange/Runtime/Content/Pipelines/DefaultGLTFPipeline.uasset" 3004
"../../../Engine/Plugins/Interchange/Runtime/Content/Pipelines/DefaultGLTFAssetsPipeline.uasset" 3005
"../../../Engine/Plugins/Interchange/Runtime/Content/Pipelines/DefaultAssetsPipeline.uasset" 3006
"../../../Engine/Content/EngineSounds/Master.uasset" 3007
"../../../Engine/Content/EngineMaterials/STBlueNoise_scalar_128x128x64.uasset" 3008
"../../../Engine/Content/EngineDebugMaterials/DebugEditorMaterial.uasset" 3009
"../../../Engine/Content/EngineMaterials/STBlueNoise_vec2_128x128x64.uasset" 3010
"../../../Engine/Content/EngineResources/FilmGrains/Marcie_Grain_v3_128_M2_000.uasset" 3011
"../../../Engine/Content/EngineMaterials/DefaultBloomKernel.uasset" 3012
"../../../Engine/Content/EditorResources/BSPVertex.uasset" 3013
"C:/Users/Abies/Documents/Unreal Projects/MyProject2/Content/StarterContent/Textures/T_Wood_Walnut_N.uasset" 3014
"C:/Users/Abies/Documents/Unreal Projects/MyProject2/Content/StarterContent/Textures/T_Wood_Walnut_D.uasset" 3015
"C:/Users/Abies/Documents/Unreal Projects/MyProject2/Content/StarterContent/Textures/T_Wood_Pine_N.uasset" 3016
"../../../Engine/Plugins/Interchange/Runtime/Content/Pipelines/DefaultMaterialXPipeline.uasset" 3017
"C:/Users/Abies/Documents/Unreal Projects/MyProject2/Content/StarterContent/Textures/T_Wood_Oak_N.uasset" 3018
"C:/Users/Abies/Documents/Unreal Projects/MyProject2/Content/StarterContent/Textures/T_Wood_Oak_D.uasset" 3019
"C:/Users/Abies/Documents/Unreal Projects/MyProject2/Content/StarterContent/Textures/T_Wood_Floor_Walnut_N.uasset" 3020
"C:/Users/Abies/Documents/Unreal Projects/MyProject2/Content/StarterContent/Textures/T_Wood_Floor_Walnut_M.uasset" 3021
"C:/Users/Abies/Documents/Unreal Projects/MyProject2/Content/StarterContent/Textures/T_Water_N.uasset" 3022
"C:/Users/Abies/Documents/Unreal Projects/MyProject2/Content/StarterContent/Textures/T_Water_M.uasset" 3023
"C:/Users/Abies/Documents/Unreal Projects/MyProject2/Content/StarterContent/Textures/T_Wood_Floor_Walnut_D.uasset" 3024
"C:/Users/Abies/Documents/Unreal Projects/MyProject2/Content/StarterContent/Textures/T_Tech_Panel_N.uasset" 3025
"C:/Users/Abies/Documents/Unreal Projects/MyProject2/Content/StarterContent/Textures/T_Tech_Panel_M.uasset" 3026
"C:/Users/Abies/Documents/Unreal Projects/MyProject2/Content/StarterContent/Textures/T_Wood_Pine_D.uasset" 3027
"C:/Users/Abies/Documents/Unreal Projects/MyProject2/Content/StarterContent/Textures/T_Tech_Hex_Tile_N.uasset" 3028
"C:/Users/Abies/Documents/Unreal Projects/MyProject2/Content/StarterContent/Textures/T_Tech_Hex_Tile_M.uasset" 3029
"C:/Users/Abies/Documents/Unreal Projects/MyProject2/Content/StarterContent/Textures/T_Tech_Dot_N.uasset" 3030
"C:/Users/Abies/Documents/Unreal Projects/MyProject2/Content/StarterContent/Textures/T_Tech_Dot_M.uasset" 3031
"C:/Users/Abies/Documents/Unreal Projects/MyProject2/Content/StarterContent/Textures/T_TableRound_N.uasset" 3032
"C:/Users/Abies/Documents/Unreal Projects/MyProject2/Content/StarterContent/Textures/T_TableRound_M.uasset" 3033
"C:/Users/Abies/Documents/Unreal Projects/MyProject2/Content/StarterContent/Textures/T_Statue_N.uasset" 3034
"C:/Users/Abies/Documents/Unreal Projects/MyProject2/Content/StarterContent/Textures/T_Statue_M.uasset" 3035
"C:/Users/Abies/Documents/Unreal Projects/MyProject2/Content/StarterContent/Textures/T_Spark_Core.uasset" 3036
"C:/Users/Abies/Documents/Unreal Projects/MyProject2/Content/StarterContent/Textures/T_Smoke_Tiled_D.uasset" 3037
"C:/Users/Abies/Documents/Unreal Projects/MyProject2/Content/StarterContent/Textures/T_Smoke_SubUV.uasset" 3038
"C:/Users/Abies/Documents/Unreal Projects/MyProject2/Content/StarterContent/Textures/T_Single_Tile_N.uasset" 3039
"C:/Users/Abies/Documents/Unreal Projects/MyProject2/Content/StarterContent/Textures/T_Shelf_N.uasset" 3040
"C:/Users/Abies/AppData/Local/UnrealEngine/Common/DerivedDataCache/Buckets/BulkDataList/8c/fb/37014fa7c4912493d975bd425f731aa4d817.udd" 3041
"C:/Users/Abies/Documents/Unreal Projects/MyProject2/Content/StarterContent/Textures/T_Shelf_M.uasset" 3042
"C:/Users/Abies/AppData/Local/UnrealEngine/Common/DerivedDataCache/Buckets/BulkDataList/d1/e3/3d26abb662ee99bebb814421022ec8c91864.udd" 3043
"C:/Users/Abies/Documents/Unreal Projects/MyProject2/Content/StarterContent/Textures/T_Rock_Smooth_Granite_D.uasset" 3044
"C:/Users/Abies/Documents/Unreal Projects/MyProject2/Content/StarterContent/Textures/T_Rock_Slate_N.uasset" 3045
"C:/Users/Abies/Documents/Unreal Projects/MyProject2/Content/StarterContent/Textures/T_Rock_Slate_D.uasset" 3046
"C:/Users/Abies/AppData/Local/UnrealEngine/Common/DerivedDataCache/Buckets/BulkDataList/7c/7c/7fc23d53d5cf40d25a3170e6e4f04cfc9a1d.udd" 3047
"C:/Users/Abies/Documents/Unreal Projects/MyProject2/Content/StarterContent/Textures/T_Rock_Sandstone_N.uasset" 3048
"C:/Users/Abies/AppData/Local/UnrealEngine/Common/DerivedDataCache/Buckets/BulkDataList/1f/41/e157d90f9dee8a6bca3c1df4bf0ed4fd8319.udd" 3049
"C:/Users/Abies/Documents/Unreal Projects/MyProject2/Content/StarterContent/Textures/T_Rock_Sandstone_D.uasset" 3050
"C:/Users/Abies/AppData/Local/UnrealEngine/Common/DerivedDataCache/Buckets/LegacyDIST/ec/66/a50b5b833d1aee8f633df307e7dd2ca61d24.udd" 3051
"C:/Users/Abies/Documents/Unreal Projects/MyProject2/Content/StarterContent/Textures/T_Rock_Marble_Polished_D.uasset" 3052
"C:/Users/Abies/Documents/Unreal Projects/MyProject2/Content/StarterContent/Textures/T_Rock_Basalt_N.uasset" 3053
"C:/Users/Abies/Documents/Unreal Projects/MyProject2/Content/StarterContent/Textures/T_Rock_Basalt_D.uasset" 3054
"C:/Users/Abies/Documents/Unreal Projects/MyProject2/Content/StarterContent/Textures/T_RockMesh_N.uasset" 3055
"C:/Users/Abies/Documents/Unreal Projects/MyProject2/Content/StarterContent/Textures/T_RockMesh_M.uasset" 3056
"C:/Users/Abies/Documents/Unreal Projects/MyProject2/Content/StarterContent/Textures/T_Perlin_Noise_M.uasset" 3057
"C:/Users/Abies/Documents/Unreal Projects/MyProject2/Content/StarterContent/Textures/T_Metal_Steel_N.uasset" 3058
"C:/Users/Abies/Documents/Unreal Projects/MyProject2/Content/StarterContent/Textures/T_Metal_Steel_D.uasset" 3059
"C:/Users/Abies/Documents/Unreal Projects/MyProject2/Content/StarterContent/Textures/T_Metal_Rust_N.uasset" 3060
"C:/Users/Abies/Documents/Unreal Projects/MyProject2/Content/StarterContent/Textures/T_Metal_Rust_D.uasset" 3061
"C:/Users/Abies/Documents/Unreal Projects/MyProject2/Content/StarterContent/Textures/T_Metal_Gold_N.uasset" 3062
"C:/Users/Abies/Documents/Unreal Projects/MyProject2/Content/StarterContent/Textures/T_Metal_Gold_D.uasset" 3063
"C:/Users/Abies/Documents/Unreal Projects/MyProject2/Content/StarterContent/Textures/T_Metal_Copper_D.uasset" 3064
"C:/Users/Abies/Documents/Unreal Projects/MyProject2/Content/StarterContent/Textures/T_Metal_Aluminum_D.uasset" 3065
"C:/Users/Abies/Documents/Unreal Projects/MyProject2/Content/StarterContent/Textures/T_MacroVariation.uasset" 3066
"C:/Users/Abies/Documents/Unreal Projects/MyProject2/Content/StarterContent/Textures/T_Lamp_N.uasset" 3067
"C:/Users/Abies/Documents/Unreal Projects/MyProject2/Content/StarterContent/Textures/T_Lamp_M.uasset" 3068
"C:/Users/Abies/Documents/Unreal Projects/MyProject2/Content/StarterContent/Textures/T_Ground_Moss_N.uasset" 3069
"C:/Users/Abies/AppData/Local/UnrealEngine/Common/DerivedDataCache/Buckets/LegacyDIST/38/83/2ddc999fb3f0ca1fb964d2e5406ae2ea7a77.udd" 3070
"C:/Users/Abies/Documents/Unreal Projects/MyProject2/Content/StarterContent/Textures/T_ground_Moss_D.uasset" 3071
"C:/Users/Abies/Documents/Unreal Projects/MyProject2/Content/StarterContent/Textures/T_Ground_Gravel_N.uasset" 3072
"C:/Users/Abies/Documents/Unreal Projects/MyProject2/Content/StarterContent/Textures/T_Ground_Gravel_D.uasset" 3073
"C:/Users/Abies/Documents/Unreal Projects/MyProject2/Content/StarterContent/Textures/T_Ground_Grass_N.uasset" 3074
"C:/Users/Abies/Documents/Unreal Projects/MyProject2/Content/StarterContent/Textures/T_Ground_Grass_D.uasset" 3075
"C:/Users/Abies/Documents/Unreal Projects/MyProject2/Content/StarterContent/Textures/T_Gradinet_01.uasset" 3076
"C:/Users/Abies/Documents/Unreal Projects/MyProject2/Content/StarterContent/Textures/T_Frame_N.uasset" 3077
"C:/Users/Abies/Documents/Unreal Projects/MyProject2/Content/StarterContent/Textures/T_Frame_M.uasset" 3078
"C:/Users/Abies/Documents/Unreal Projects/MyProject2/Content/StarterContent/Textures/T_Fire_Tiled_D.uasset" 3079
"C:/Users/Abies/Documents/Unreal Projects/MyProject2/Content/StarterContent/Textures/T_Fire_SubUV.uasset" 3080
"C:/Users/Abies/Documents/Unreal Projects/MyProject2/Content/StarterContent/Textures/T_Explosion_SubUV.uasset" 3081
"C:/Users/Abies/Documents/Unreal Projects/MyProject2/Content/StarterContent/Textures/T_Dust_Particle_D.uasset" 3082
"C:/Users/Abies/Documents/Unreal Projects/MyProject2/Content/StarterContent/Textures/T_Door_N.uasset" 3083
"C:/Users/Abies/Documents/Unreal Projects/MyProject2/Content/StarterContent/Textures/T_Door_M.uasset" 3084
"C:/Users/Abies/Documents/Unreal Projects/MyProject2/Content/StarterContent/Textures/T_Detail_Rocky_N.uasset" 3085
"C:/Users/Abies/Documents/Unreal Projects/MyProject2/Content/StarterContent/Textures/T_Concrete_Tiles_Variation_M.uasset" 3086
"C:/Users/Abies/Documents/Unreal Projects/MyProject2/Content/StarterContent/Textures/T_Concrete_Tiles_N.uasset" 3087
"C:/Users/Abies/Documents/Unreal Projects/MyProject2/Content/StarterContent/Textures/T_Concrete_Tiles_M.uasset" 3088
"C:/Users/Abies/Documents/Unreal Projects/MyProject2/Content/StarterContent/Textures/T_Concrete_Tiles_D.uasset" 3089
"C:/Users/Abies/Documents/Unreal Projects/MyProject2/Content/StarterContent/Textures/T_Concrete_Poured_N.uasset" 3090
"C:/Users/Abies/Documents/Unreal Projects/MyProject2/Content/StarterContent/Textures/T_Concrete_Poured_D.uasset" 3091
"C:/Users/Abies/Documents/Unreal Projects/MyProject2/Content/StarterContent/Textures/T_Concrete_Panels_N.uasset" 3092
"C:/Users/Abies/Documents/Unreal Projects/MyProject2/Content/StarterContent/Textures/T_Concrete_Panels_D.uasset" 3093
"C:/Users/Abies/Documents/Unreal Projects/MyProject2/Content/StarterContent/Textures/T_Concrete_Grime_D.uasset" 3094
"C:/Users/Abies/Documents/Unreal Projects/MyProject2/Content/StarterContent/Textures/T_CobbleStone_Smooth_N.uasset" 3095
"C:/Users/Abies/Documents/Unreal Projects/MyProject2/Content/StarterContent/Textures/T_CobbleStone_Smooth_M.uasset" 3096
"C:/Users/Abies/Documents/Unreal Projects/MyProject2/Content/StarterContent/Textures/T_CobbleStone_Smooth_D.uasset" 3097
"C:/Users/Abies/Documents/Unreal Projects/MyProject2/Content/StarterContent/Textures/T_CobbleStone_Rough_N.uasset" 3098
"C:/Users/Abies/Documents/Unreal Projects/MyProject2/Content/StarterContent/Textures/T_CobbleStone_Rough_D.uasset" 3099
"C:/Users/Abies/Documents/Unreal Projects/MyProject2/Content/StarterContent/Textures/T_CobbleStone_Pebble_N.uasset" 3100
"C:/Users/Abies/Documents/Unreal Projects/MyProject2/Content/StarterContent/Textures/T_CobbleStone_Pebble_M.uasset" 3101
"C:/Users/Abies/Documents/Unreal Projects/MyProject2/Content/StarterContent/Textures/T_CobbleStone_Pebble_D.uasset" 3102
"C:/Users/Abies/Documents/Unreal Projects/MyProject2/Content/StarterContent/Textures/T_Checker_Noise_M.uasset" 3103
"C:/Users/Abies/Documents/Unreal Projects/MyProject2/Content/StarterContent/Textures/T_Chair_N.uasset" 3104
"C:/Users/Abies/Documents/Unreal Projects/MyProject2/Content/StarterContent/Textures/T_Chair_M.uasset" 3105
"C:/Users/Abies/Documents/Unreal Projects/MyProject2/Content/StarterContent/Textures/T_Ceramic_Tile_N.uasset" 3106
"C:/Users/Abies/Documents/Unreal Projects/MyProject2/Content/StarterContent/Textures/T_Ceramic_Tile_M.uasset" 3107
"C:/Users/Abies/Documents/Unreal Projects/MyProject2/Content/StarterContent/Textures/T_Bush_N.uasset" 3108
"C:/Users/Abies/Documents/Unreal Projects/MyProject2/Content/StarterContent/Textures/T_Bush_D.uasset" 3109
"C:/Users/Abies/Documents/Unreal Projects/MyProject2/Content/StarterContent/Textures/T_Burst_M.uasset" 3110
"C:/Users/Abies/Documents/Unreal Projects/MyProject2/Content/StarterContent/Textures/T_Brick_Hewn_Stone_N.uasset" 3111
"C:/Users/Abies/Documents/Unreal Projects/MyProject2/Content/StarterContent/Textures/T_Brick_Hewn_Stone_M.uasset" 3112
"C:/Users/Abies/Documents/Unreal Projects/MyProject2/Content/StarterContent/Textures/T_Brick_Hewn_Stone_D.uasset" 3113
"C:/Users/Abies/Documents/Unreal Projects/MyProject2/Content/StarterContent/Textures/T_Brick_Cut_Stone_N.uasset" 3114
"C:/Users/Abies/Documents/Unreal Projects/MyProject2/Content/StarterContent/Textures/T_Brick_Cut_Stone_D.uasset" 3115
"C:/Users/Abies/Documents/Unreal Projects/MyProject2/Content/StarterContent/Textures/T_Brick_Clay_Old_N.uasset" 3116
"C:/Users/Abies/Documents/Unreal Projects/MyProject2/Content/StarterContent/Textures/T_Brick_Clay_Old_D.uasset" 3117
"C:/Users/Abies/Documents/Unreal Projects/MyProject2/Content/StarterContent/Textures/T_Brick_Clay_New_N.uasset" 3118
"C:/Users/Abies/Documents/Unreal Projects/MyProject2/Content/StarterContent/Textures/T_Brick_Clay_New_M.uasset" 3119
"C:/Users/Abies/Documents/Unreal Projects/MyProject2/Content/StarterContent/Textures/T_Brick_Clay_New_D.uasset" 3120
"C:/Users/Abies/Documents/Unreal Projects/MyProject2/Content/StarterContent/Textures/T_Brick_Clay_Beveled_N.uasset" 3121
"C:/Users/Abies/Documents/Unreal Projects/MyProject2/Content/StarterContent/Textures/T_Brick_Clay_Beveled_M.uasset" 3122
"C:/Users/Abies/Documents/Unreal Projects/MyProject2/Content/StarterContent/Textures/T_Brick_Clay_Beveled_D.uasset" 3123
"C:/Users/Abies/Documents/Unreal Projects/MyProject2/Content/StarterContent/Particles/Materials/m_flare_01.uasset" 3124
"C:/Users/Abies/Documents/Unreal Projects/MyProject2/Content/StarterContent/Materials/M_Glass.uasset" 3125
"C:/Users/Abies/Documents/Unreal Projects/MyProject2/Content/StarterContent/Materials/M_Basic_Wall.uasset" 3126
"C:/Users/Abies/Documents/Unreal Projects/MyProject2/Content/StarterContent/Materials/M_Basic_Floor.uasset" 3127
"C:/Users/Abies/Documents/Unreal Projects/MyProject2/Content/StarterContent/Materials/M_AssetPlatform.uasset" 3128
"C:/Users/Abies/Documents/Unreal Projects/MyProject2/Content/StarterContent/Maps/StarterMap_BuiltData.uasset" 3129
"C:/Users/Abies/Documents/Unreal Projects/MyProject2/Content/StarterContent/Maps/Minimal_Default_BuiltData.uasset" 3130
"C:/Users/Abies/Documents/Unreal Projects/MyProject2/Content/StarterContent/Maps/Advanced_Lighting_BuiltData.uasset" 3131
"C:/Users/Abies/Documents/Unreal Projects/MyProject2/Content/StarterContent/HDRI/HDRI_Epic_Courtyard_Daylight.uasset" 3132
"C:/Users/Abies/Documents/Unreal Projects/MyProject2/Content/StarterContent/Blueprints/Assets/SunlightColorLUT.uasset" 3133
"C:/Users/Abies/Documents/Unreal Projects/MyProject2/Content/StarterContent/Blueprints/Assets/M_LightStage_Arrows.uasset" 3134
"C:/Users/Abies/Documents/Unreal Projects/MyProject2/Content/StarterContent/Blueprints/Assets/FogBrightnessLUT.uasset" 3135
"C:/Users/Abies/Documents/Unreal Projects/MyProject2/Content/StarterContent/Audio/Steam01_Cue.uasset" 3136
"C:/Users/Abies/Documents/Unreal Projects/MyProject2/Content/StarterContent/Audio/Steam01.uasset" 3137
"C:/Users/Abies/Documents/Unreal Projects/MyProject2/Content/StarterContent/Audio/Starter_Wind06.uasset" 3138
"C:/Users/Abies/Documents/Unreal Projects/MyProject2/Content/StarterContent/Audio/Starter_Wind05.uasset" 3139
"C:/Users/Abies/Documents/Unreal Projects/MyProject2/Content/StarterContent/Audio/Starter_Music_Cue.uasset" 3140
"C:/Users/Abies/Documents/Unreal Projects/MyProject2/Content/StarterContent/Audio/Starter_Music01.uasset" 3141
"C:/Users/Abies/Documents/Unreal Projects/MyProject2/Content/StarterContent/Audio/Starter_Birds01.uasset" 3142
"C:/Users/Abies/Documents/Unreal Projects/MyProject2/Content/StarterContent/Audio/Starter_Background_Cue.uasset" 3143
"C:/Users/Abies/Documents/Unreal Projects/MyProject2/Content/StarterContent/Audio/Smoke01_Cue.uasset" 3144
"C:/Users/Abies/Documents/Unreal Projects/MyProject2/Content/StarterContent/Audio/Smoke01.uasset" 3145
"C:/Users/Abies/Documents/Unreal Projects/MyProject2/Content/StarterContent/Audio/Light02_Cue.uasset" 3146
"C:/Users/Abies/Documents/Unreal Projects/MyProject2/Content/StarterContent/Audio/Light02.uasset" 3147
"C:/Users/Abies/Documents/Unreal Projects/MyProject2/Content/StarterContent/Audio/Light01_Cue.uasset" 3148
"C:/Users/Abies/Documents/Unreal Projects/MyProject2/Content/StarterContent/Audio/Light01.uasset" 3149
"C:/Users/Abies/Documents/Unreal Projects/MyProject2/Content/StarterContent/Audio/Fire_Sparks01_Cue.uasset" 3150
"C:/Users/Abies/Documents/Unreal Projects/MyProject2/Content/StarterContent/Audio/Fire_Sparks01.uasset" 3151
"C:/Users/Abies/Documents/Unreal Projects/MyProject2/Content/StarterContent/Audio/Fire01_Cue.uasset" 3152
"C:/Users/Abies/Documents/Unreal Projects/MyProject2/Content/StarterContent/Audio/Fire01.uasset" 3153
"C:/Users/Abies/Documents/Unreal Projects/MyProject2/Content/StarterContent/Audio/Explosion_Cue.uasset" 3154
"C:/Users/Abies/Documents/Unreal Projects/MyProject2/Content/StarterContent/Audio/Explosion02.uasset" 3155
"C:/Users/Abies/Documents/Unreal Projects/MyProject2/Content/StarterContent/Audio/Explosion01.uasset" 3156
"C:/Users/Abies/Documents/Unreal Projects/MyProject2/Content/StarterContent/Audio/Collapse_Cue.uasset" 3157
"C:/Users/Abies/Documents/Unreal Projects/MyProject2/Content/StarterContent/Audio/Collapse02.uasset" 3158
"C:/Users/Abies/Documents/Unreal Projects/MyProject2/Content/StarterContent/Audio/Collapse01.uasset" 3159
"C:/Users/Abies/Documents/Unreal Projects/MyProject2/Content/LevelPrototyping/Textures/T_GridChecker_A.uasset" 3160
"C:/Users/Abies/Documents/Unreal Projects/MyProject2/Content/LevelPrototyping/Materials/M_Solid.uasset" 3161
"C:/Users/Abies/Documents/Unreal Projects/MyProject2/Content/FPWeapon/Textures/T_FPGun_N.uasset" 3162
"C:/Users/Abies/Documents/Unreal Projects/MyProject2/Content/FPWeapon/Textures/T_FPGun_M.uasset" 3163
"C:/Users/Abies/Documents/Unreal Projects/MyProject2/Content/FPWeapon/Mesh/SK_FPGun_Skeleton.uasset" 3164
"C:/Users/Abies/Documents/Unreal Projects/MyProject2/Content/FPWeapon/Mesh/SK_FPGun_PhysicsAsset.uasset" 3165
"C:/Users/Abies/Documents/Unreal Projects/MyProject2/Content/FPWeapon/Mesh/SK_FPGun_Physics.uasset" 3166
"C:/Users/Abies/Documents/Unreal Projects/MyProject2/Content/FPWeapon/Materials/MaterialLayers/T_ML_Rubber_Blue_01_N.uasset" 3167
"C:/Users/Abies/Documents/Unreal Projects/MyProject2/Content/FPWeapon/Materials/MaterialLayers/T_ML_Rubber_Blue_01_D.uasset" 3168
"C:/Users/Abies/Documents/Unreal Projects/MyProject2/Content/FPWeapon/Materials/MaterialLayers/T_ML_FineRubber.uasset" 3169
"C:/Users/Abies/Documents/Unreal Projects/MyProject2/Content/FPWeapon/Materials/MaterialLayers/T_ML_Aluminum01_N.uasset" 3170
"C:/Users/Abies/Documents/Unreal Projects/MyProject2/Content/FPWeapon/Materials/MaterialLayers/T_ML_Aluminum01.uasset" 3171
"C:/Users/Abies/Documents/Unreal Projects/MyProject2/Content/FPWeapon/Materials/MaterialLayers/ML_Screen.uasset" 3172
"C:/Users/Abies/Documents/Unreal Projects/MyProject2/Content/FPWeapon/Materials/MaterialLayers/ML_Plastic_Shiny_Beige.uasset" 3173
"C:/Users/Abies/Documents/Unreal Projects/MyProject2/Content/FPWeapon/Materials/BaseMaterial.uasset" 3174
"C:/Users/Abies/Documents/Unreal Projects/MyProject2/Content/FPWeapon/Audio/FirstPersonTemplateWeaponFire02.uasset" 3175
"C:/Users/Abies/Documents/Unreal Projects/MyProject2/Content/FirstPersonArms/Character/Textures/Shared/T_UE_Logo_M.uasset" 3176
"C:/Users/Abies/Documents/Unreal Projects/MyProject2/Content/FirstPersonArms/Character/Textures/Manny/T_Manny_02_Tan.uasset" 3177
"C:/Users/Abies/Documents/Unreal Projects/MyProject2/Content/FirstPersonArms/Character/Textures/Manny/T_Manny_02_N.uasset" 3178
"C:/Users/Abies/Documents/Unreal Projects/MyProject2/Content/FirstPersonArms/Character/Textures/Manny/T_Manny_02_MSR_MSK.uasset" 3179
"C:/Users/Abies/Documents/Unreal Projects/MyProject2/Content/FirstPersonArms/Character/Textures/Manny/T_Manny_02_D.uasset" 3180
"C:/Users/Abies/Documents/Unreal Projects/MyProject2/Content/FirstPersonArms/Character/Textures/Manny/T_Manny_02_CCRCCPlastic_MSK.uasset" 3181
"C:/Users/Abies/Documents/Unreal Projects/MyProject2/Content/FirstPersonArms/Character/Textures/Manny/T_Manny_02_BN.uasset" 3182
"C:/Users/Abies/Documents/Unreal Projects/MyProject2/Content/FirstPersonArms/Character/Textures/Manny/T_Manny_02_ASAOPMASK_MSK.uasset" 3183
"C:/Users/Abies/Documents/Unreal Projects/MyProject2/Content/FirstPersonArms/Character/Textures/Manny/T_Manny_01_Tan.uasset" 3184
"C:/Users/Abies/Documents/Unreal Projects/MyProject2/Content/FirstPersonArms/Character/Textures/Manny/T_Manny_01_N.uasset" 3185
"../../../../../../Users/Abies/Documents/Unreal Projects/MyProject2/Content/StarterContent/Audio/Collapse01.uasset" 3186
"C:/Users/Abies/Documents/Unreal Projects/MyProject2/Content/FirstPersonArms/Character/Textures/Manny/T_Manny_01_MSR_MSK.uasset" 3187
"C:/Users/Abies/Documents/Unreal Projects/MyProject2/Content/FirstPersonArms/Character/Textures/Manny/T_Manny_01_D.uasset" 3188
"C:/Users/Abies/Documents/Unreal Projects/MyProject2/Content/FirstPersonArms/Character/Textures/Manny/T_Manny_01_CCRCCPlastic_MSK.uasset" 3189
"../../../../../../Users/Abies/Documents/Unreal Projects/MyProject2/Content/StarterContent/Audio/Collapse02.uasset" 3190
"C:/Users/Abies/AppData/Local/UnrealEngine/Common/DerivedDataCache/Buckets/BulkDataList/f6/c6/890b333af82c8f5a3b319920b1174a2330f3.udd" 3191
"C:/Users/Abies/Documents/Unreal Projects/MyProject2/Content/FirstPersonArms/Character/Textures/Manny/T_Manny_01_BN.uasset" 3192
"C:/Users/Abies/Documents/Unreal Projects/MyProject2/Content/FirstPersonArms/Character/Textures/Manny/T_Manny_01_ASAOPMASK_MSK.uasset" 3193
"C:/Users/Abies/Documents/Unreal Projects/MyProject2/Content/FirstPersonArms/Character/Mesh/SK_Mannequin_Arms_Skeleton.uasset" 3194
"C:/Users/Abies/Documents/Unreal Projects/MyProject2/Content/FirstPersonArms/Character/Mesh/SK_Mannequin_Arms_PhysicsAsset.uasset" 3195
"C:/Users/Abies/Documents/Unreal Projects/MyProject2/Content/FirstPersonArms/Character/Materials/Functions/ML_BaseColorFallOff.uasset" 3196
"C:/Users/Abies/AppData/Local/UnrealEngine/Common/DerivedDataCache/Buckets/BulkDataList/22/12/665927aa6a28b273f6dee1c30e04a4434ce0.udd" 3197
"C:/Users/Abies/Documents/Unreal Projects/MyProject2/Content/FirstPersonArms/Character/Materials/Functions/ChromaticCurve.uasset" 3198
"C:/Users/Abies/AppData/Local/UnrealEngine/Common/DerivedDataCache/Buckets/BulkDataList/0c/ee/e529223d2b20d70fcaaa994ac28e7b8c3b09.udd" 3199
"C:/Users/Abies/AppData/Local/UnrealEngine/Common/DerivedDataCache/Buckets/BulkDataList/2e/37/e099d4bb1838e71ac9a15829f1508bd49173.udd" 3200
"C:/Users/Abies/Documents/Unreal Projects/MyProject2/Content/FirstPerson/Maps/FirstPersonMap_BuiltData.uasset" 3201
"C:/Users/Abies/AppData/Local/UnrealEngine/Common/DerivedDataCache/Buckets/BulkDataPayloadId/24/2e/6c358adb21d23e50799329657c55c555d546.udd" 3202
"C:/Users/Abies/Documents/Unreal Projects/MyProject2/Content/FirstPerson/Input/Actions/IA_Shoot.uasset" 3203
"C:/Users/Abies/Documents/Unreal Projects/MyProject2/Content/FirstPerson/Input/Actions/IA_Move.uasset" 3204
"C:/Users/Abies/Documents/Unreal Projects/MyProject2/Content/FirstPerson/Input/Actions/IA_Look.uasset" 3205
"C:/Users/Abies/AppData/Local/UnrealEngine/Common/DerivedDataCache/Buckets/BulkDataList/e8/e7/f3dc3067ab000aa122fd9783b82409d4cf88.udd" 3206
"C:/Users/Abies/AppData/Local/UnrealEngine/Common/DerivedDataCache/Buckets/BulkDataPayloadId/74/d0/070e724804abdae2bee699c4c08bdabeb3d2.udd" 3207
"C:/Users/Abies/Documents/Unreal Projects/MyProject2/Content/FirstPerson/Input/Actions/IA_Jump.uasset" 3208
"C:/Users/Abies/AppData/Local/UnrealEngine/Common/DerivedDataCache/Buckets/BulkDataList/cf/c0/568f33f97233bb503dd25f093808a85b1c53.udd" 3209
"../../../Engine/Plugins/Interchange/Runtime/Content/Functions/MF_OrenNayerView.uasset" 3210
"../../../Engine/Plugins/Interchange/Runtime/Content/Functions/MF_SchlickApprox.uasset" 3211
"C:/Users/Abies/AppData/Local/UnrealEngine/Common/DerivedDataCache/Buckets/BulkDataPayloadId/55/08/9a345b836def7c14b99052ec066251d11be5.udd" 3212
"C:/Users/Abies/AppData/Local/UnrealEngine/Common/DerivedDataCache/Buckets/BulkDataList/3c/35/f526cb289f1972b15cf634017db456ab3043.udd" 3213
"C:/Users/Abies/AppData/Local/UnrealEngine/Common/DerivedDataCache/Buckets/BulkDataPayloadId/d0/61/58fcc1ff5f5e3c6e5e06e38ecbb9664b0a84.udd" 3214
"C:/Users/Abies/AppData/Local/UnrealEngine/Common/DerivedDataCache/Buckets/BulkDataList/78/b2/5215ca064ed275cd108b5156be440b3fcc02.udd" 3215
"../../../Engine/Content/EngineMaterials/DefaultCalibrationGrayscale.uasset" 3216
"../../../Engine/Content/EngineMaterials/DefaultCalibrationColor.uasset" 3217
"../../../Engine/Content/MobileResources/HUD/VirtualJoystick_Background.uasset" 3218
"../../../Engine/Content/MobileResources/HUD/VirtualJoystick_Thumb.uasset" 3219
"../../../Engine/Content/EngineSounds/Submixes/MasterEQEffectPreset.uasset" 3220
"C:/Users/Abies/AppData/Local/UnrealEngine/Common/DerivedDataCache/Buckets/BulkDataList/d4/46/5cad4adfe10db18f0c08bcc57169f920bb15.udd" 3221
"C:/Users/Abies/AppData/Local/UnrealEngine/Common/DerivedDataCache/Buckets/BulkDataList/86/ae/ffd67995330fad8d52cccf7471b74dd9356c.udd" 3222
"../../../Engine/Content/EngineSounds/Submixes/MasterReverbEffectPreset.uasset" 3223
"../../../Engine/Content/EngineMaterials/Substrate/Volume/SubstrateSimpleVolumeLUT2D.uasset" 3224
"C:/Users/Abies/AppData/Local/UnrealEngine/Common/DerivedDataCache/Buckets/BulkDataPayloadId/99/f3/869f3c9001f21f6c62333a846bb51973d995.udd" 3225
"C:/Users/Abies/AppData/Local/UnrealEngine/Common/DerivedDataCache/Buckets/BulkDataList/95/62/b5035386fb7b3a90a928b8a1176ff2a2a856.udd" 3226
"C:/Users/Abies/AppData/Local/UnrealEngine/Common/DerivedDataCache/Buckets/BulkDataPayloadId/60/0a/c89d94a758255b56e7584f0e3ead82e90f03.udd" 3227
"../../../Engine/Content/EngineMaterials/Substrate/Volume/SubstrateSimpleVolumeEnvLUT2D.uasset" 3228
"../../../Engine/Content/EngineMaterials/Substrate/Glints2/dict_0001_0022.uasset" 3229
"C:/Users/Abies/AppData/Local/UnrealEngine/Common/DerivedDataCache/Buckets/BulkDataList/42/8e/0f94b8c144974f1f3c38878cc4e29e1ae9fc.udd" 3230
"C:/Users/Abies/AppData/Local/UnrealEngine/Common/DerivedDataCache/Buckets/BulkDataList/09/f8/ae0bac2dbbfac3d597c18843eb1c028930ac.udd" 3231
"../../../Engine/Content/EngineMaterials/Substrate/Glints2/dict_0000_0185.uasset" 3232
"C:/Users/Abies/AppData/Local/UnrealEngine/Common/DerivedDataCache/Buckets/BulkDataList/d6/17/427f585d127bc6ea4015e77948594aee2f70.udd" 3233
"../../../Engine/Content/EngineMaterials/Substrate/Glints2/dict_0007_0226.uasset" 3234
"C:/Users/Abies/AppData/Local/UnrealEngine/Common/DerivedDataCache/Buckets/BulkDataList/6e/28/b5d8594aea4c9398cffe9145aa77be824df2.udd" 3235
"../../../Engine/Content/EngineMaterials/Substrate/Glints2/dict_0000_0154.uasset" 3236
"C:/Users/Abies/AppData/Local/UnrealEngine/Common/DerivedDataCache/Buckets/BulkDataList/4f/98/bccc9c45ace2deac069f7a29665234470f15.udd" 3237
"../../../Engine/Content/EngineMaterials/Substrate/Glints2/dict_0000_0031.uasset" 3238
"C:/Users/Abies/AppData/Local/UnrealEngine/Common/DerivedDataCache/Buckets/BulkDataList/e1/2a/92d4e551e29abfbb23cdca082b562d75f409.udd" 3239
"../../../Engine/Content/EngineMaterials/Substrate/Glints2/dict_0002_0188.uasset" 3240
"../../../Engine/Content/EngineMaterials/Substrate/Glints2/dict_0005_0149.uasset" 3241
"C:/Users/Abies/AppData/Local/UnrealEngine/Common/DerivedDataCache/Buckets/BulkDataList/1a/aa/f3875c65792e6d3ae8afafe7fea71580deaa.udd" 3242
"C:/Users/Abies/AppData/Local/UnrealEngine/Common/DerivedDataCache/Buckets/BulkDataList/cc/17/856d0ff5c5473eed205d48925c66f4567a96.udd" 3243
"../../../Engine/Content/EngineMaterials/Substrate/Glints2/dict_0004_0036.uasset" 3244
"C:/Users/Abies/AppData/Local/UnrealEngine/Common/DerivedDataCache/Buckets/BulkDataList/9c/60/276e3eedc4ed8796820a1568137e17c96d10.udd" 3245
"../../../Engine/Content/EngineMaterials/Substrate/Glints2/dict_0003_0156.uasset" 3246
"C:/Users/Abies/AppData/Local/UnrealEngine/Common/DerivedDataCache/Buckets/BulkDataList/c9/ed/5e22cc62c81b8334598e42bc7721248cdef8.udd" 3247
"../../../Engine/Content/EngineMaterials/Substrate/Glints2/dict_0001_0186.uasset" 3248
"C:/Users/Abies/AppData/Local/UnrealEngine/Common/DerivedDataCache/Buckets/BulkDataList/a1/24/01a37f1283d62070aa0085384ac237363549.udd" 3249
"../../../Engine/Content/EngineMaterials/Substrate/Glints2/dict_0005_0120.uasset" 3250
"C:/Users/Abies/AppData/Local/UnrealEngine/Common/DerivedDataCache/Buckets/BulkDataList/1e/12/872b5c0abbd2d005854d9e807cc78a4b4854.udd" 3251
"../../../Engine/Content/EngineMaterials/Substrate/Glints2/dict_0000_0213.uasset" 3252
"C:/Users/Abies/AppData/Local/UnrealEngine/Common/DerivedDataCache/Buckets/BulkDataList/b7/40/eb1f9f95f3aef94d405c20209f1093a5fb46.udd" 3253
"../../../Engine/Content/EngineMaterials/Substrate/Glints2/dict_0007_0066.uasset" 3254
"../../../Engine/Content/EngineMaterials/Substrate/Glints2/dict_0004_0069.uasset" 3255
"../../../Engine/Content/EngineMaterials/Substrate/Glints2/dict_0002_0212.uasset" 3256
"../../../Engine/Content/EngineMaterials/Substrate/Glints2/dict_0005_0044.uasset" 3257
"../../../Engine/Content/EngineMaterials/Substrate/Glints2/dict_0002_0219.uasset" 3258
"../../../Engine/Content/EngineMaterials/Substrate/Glints2/dict_0002_0119.uasset" 3259
"../../../Engine/Content/EngineMaterials/Substrate/Glints2/dict_0002_0024.uasset" 3260
"../../../Engine/Content/EngineMaterials/Substrate/Glints2/dict_0001_0107.uasset" 3261
"../../../Engine/Content/EngineMaterials/Substrate/Glints2/dict_0001_0041.uasset" 3262
"../../../Engine/Content/EngineMaterials/Substrate/Glints2/dict_0006_0099.uasset" 3263
"../../../Engine/Content/EngineMaterials/Substrate/Glints2/dict_0000_0003.uasset" 3264
"../../../Engine/Content/EngineMaterials/Substrate/Glints2/dict_0006_0046.uasset" 3265
"../../../Engine/Content/EngineMaterials/Substrate/Glints2/dict_0001_0247.uasset" 3266
"../../../Engine/Content/EngineMaterials/Substrate/Glints2/dict_0001_0068.uasset" 3267
"../../../Engine/Content/EngineMaterials/Substrate/Glints2/dict_0005_0078.uasset" 3268
"../../../Engine/Content/EngineMaterials/Substrate/Glints2/dict_0003_0067.uasset" 3269
"../../../Engine/Content/EngineMaterials/Substrate/Glints2/dict_0000_0205.uasset" 3270
"../../../Engine/Content/EngineMaterials/Substrate/Glints2/dict_0000_0178.uasset" 3271
"../../../Engine/Content/EngineMaterials/Substrate/Glints2/dict_0007_0116.uasset" 3272
"../../../Engine/Content/EngineMaterials/Substrate/Glints2/dict_0000_0088.uasset" 3273
"../../../Engine/Content/EngineMaterials/Substrate/Glints2/dict_0006_0247.uasset" 3274
"../../../Engine/Content/EngineMaterials/Substrate/Glints2/dict_0002_0076.uasset" 3275
"../../../Engine/Content/EngineMaterials/Substrate/Glints2/dict_0006_0039.uasset" 3276
"../../../Engine/Content/EngineMaterials/Substrate/Glints2/dict_0003_0055.uasset" 3277
"../../../Engine/Content/EngineMaterials/Substrate/Glints2/dict_0007_0100.uasset" 3278
"../../../Engine/Content/EngineMaterials/Substrate/Glints2/dict_0000_0174.uasset" 3279
"../../../Engine/Content/EngineMaterials/Substrate/Glints2/dict_0005_0179.uasset" 3280
"../../../Engine/Content/EngineMaterials/Substrate/Glints2/dict_0005_0072.uasset" 3281
"../../../Engine/Content/EngineMaterials/Substrate/Glints2/dict_0005_0054.uasset" 3282
"../../../Engine/Content/EngineMaterials/Substrate/Glints2/dict_0000_0164.uasset" 3283
"../../../Engine/Content/EngineMaterials/Substrate/Glints2/dict_0004_0138.uasset" 3284
"../../../Engine/Content/EngineMaterials/Substrate/Glints2/dict_0007_0213.uasset" 3285
"../../../Engine/Content/EngineMaterials/Substrate/Glints2/dict_0007_0091.uasset" 3286
"../../../Engine/Content/EngineMaterials/Substrate/Glints2/dict_0006_0006.uasset" 3287
"../../../Engine/Content/EngineMaterials/Substrate/Glints2/dict_0005_0064.uasset" 3288
"../../../Engine/Content/EngineMaterials/Substrate/Glints2/dict_0004_0132.uasset" 3289
"../../../Engine/Content/EngineMaterials/Substrate/Glints2/dict_0000_0225.uasset" 3290
"../../../Engine/Content/EngineMaterials/Substrate/Glints2/dict_0007_0252.uasset" 3291
"../../../Engine/Content/EngineMaterials/Substrate/Glints2/dict_0001_0230.uasset" 3292
"../../../Engine/Content/EngineMaterials/Substrate/Glints2/dict_0001_0115.uasset" 3293
"../../../Engine/Content/EngineMaterials/Substrate/Glints2/dict_0004_0171.uasset" 3294
"../../../Engine/Content/EngineMaterials/Substrate/Glints2/dict_0006_0164.uasset" 3295
"../../../Engine/Content/EngineMaterials/Substrate/Glints2/dict_0007_0099.uasset" 3296
"../../../Engine/Content/EngineMaterials/Substrate/Glints2/dict_0006_0253.uasset" 3297
"../../../Engine/Content/EngineMaterials/Substrate/Glints2/dict_0004_0135.uasset" 3298
"../../../Engine/Content/EngineMaterials/Substrate/Glints2/dict_0002_0116.uasset" 3299
"../../../Engine/Content/EngineMaterials/Substrate/Glints2/dict_0001_0007.uasset" 3300
"../../../Engine/Content/EngineMaterials/Substrate/Glints2/dict_0004_0086.uasset" 3301
"../../../Engine/Content/EngineMaterials/Substrate/Glints2/dict_0003_0095.uasset" 3302
"../../../Engine/Content/EngineMaterials/Substrate/Glints2/dict_0002_0178.uasset" 3303
"../../../Engine/Content/EngineMaterials/Substrate/Glints2/dict_0000_0053.uasset" 3304
"../../../Engine/Content/EngineMaterials/Substrate/Glints2/dict_0005_0164.uasset" 3305
"../../../Engine/Content/EngineMaterials/Substrate/Glints2/dict_0001_0052.uasset" 3306
"../../../Engine/Content/EngineMaterials/Substrate/Glints2/dict_0007_0175.uasset" 3307
"../../../Engine/Content/EngineMaterials/Substrate/Glints2/dict_0000_0076.uasset" 3308
"../../../Engine/Content/EngineMaterials/Substrate/Glints2/dict_0000_0059.uasset" 3309
"../../../Engine/Content/EngineMaterials/Substrate/Glints2/dict_0003_0177.uasset" 3310
"../../../Engine/Content/EngineMaterials/Substrate/Glints2/dict_0002_0128.uasset" 3311
"../../../Engine/Content/EngineMaterials/Substrate/Glints2/dict_0004_0238.uasset" 3312
"../../../Engine/Content/EngineMaterials/Substrate/Glints2/dict_0002_0061.uasset" 3313
"../../../Engine/Content/EngineMaterials/Substrate/Glints2/dict_0006_0130.uasset" 3314
"../../../Engine/Content/EngineMaterials/Substrate/Glints2/dict_0003_0229.uasset" 3315
"../../../Engine/Content/EngineMaterials/Substrate/Glints2/dict_0007_0077.uasset" 3316
"../../../Engine/Content/EngineMaterials/Substrate/Glints2/dict_0005_0057.uasset" 3317
"../../../Engine/Content/EngineMaterials/Substrate/Glints2/dict_0004_0220.uasset" 3318
"../../../Engine/Content/EngineMaterials/Substrate/Glints2/dict_0003_0222.uasset" 3319
"../../../Engine/Content/EngineMaterials/Substrate/Glints2/dict_0000_0132.uasset" 3320
"../../../Engine/Content/EngineMaterials/Substrate/Glints2/dict_0000_0091.uasset" 3321
"../../../Engine/Content/EngineMaterials/Substrate/Glints2/dict_0000_0161.uasset" 3322
"../../../Engine/Content/EngineMaterials/Substrate/Glints2/dict_0006_0238.uasset" 3323
"../../../Engine/Content/EngineMaterials/Substrate/Glints2/dict_0003_0241.uasset" 3324
"../../../Engine/Content/EngineMaterials/Substrate/Glints2/dict_0002_0091.uasset" 3325
"../../../Engine/Content/EngineMaterials/Substrate/Glints2/dict_0004_0029.uasset" 3326
"../../../Engine/Content/EngineMaterials/Substrate/Glints2/dict_0007_0223.uasset" 3327
"../../../Engine/Content/EngineMaterials/Substrate/Glints2/dict_0004_0247.uasset" 3328
"../../../Engine/Content/EngineMaterials/Substrate/Glints2/dict_0005_0056.uasset" 3329
"../../../Engine/Content/EngineMaterials/Substrate/Glints2/dict_0006_0235.uasset" 3330
"../../../Engine/Content/EngineMaterials/Substrate/Glints2/dict_0005_0039.uasset" 3331
"../../../Engine/Content/EngineMaterials/Substrate/Glints2/dict_0003_0252.uasset" 3332
"../../../Engine/Content/EngineMaterials/Substrate/Glints2/dict_0003_0017.uasset" 3333
"../../../Engine/Content/EngineMaterials/Substrate/Glints2/dict_0003_0255.uasset" 3334
"../../../Engine/Content/EngineMaterials/Substrate/Glints2/dict_0005_0238.uasset" 3335
"../../../Engine/Content/EngineMaterials/Substrate/Glints2/dict_0004_0167.uasset" 3336
"../../../Engine/Content/EngineMaterials/Substrate/Glints2/dict_0003_0056.uasset" 3337
"../../../Engine/Content/EngineMaterials/Substrate/Glints2/dict_0006_0215.uasset" 3338
"../../../Engine/Content/EngineMaterials/Substrate/Glints2/dict_0004_0045.uasset" 3339
"../../../Engine/Content/EngineMaterials/Substrate/Glints2/dict_0003_0165.uasset" 3340
"../../../Engine/Content/EngineMaterials/Substrate/Glints2/dict_0003_0069.uasset" 3341
"../../../Engine/Content/EngineMaterials/Substrate/Glints2/dict_0004_0102.uasset" 3342
"../../../Engine/Content/EngineMaterials/Substrate/Glints2/dict_0004_0064.uasset" 3343
"../../../Engine/Content/EngineMaterials/Substrate/Glints2/dict_0001_0089.uasset" 3344
"../../../Engine/Content/EngineMaterials/Substrate/Glints2/dict_0007_0230.uasset" 3345
"../../../Engine/Content/EngineMaterials/Substrate/Glints2/dict_0006_0053.uasset" 3346
"../../../Engine/Content/EngineMaterials/Substrate/Glints2/dict_0006_0051.uasset" 3347
"../../../Engine/Content/EngineMaterials/Substrate/Glints2/dict_0006_0003.uasset" 3348
"../../../Engine/Content/EngineMaterials/Substrate/Glints2/dict_0005_0127.uasset" 3349
"../../../Engine/Content/EngineMaterials/Substrate/Glints2/dict_0005_0005.uasset" 3350
"../../../Engine/Content/EngineMaterials/Substrate/Glints2/dict_0000_0035.uasset" 3351
"../../../Engine/Content/EngineMaterials/Substrate/Glints2/dict_0004_0003.uasset" 3352
"../../../Engine/Content/EngineMaterials/Substrate/Glints2/dict_0003_0114.uasset" 3353
"../../../Engine/Content/EngineMaterials/Substrate/Glints2/dict_0006_0001.uasset" 3354
"../../../Engine/Content/EngineMaterials/Substrate/Glints2/dict_0006_0160.uasset" 3355
"../../../Engine/Content/EngineMaterials/Substrate/Glints2/dict_0002_0099.uasset" 3356
"../../../Engine/Content/EngineMaterials/Substrate/Glints2/dict_0002_0088.uasset" 3357
"../../../Engine/Content/EngineMaterials/Substrate/Glints2/dict_0001_0233.uasset" 3358
"../../../Engine/Content/EngineMaterials/Substrate/Glints2/dict_0001_0175.uasset" 3359
"../../../Engine/Content/EngineMaterials/Substrate/Glints2/dict_0001_0195.uasset" 3360
"../../../Engine/Content/EngineMaterials/Substrate/Glints2/dict_0001_0153.uasset" 3361
"../../../Engine/Content/EngineMaterials/Substrate/Glints2/dict_0001_0091.uasset" 3362
"../../../Engine/Content/EngineMaterials/Substrate/Glints2/dict_0006_0134.uasset" 3363
"../../../Engine/Content/EngineMaterials/Substrate/Glints2/dict_0005_0030.uasset" 3364
"../../../Engine/Content/EngineMaterials/Substrate/Glints2/dict_0006_0129.uasset" 3365
"../../../Engine/Content/EngineMaterials/Substrate/Glints2/dict_0003_0076.uasset" 3366
"../../../Engine/Content/EngineMaterials/Substrate/Glints2/dict_0002_0250.uasset" 3367
"../../../Engine/Content/EngineMaterials/Substrate/Glints2/dict_0002_0004.uasset" 3368
"../../../Engine/Content/EngineMaterials/Substrate/Glints2/dict_0000_0239.uasset" 3369
"../../../Engine/Content/EngineMaterials/Substrate/Glints2/dict_0007_0034.uasset" 3370
"../../../Engine/Content/EngineMaterials/Substrate/Glints2/dict_0005_0176.uasset" 3371
"../../../Engine/Content/EngineMaterials/Substrate/Glints2/dict_0003_0123.uasset" 3372
"../../../Engine/Content/EngineMaterials/Substrate/Glints2/dict_0001_0051.uasset" 3373
"../../../Engine/Content/EngineMaterials/Substrate/Glints2/dict_0005_0192.uasset" 3374
"../../../Engine/Content/EngineMaterials/Substrate/Glints2/dict_0007_0050.uasset" 3375
"../../../Engine/Content/EngineMaterials/Substrate/Glints2/dict_0006_0075.uasset" 3376
"../../../Engine/Content/EngineMaterials/Substrate/Glints2/dict_0004_0071.uasset" 3377
"../../../Engine/Content/EngineMaterials/Substrate/Glints2/dict_0002_0126.uasset" 3378
"../../../Engine/Content/EngineMaterials/Substrate/Glints2/dict_0005_0062.uasset" 3379
"../../../Engine/Content/EngineMaterials/Substrate/Glints2/dict_0007_0217.uasset" 3380
"../../../Engine/Content/EngineMaterials/Substrate/Glints2/dict_0007_0032.uasset" 3381
"../../../Engine/Content/EngineMaterials/Substrate/Glints2/dict_0005_0050.uasset" 3382
"../../../Engine/Content/EngineMaterials/Substrate/Glints2/dict_0002_0158.uasset" 3383
"../../../Engine/Content/EngineMaterials/Substrate/Glints2/dict_0006_0077.uasset" 3384
"../../../Engine/Content/EngineMaterials/Substrate/Glints2/dict_0005_0169.uasset" 3385
"../../../Engine/Content/EngineMaterials/Substrate/Glints2/dict_0002_0002.uasset" 3386
"../../../Engine/Content/EngineMaterials/Substrate/Glints2/dict_0000_0028.uasset" 3387
"../../../Engine/Content/EngineMaterials/Substrate/Glints2/dict_0007_0038.uasset" 3388
"../../../Engine/Content/EngineMaterials/Substrate/Glints2/dict_0006_0103.uasset" 3389
"../../../Engine/Content/EngineMaterials/Substrate/Glints2/dict_0004_0094.uasset" 3390
"../../../Engine/Content/EngineMaterials/Substrate/Glints2/dict_0002_0120.uasset" 3391
"../../../Engine/Content/EngineMaterials/Substrate/Glints2/dict_0003_0188.uasset" 3392
"../../../Engine/Content/EngineMaterials/Substrate/Glints2/dict_0001_0203.uasset" 3393
"../../../Engine/Content/EngineMaterials/Substrate/Glints2/dict_0007_0249.uasset" 3394
"../../../Engine/Content/EngineMaterials/Substrate/Glints2/dict_0006_0107.uasset" 3395
"../../../Engine/Content/EngineMaterials/Substrate/Glints2/dict_0005_0183.uasset" 3396
"../../../Engine/Content/EngineMaterials/Substrate/Glints2/dict_0007_0162.uasset" 3397
"../../../Engine/Content/EngineMaterials/Substrate/Glints2/dict_0003_0009.uasset" 3398
"../../../Engine/Content/EngineMaterials/Substrate/Glints2/dict_0004_0106.uasset" 3399
"../../../Engine/Content/EngineMaterials/Substrate/Glints2/dict_0003_0038.uasset" 3400
"../../../Engine/Content/EngineMaterials/Substrate/Glints2/dict_0003_0135.uasset" 3401
"../../../Engine/Content/EngineMaterials/Substrate/Glints2/dict_0001_0219.uasset" 3402
"../../../Engine/Content/EngineMaterials/Substrate/Glints2/dict_0001_0201.uasset" 3403
"../../../Engine/Content/EngineMaterials/Substrate/Glints2/dict_0007_0210.uasset" 3404
"../../../Engine/Content/EngineMaterials/Substrate/Glints2/dict_0001_0106.uasset" 3405
"../../../Engine/Content/EngineMaterials/Substrate/Glints2/dict_0007_0106.uasset" 3406
"../../../Engine/Content/EngineMaterials/Substrate/Glints2/dict_0003_0224.uasset" 3407
"../../../Engine/Content/EngineMaterials/Substrate/Glints2/dict_0002_0199.uasset" 3408
"../../../Engine/Content/EngineMaterials/Substrate/Glints2/dict_0003_0022.uasset" 3409
"../../../Engine/Content/EngineMaterials/Substrate/Glints2/dict_0000_0165.uasset" 3410
"../../../Engine/Content/EngineMaterials/Substrate/Glints2/dict_0005_0134.uasset" 3411
"../../../Engine/Content/EngineMaterials/Substrate/Glints2/dict_0004_0241.uasset" 3412
"../../../Engine/Content/EngineMaterials/Substrate/Glints2/dict_0003_0109.uasset" 3413
"../../../Engine/Content/EngineMaterials/Substrate/Glints2/dict_0007_0082.uasset" 3414
"../../../Engine/Content/EngineMaterials/Substrate/Glints2/dict_0004_0100.uasset" 3415
"../../../Engine/Content/EngineMaterials/Substrate/Glints2/dict_0000_0200.uasset" 3416
"../../../Engine/Content/EngineMaterials/Substrate/Glints2/dict_0007_0194.uasset" 3417
"../../../Engine/Content/EngineMaterials/Substrate/Glints2/dict_0006_0167.uasset" 3418
"../../../Engine/Content/EngineMaterials/Substrate/Glints2/dict_0002_0006.uasset" 3419
"../../../Engine/Content/EngineMaterials/Substrate/Glints2/dict_0001_0217.uasset" 3420
"../../../Engine/Content/EngineMaterials/Substrate/Glints2/dict_0006_0237.uasset" 3421
"../../../Engine/Content/EngineMaterials/Substrate/Glints2/dict_0006_0181.uasset" 3422
"../../../Engine/Content/EngineMaterials/Substrate/Glints2/dict_0005_0063.uasset" 3423
"../../../Engine/Content/EngineMaterials/Substrate/Glints2/dict_0002_0155.uasset" 3424
"../../../Engine/Content/EngineMaterials/Substrate/Glints2/dict_0001_0246.uasset" 3425
"../../../Engine/Content/EngineMaterials/Substrate/Glints2/dict_0005_0209.uasset" 3426
"../../../Engine/Content/EngineMaterials/Substrate/Glints2/dict_0003_0103.uasset" 3427
"../../../Engine/Content/EngineMaterials/Substrate/Glints2/dict_0003_0006.uasset" 3428
"../../../Engine/Content/EngineMaterials/Substrate/Glints2/dict_0005_0084.uasset" 3429
"../../../Engine/Content/EngineMaterials/Substrate/Glints2/dict_0005_0076.uasset" 3430
"../../../Engine/Content/EngineMaterials/Substrate/Glints2/dict_0002_0160.uasset" 3431
"../../../Engine/Content/EngineMaterials/Substrate/Glints2/dict_0007_0218.uasset" 3432
"../../../Engine/Content/EngineMaterials/Substrate/Glints2/dict_0006_0113.uasset" 3433
"../../../Engine/Content/EngineMaterials/Substrate/Glints2/dict_0003_0161.uasset" 3434
"../../../Engine/Content/EngineMaterials/Substrate/Glints2/dict_0007_0080.uasset" 3435
"../../../Engine/Content/EngineMaterials/Substrate/Glints2/dict_0006_0088.uasset" 3436
"../../../Engine/Content/EngineMaterials/Substrate/Glints2/dict_0005_0105.uasset" 3437
"../../../Engine/Content/EngineMaterials/Substrate/Glints2/dict_0004_0217.uasset" 3438
"../../../Engine/Content/EngineMaterials/Substrate/Glints2/dict_0000_0055.uasset" 3439
"../../../Engine/Content/EngineMaterials/Substrate/Glints2/dict_0006_0021.uasset" 3440
"../../../Engine/Content/EngineMaterials/Substrate/Glints2/dict_0001_0035.uasset" 3441
"../../../Engine/Content/EngineMaterials/Substrate/Glints2/dict_0000_0126.uasset" 3442
"../../../Engine/Content/EngineMaterials/Substrate/Glints2/dict_0006_0040.uasset" 3443
"../../../Engine/Content/EngineMaterials/Substrate/Glints2/dict_0003_0064.uasset" 3444
"../../../Engine/Content/EngineMaterials/Substrate/Glints2/dict_0000_0114.uasset" 3445
"../../../Engine/Content/EngineMaterials/Substrate/Glints2/dict_0004_0127.uasset" 3446
"../../../Engine/Content/EngineMaterials/Substrate/Glints2/dict_0004_0126.uasset" 3447
"../../../Engine/Content/EngineMaterials/Substrate/Glints2/dict_0007_0089.uasset" 3448
"../../../Engine/Content/EngineMaterials/Substrate/Glints2/dict_0002_0063.uasset" 3449
"../../../Engine/Content/EngineMaterials/Substrate/Glints2/dict_0000_0106.uasset" 3450
"../../../Engine/Content/EngineMaterials/Substrate/Glints2/dict_0002_0238.uasset" 3451
"../../../Engine/Content/EngineMaterials/Substrate/Glints2/dict_0006_0047.uasset" 3452
"../../../Engine/Content/EngineMaterials/Substrate/Glints2/dict_0005_0130.uasset" 3453
"../../../Engine/Content/EngineMaterials/Substrate/Glints2/dict_0007_0111.uasset" 3454
"../../../Engine/Content/EngineMaterials/Substrate/Glints2/dict_0003_0186.uasset" 3455
"../../../Engine/Content/EngineMaterials/Substrate/Glints2/dict_0001_0167.uasset" 3456
"../../../Engine/Content/EngineMaterials/Substrate/Glints2/dict_0002_0118.uasset" 3457
"../../../Engine/Content/EngineMaterials/Substrate/Glints2/dict_0000_0061.uasset" 3458
"../../../Engine/Content/EngineMaterials/Substrate/Glints2/dict_0005_0219.uasset" 3459
"../../../Engine/Content/EngineMaterials/Substrate/Glints2/dict_0002_0191.uasset" 3460
"../../../Engine/Content/EngineMaterials/Substrate/Glints2/dict_0007_0122.uasset" 3461
"../../../Engine/Content/EngineMaterials/Substrate/Glints2/dict_0007_0073.uasset" 3462
"../../../Engine/Content/EngineMaterials/Substrate/Glints2/dict_0007_0203.uasset" 3463
"../../../Engine/Content/EngineMaterials/Substrate/Glints2/dict_0004_0196.uasset" 3464
"../../../Engine/Content/EngineMaterials/Substrate/Glints2/dict_0000_0139.uasset" 3465
"../../../Engine/Content/EngineMaterials/Substrate/Glints2/dict_0007_0169.uasset" 3466
"../../../Engine/Content/EngineMaterials/Substrate/Glints2/dict_0003_0115.uasset" 3467
"../../../Engine/Content/EngineMaterials/Substrate/Glints2/dict_0001_0009.uasset" 3468
"../../../Engine/Content/EngineMaterials/Substrate/Glints2/dict_0002_0009.uasset" 3469
"../../../Engine/Content/EngineMaterials/Substrate/Glints2/dict_0001_0218.uasset" 3470
"../../../Engine/Content/EngineMaterials/Substrate/Glints2/dict_0007_0068.uasset" 3471
"../../../Engine/Content/EngineMaterials/Substrate/Glints2/dict_0006_0138.uasset" 3472
"../../../Engine/Content/EngineMaterials/Substrate/Glints2/dict_0005_0203.uasset" 3473
"../../../Engine/Content/EngineMaterials/Substrate/Glints2/dict_0005_0038.uasset" 3474
"../../../Engine/Content/EngineMaterials/Substrate/Glints2/dict_0000_0167.uasset" 3475
"../../../Engine/Content/EngineMaterials/Substrate/Glints2/dict_0000_0147.uasset" 3476
"../../../Engine/Content/EngineMaterials/Substrate/Glints2/dict_0003_0230.uasset" 3477
"../../../Engine/Content/EngineMaterials/Substrate/Glints2/dict_0001_0100.uasset" 3478
"../../../Engine/Content/EngineMaterials/Substrate/Glints2/dict_0007_0198.uasset" 3479
"../../../Engine/Content/EngineMaterials/Substrate/Glints2/dict_0006_0249.uasset" 3480
"../../../Engine/Content/EngineMaterials/Substrate/Glints2/dict_0005_0004.uasset" 3481
"../../../Engine/Content/EngineMaterials/Substrate/Glints2/dict_0003_0180.uasset" 3482
"../../../Engine/Content/EngineMaterials/Substrate/Glints2/dict_0005_0185.uasset" 3483
"../../../Engine/Content/EngineMaterials/Substrate/Glints2/dict_0001_0146.uasset" 3484
"../../../Engine/Content/EngineMaterials/Substrate/Glints2/dict_0007_0009.uasset" 3485
"../../../Engine/Content/EngineMaterials/Substrate/Glints2/dict_0006_0116.uasset" 3486
"../../../Engine/Content/EngineMaterials/Substrate/Glints2/dict_0004_0011.uasset" 3487
"../../../Engine/Content/EngineMaterials/Substrate/Glints2/dict_0002_0048.uasset" 3488
"../../../Engine/Content/EngineMaterials/Substrate/Glints2/dict_0001_0207.uasset" 3489
"../../../Engine/Content/EngineMaterials/Substrate/Glints2/dict_0001_0206.uasset" 3490
"../../../Engine/Content/EngineMaterials/Substrate/Glints2/dict_0003_0238.uasset" 3491
"../../../Engine/Content/EngineMaterials/Substrate/Glints2/dict_0002_0248.uasset" 3492
"../../../Engine/Content/EngineMaterials/Substrate/Glints2/dict_0000_0252.uasset" 3493
"../../../Engine/Content/EngineMaterials/Substrate/Glints2/dict_0006_0019.uasset" 3494
"../../../Engine/Content/EngineMaterials/Substrate/Glints2/dict_0002_0001.uasset" 3495
"../../../Engine/Content/EngineMaterials/Substrate/Glints2/dict_0004_0172.uasset" 3496
"../../../Engine/Content/EngineMaterials/Substrate/Glints2/dict_0004_0218.uasset" 3497
"../../../Engine/Content/EngineMaterials/Substrate/Glints2/dict_0002_0090.uasset" 3498
"../../../Engine/Content/EngineMaterials/Substrate/Glints2/dict_0001_0002.uasset" 3499
"../../../Engine/Content/EngineMaterials/Substrate/Glints2/dict_0006_0184.uasset" 3500
"../../../Engine/Content/EngineMaterials/Substrate/Glints2/dict_0004_0243.uasset" 3501
"../../../Engine/Content/EngineMaterials/Substrate/Glints2/dict_0006_0050.uasset" 3502
"../../../Engine/Content/EngineMaterials/Substrate/Glints2/dict_0004_0240.uasset" 3503
"../../../Engine/Content/EngineMaterials/Substrate/Glints2/dict_0003_0105.uasset" 3504
"../../../Engine/Content/EngineMaterials/Substrate/Glints2/dict_0001_0059.uasset" 3505
"../../../Engine/Content/EngineMaterials/Substrate/Glints2/dict_0002_0142.uasset" 3506
"../../../Engine/Content/EngineMaterials/Substrate/Glints2/dict_0000_0101.uasset" 3507
"../../../Engine/Content/EngineMaterials/Substrate/Glints2/dict_0000_0081.uasset" 3508
"../../../Engine/Content/EngineMaterials/Substrate/Glints2/dict_0006_0143.uasset" 3509
"../../../Engine/Content/EngineMaterials/Substrate/Glints2/dict_0003_0185.uasset" 3510
"../../../Engine/Content/EngineMaterials/Substrate/Glints2/dict_0001_0158.uasset" 3511
"../../../Engine/Content/EngineMaterials/Substrate/Glints2/dict_0000_0083.uasset" 3512
"../../../Engine/Content/EngineMaterials/Substrate/Glints2/dict_0007_0057.uasset" 3513
"../../../Engine/Content/EngineMaterials/Substrate/Glints2/dict_0002_0008.uasset" 3514
"../../../Engine/Content/EngineMaterials/Substrate/Glints2/dict_0000_0220.uasset" 3515
"../../../Engine/Content/EngineMaterials/Substrate/Glints2/dict_0006_0064.uasset" 3516
"../../../Engine/Content/EngineMaterials/Substrate/Glints2/dict_0007_0195.uasset" 3517
"../../../Engine/Content/EngineMaterials/Substrate/Glints2/dict_0007_0041.uasset" 3518
"../../../Engine/Content/EngineMaterials/Substrate/Glints2/dict_0001_0198.uasset" 3519
"../../../Engine/Content/EngineMaterials/Substrate/Glints2/dict_0002_0021.uasset" 3520
"../../../Engine/Content/EngineMaterials/Substrate/Glints2/dict_0000_0155.uasset" 3521
"../../../Engine/Content/EngineMaterials/Substrate/Glints2/dict_0000_0007.uasset" 3522
"../../../Engine/Content/EngineMaterials/Substrate/Glints2/dict_0007_0164.uasset" 3523
"../../../Engine/Content/EngineMaterials/Substrate/Glints2/dict_0007_0243.uasset" 3524
"../../../Engine/Content/EngineMaterials/Substrate/Glints2/dict_0003_0070.uasset" 3525
"../../../Engine/Content/EngineMaterials/Substrate/Glints2/dict_0001_0119.uasset" 3526
"../../../Engine/Content/EngineMaterials/Substrate/Glints2/dict_0000_0233.uasset" 3527
"../../../Engine/Content/EngineMaterials/Substrate/Glints2/dict_0004_0163.uasset" 3528
"../../../Engine/Content/EngineMaterials/Substrate/Glints2/dict_0002_0226.uasset" 3529
"../../../Engine/Content/EngineMaterials/Substrate/Glints2/dict_0001_0113.uasset" 3530
"../../../Engine/Content/EngineMaterials/Substrate/Glints2/dict_0000_0010.uasset" 3531
"../../../Engine/Content/EngineMaterials/Substrate/Glints2/dict_0005_0016.uasset" 3532
"../../../Engine/Content/EngineMaterials/Substrate/Glints2/dict_0001_0208.uasset" 3533
"../../../Engine/Content/EngineMaterials/Substrate/Glints2/dict_0001_0037.uasset" 3534
"../../../Engine/Content/EngineMaterials/Substrate/Glints2/dict_0007_0115.uasset" 3535
"../../../Engine/Content/EngineMaterials/Substrate/Glints2/dict_0005_0246.uasset" 3536
"../../../Engine/Content/EngineMaterials/Substrate/Glints2/dict_0002_0235.uasset" 3537
"../../../Engine/Content/EngineMaterials/Substrate/Glints2/dict_0006_0168.uasset" 3538
"../../../Engine/Content/EngineMaterials/Substrate/Glints2/dict_0005_0031.uasset" 3539
"../../../Engine/Content/EngineMaterials/Substrate/Glints2/dict_0004_0008.uasset" 3540
"../../../Engine/Content/EngineMaterials/Substrate/Glints2/dict_0006_0178.uasset" 3541
"../../../Engine/Content/EngineMaterials/Substrate/Glints2/dict_0004_0181.uasset" 3542
"../../../Engine/Content/EngineMaterials/Substrate/Glints2/dict_0004_0060.uasset" 3543
"../../../Engine/Content/EngineMaterials/Substrate/Glints2/dict_0000_0089.uasset" 3544
"../../../Engine/Content/EngineMaterials/Substrate/Glints2/dict_0006_0137.uasset" 3545
"../../../Engine/Content/EngineMaterials/Substrate/Glints2/dict_0001_0225.uasset" 3546
"../../../Engine/Content/EngineMaterials/Substrate/Glints2/dict_0004_0020.uasset" 3547
"../../../Engine/Content/EngineMaterials/Substrate/Glints2/dict_0003_0140.uasset" 3548
"../../../Engine/Content/EngineMaterials/Substrate/Glints2/dict_0000_0158.uasset" 3549
"../../../Engine/Content/EngineMaterials/Substrate/Glints2/dict_0000_0024.uasset" 3550
"../../../Engine/Content/EngineMaterials/Substrate/Glints2/dict_0003_0128.uasset" 3551
"../../../Engine/Content/EngineMaterials/Substrate/Glints2/dict_0003_0016.uasset" 3552
"../../../Engine/Content/EngineMaterials/Substrate/Glints2/dict_0000_0211.uasset" 3553
"../../../Engine/Content/EngineMaterials/Substrate/Glints2/dict_0000_0109.uasset" 3554
"../../../Engine/Content/EngineMaterials/Substrate/Glints2/dict_0002_0149.uasset" 3555
"../../../Engine/Content/EngineMaterials/Substrate/Glints2/dict_0001_0194.uasset" 3556
"../../../Engine/Content/EngineMaterials/Substrate/Glints2/dict_0007_0017.uasset" 3557
"../../../Engine/Content/EngineMaterials/Substrate/Glints2/dict_0006_0141.uasset" 3558
"../../../Engine/Content/EngineMaterials/Substrate/Glints2/dict_0006_0139.uasset" 3559
"../../../Engine/Content/EngineMaterials/Substrate/Glints2/dict_0005_0102.uasset" 3560
"../../../Engine/Content/EngineMaterials/Substrate/Glints2/dict_0001_0244.uasset" 3561
"../../../Engine/Content/EngineMaterials/Substrate/Glints2/dict_0005_0058.uasset" 3562
"../../../Engine/Content/EngineMaterials/Substrate/Glints2/dict_0000_0026.uasset" 3563
"../../../Engine/Content/EngineMaterials/Substrate/Glints2/dict_0006_0244.uasset" 3564
"../../../Engine/Content/EngineMaterials/Substrate/Glints2/dict_0007_0085.uasset" 3565
"../../../Engine/Content/EngineMaterials/Substrate/Glints2/dict_0005_0250.uasset" 3566
"../../../Engine/Content/EngineMaterials/Substrate/Glints2/dict_0006_0211.uasset" 3567
"../../../Engine/Content/EngineMaterials/Substrate/Glints2/dict_0005_0153.uasset" 3568
"../../../Engine/Content/EngineMaterials/Substrate/Glints2/dict_0005_0245.uasset" 3569
"../../../Engine/Content/EngineMaterials/Substrate/Glints2/dict_0005_0186.uasset" 3570
"../../../Engine/Content/EngineMaterials/Substrate/Glints2/dict_0000_0152.uasset" 3571
"../../../Engine/Content/EngineMaterials/Substrate/Glints2/dict_0000_0041.uasset" 3572
"../../../Engine/Content/EngineMaterials/Substrate/Glints2/dict_0007_0079.uasset" 3573
"../../../Engine/Content/EngineMaterials/Substrate/Glints2/dict_0005_0225.uasset" 3574
"../../../Engine/Content/EngineMaterials/Substrate/Glints2/dict_0004_0098.uasset" 3575
"../../../Engine/Content/EngineMaterials/Substrate/Glints2/dict_0002_0190.uasset" 3576
"../../../Engine/Content/EngineMaterials/Substrate/Glints2/dict_0003_0110.uasset" 3577
"../../../Engine/Content/EngineMaterials/Substrate/Glints2/dict_0000_0103.uasset" 3578
"../../../Engine/Content/EngineMaterials/Substrate/Glints2/dict_0000_0240.uasset" 3579
"../../../Engine/Content/EngineMaterials/Substrate/Glints2/dict_0007_0022.uasset" 3580
"../../../Engine/Content/EngineMaterials/Substrate/Glints2/dict_0000_0005.uasset" 3581
"../../../Engine/Content/EngineMaterials/Substrate/Glints2/dict_0005_0201.uasset" 3582
"C:/Users/Abies/AppData/Local/UnrealEngine/Common/DerivedDataCache/Buckets/LegacyDIST/a5/7b/8a6dde5afce60b825351f6e8a28387594e35.udd" 3583
"../../../Engine/Content/EngineMaterials/Substrate/Glints2/dict_0003_0189.uasset" 3584
"../../../Engine/Content/EngineMaterials/Substrate/Glints2/dict_0001_0074.uasset" 3585
"../../../Engine/Content/EngineMaterials/Substrate/Glints2/dict_0004_0048.uasset" 3586
"../../../Engine/Content/EngineMaterials/Substrate/Glints2/dict_0000_0144.uasset" 3587
"../../../Engine/Content/EngineMaterials/Substrate/Glints2/dict_0006_0026.uasset" 3588
"../../../Engine/Content/EngineMaterials/Substrate/Glints2/dict_0003_0085.uasset" 3589
"../../../Engine/Content/EngineMaterials/Substrate/Glints2/dict_0002_0007.uasset" 3590
"../../../Engine/Content/EngineMaterials/Substrate/Glints2/dict_0000_0216.uasset" 3591
"../../../Engine/Content/EngineMaterials/Substrate/Glints2/dict_0007_0067.uasset" 3592
"../../../Engine/Content/EngineMaterials/Substrate/Glints2/dict_0006_0200.uasset" 3593
"../../../Engine/Content/EngineMaterials/Substrate/Glints2/dict_0006_0166.uasset" 3594
"../../../Engine/Content/EngineMaterials/Substrate/Glints2/dict_0003_0181.uasset" 3595
"../../../Engine/Content/EngineMaterials/Substrate/Glints2/dict_0007_0096.uasset" 3596
"../../../Engine/Content/EngineMaterials/Substrate/Glints2/dict_0003_0231.uasset" 3597
"../../../Engine/Content/EngineMaterials/Substrate/Glints2/dict_0002_0200.uasset" 3598
"../../../Engine/Content/EngineMaterials/Substrate/Glints2/dict_0004_0090.uasset" 3599
"../../../Engine/Content/EngineMaterials/Substrate/Glints2/dict_0000_0196.uasset" 3600
"../../../Engine/Content/EngineMaterials/Substrate/Glints2/dict_0000_0119.uasset" 3601
"../../../Engine/Content/EngineMaterials/Substrate/Glints2/dict_0006_0254.uasset" 3602
"../../../Engine/Content/EngineMaterials/Substrate/Glints2/dict_0006_0066.uasset" 3603
"../../../Engine/Content/EngineMaterials/Substrate/Glints2/dict_0001_0213.uasset" 3604
"../../../Engine/Content/EngineMaterials/Substrate/Glints2/dict_0004_0250.uasset" 3605
"../../../Engine/Content/EngineMaterials/Substrate/Glints2/dict_0004_0143.uasset" 3606
"../../../Engine/Content/EngineMaterials/Substrate/Glints2/dict_0003_0111.uasset" 3607
"../../../Engine/Content/EngineMaterials/Substrate/Glints2/dict_0004_0017.uasset" 3608
"../../../Engine/Content/EngineMaterials/Substrate/Glints2/dict_0004_0118.uasset" 3609
"../../../Engine/Content/EngineMaterials/Substrate/Glints2/dict_0006_0224.uasset" 3610
"../../../Engine/Content/EngineMaterials/Substrate/Glints2/dict_0006_0187.uasset" 3611
"../../../Engine/Content/EngineMaterials/Substrate/Glints2/dict_0006_0061.uasset" 3612
"../../../Engine/Content/EngineMaterials/Substrate/Glints2/dict_0000_0032.uasset" 3613
"../../../Engine/Content/EngineMaterials/Substrate/Glints2/dict_0005_0151.uasset" 3614
"../../../Engine/Content/EngineMaterials/Substrate/Glints2/dict_0004_0075.uasset" 3615
"../../../Engine/Content/EngineMaterials/Substrate/Glints2/dict_0004_0146.uasset" 3616
"../../../Engine/Content/EngineMaterials/Substrate/Glints2/dict_0001_0210.uasset" 3617
"../../../Engine/Content/EngineMaterials/Substrate/Glints2/dict_0001_0005.uasset" 3618
"../../../Engine/Content/EngineMaterials/Substrate/Glints2/dict_0001_0181.uasset" 3619
"../../../Engine/Content/EngineMaterials/Substrate/Glints2/dict_0003_0208.uasset" 3620
"../../../Engine/Content/EngineMaterials/Substrate/Glints2/dict_0001_0063.uasset" 3621
"../../../Engine/Content/EngineMaterials/Substrate/Glints2/dict_0000_0209.uasset" 3622
"../../../Engine/Content/EngineMaterials/Substrate/Glints2/dict_0001_0121.uasset" 3623
"../../../Engine/Content/EngineMaterials/Substrate/Glints2/dict_0000_0045.uasset" 3624
"../../../Engine/Content/EngineMaterials/Substrate/Glints2/dict_0002_0253.uasset" 3625
"../../../Engine/Content/EngineMaterials/Substrate/Glints2/dict_0007_0118.uasset" 3626
"../../../Engine/Content/EngineMaterials/Substrate/Glints2/dict_0005_0255.uasset" 3627
"../../../Engine/Content/EngineMaterials/Substrate/Glints2/dict_0002_0244.uasset" 3628
"../../../Engine/Content/EngineMaterials/Substrate/Glints2/dict_0002_0194.uasset" 3629
"../../../Engine/Content/EngineMaterials/Substrate/Glints2/dict_0003_0127.uasset" 3630
"../../../Engine/Content/EngineMaterials/Substrate/Glints2/dict_0001_0017.uasset" 3631
"../../../Engine/Content/EngineMaterials/Substrate/Glints2/dict_0001_0117.uasset" 3632
"../../../Engine/Content/EngineMaterials/Substrate/Glints2/dict_0001_0011.uasset" 3633
"../../../Engine/Content/EngineMaterials/Substrate/Glints2/dict_0006_0171.uasset" 3634
"../../../Engine/Content/EngineMaterials/Substrate/Glints2/dict_0003_0175.uasset" 3635
"../../../Engine/Content/EngineMaterials/Substrate/Glints2/dict_0000_0056.uasset" 3636
"../../../Engine/Content/EngineMaterials/Substrate/Glints2/dict_0007_0035.uasset" 3637
"../../../Engine/Content/EngineMaterials/Substrate/Glints2/dict_0001_0070.uasset" 3638
"../../../Engine/Content/EngineMaterials/Substrate/Glints2/dict_0006_0159.uasset" 3639
"../../../Engine/Content/EngineMaterials/Substrate/Glints2/dict_0004_0049.uasset" 3640
"../../../Engine/Content/EngineMaterials/Substrate/Glints2/dict_0005_0191.uasset" 3641
"../../../Engine/Content/EngineMaterials/Substrate/Glints2/dict_0004_0170.uasset" 3642
"../../../Engine/Content/EngineMaterials/Substrate/Glints2/dict_0004_0041.uasset" 3643
"../../../Engine/Content/EngineMaterials/Substrate/Glints2/dict_0004_0023.uasset" 3644
"../../../Engine/Content/EngineMaterials/Substrate/Glints2/dict_0003_0129.uasset" 3645
"../../../Engine/Content/EngineMaterials/Substrate/Glints2/dict_0001_0204.uasset" 3646
"../../../Engine/Content/EngineMaterials/Substrate/Glints2/dict_0007_0030.uasset" 3647
"../../../Engine/Content/EngineMaterials/Substrate/Glints2/dict_0005_0100.uasset" 3648
"../../../Engine/Content/EngineMaterials/Substrate/Glints2/dict_0004_0244.uasset" 3649
"../../../Engine/Content/EngineMaterials/Substrate/Glints2/dict_0004_0042.uasset" 3650
"../../../Engine/Content/EngineMaterials/Substrate/Glints2/dict_0004_0180.uasset" 3651
"../../../Engine/Content/EngineMaterials/Substrate/Glints2/dict_0001_0152.uasset" 3652
"../../../Engine/Content/EngineMaterials/Substrate/Glints2/dict_0001_0214.uasset" 3653
"../../../Engine/Content/EngineMaterials/Substrate/Glints2/dict_0007_0142.uasset" 3654
"../../../Engine/Content/EngineMaterials/Substrate/Glints2/dict_0005_0126.uasset" 3655
"../../../Engine/Content/EngineMaterials/Substrate/Glints2/dict_0001_0182.uasset" 3656
"../../../Engine/Content/EngineMaterials/Substrate/Glints2/dict_0001_0048.uasset" 3657
"../../../Engine/Content/EngineMaterials/Substrate/Glints2/dict_0007_0126.uasset" 3658
"../../../Engine/Content/EngineMaterials/Substrate/Glints2/dict_0002_0041.uasset" 3659
"../../../Engine/Content/EngineMaterials/Substrate/Glints2/dict_0000_0113.uasset" 3660
"../../../Engine/Content/EngineMaterials/Substrate/Glints2/dict_0006_0005.uasset" 3661
"../../../Engine/Content/EngineMaterials/Substrate/Glints2/dict_0004_0076.uasset" 3662
"../../../Engine/Content/EngineMaterials/Substrate/Glints2/dict_0004_0251.uasset" 3663
"../../../Engine/Content/EngineMaterials/Substrate/Glints2/dict_0003_0028.uasset" 3664
"../../../Engine/Content/EngineMaterials/Substrate/Glints2/dict_0001_0168.uasset" 3665
"../../../Engine/Content/EngineMaterials/Substrate/Glints2/dict_0006_0229.uasset" 3666
"../../../Engine/Content/EngineMaterials/Substrate/Glints2/dict_0000_0115.uasset" 3667
"../../../Engine/Content/EngineMaterials/Substrate/Glints2/dict_0000_0013.uasset" 3668
"../../../Engine/Content/EngineMaterials/Substrate/Glints2/dict_0002_0225.uasset" 3669
"../../../Engine/Content/EngineMaterials/Substrate/Glints2/dict_0006_0078.uasset" 3670
"../../../Engine/Content/EngineMaterials/Substrate/Glints2/dict_0003_0196.uasset" 3671
"../../../Engine/Content/EngineMaterials/Substrate/Glints2/dict_0007_0166.uasset" 3672
"../../../Engine/Content/EngineMaterials/Substrate/Glints2/dict_0004_0144.uasset" 3673
"../../../Engine/Content/EngineMaterials/Substrate/Glints2/dict_0001_0004.uasset" 3674
"../../../Engine/Content/EngineMaterials/Substrate/Glints2/dict_0000_0049.uasset" 3675
"../../../Engine/Content/EngineMaterials/Substrate/Glints2/dict_0006_0205.uasset" 3676
"../../../Engine/Content/EngineMaterials/Substrate/Glints2/dict_0002_0173.uasset" 3677
"../../../Engine/Content/EngineMaterials/Substrate/Glints2/dict_0007_0134.uasset" 3678
"../../../Engine/Content/EngineMaterials/Substrate/Glints2/dict_0006_0070.uasset" 3679
"../../../Engine/Content/EngineMaterials/Substrate/Glints2/dict_0002_0156.uasset" 3680
"../../../Engine/Content/EngineMaterials/Substrate/Glints2/dict_0000_0169.uasset" 3681
"../../../Engine/Content/EngineMaterials/Substrate/Glints2/dict_0003_0125.uasset" 3682
"../../../Engine/Content/EngineMaterials/Substrate/Glints2/dict_0007_0165.uasset" 3683
"../../../Engine/Content/EngineMaterials/Substrate/Glints2/dict_0007_0124.uasset" 3684
"../../../Engine/Content/EngineMaterials/Substrate/Glints2/dict_0003_0107.uasset" 3685
"../../../Engine/Content/EngineMaterials/Substrate/Glints2/dict_0006_0031.uasset" 3686
"../../../Engine/Content/EngineMaterials/Substrate/Glints2/dict_0003_0002.uasset" 3687
"../../../Engine/Content/EngineMaterials/Substrate/Glints2/dict_0002_0121.uasset" 3688
"../../../Engine/Content/EngineMaterials/Substrate/Glints2/dict_0002_0022.uasset" 3689
"../../../Engine/Content/EngineMaterials/Substrate/Glints2/dict_0004_0084.uasset" 3690
"../../../Engine/Content/EngineMaterials/Substrate/Glints2/dict_0003_0122.uasset" 3691
"../../../Engine/Content/EngineMaterials/Substrate/Glints2/dict_0004_0110.uasset" 3692
"../../../Engine/Content/EngineMaterials/Substrate/Glints2/dict_0003_0142.uasset" 3693
"../../../Engine/Content/EngineMaterials/Substrate/Glints2/dict_0003_0052.uasset" 3694
"../../../Engine/Content/EngineMaterials/Substrate/Glints2/dict_0007_0070.uasset" 3695
"../../../Engine/Content/EngineMaterials/Substrate/Glints2/dict_0002_0029.uasset" 3696
"../../../Engine/Content/EngineMaterials/Substrate/Glints2/dict_0002_0197.uasset" 3697
"../../../Engine/Content/EngineMaterials/Substrate/Glints2/dict_0006_0073.uasset" 3698
"../../../Engine/Content/EngineMaterials/Substrate/Glints2/dict_0001_0226.uasset" 3699
"../../../Engine/Content/EngineMaterials/Substrate/Glints2/dict_0004_0000.uasset" 3700
"../../../Engine/Content/EngineMaterials/Substrate/Glints2/dict_0003_0108.uasset" 3701
"../../../Engine/Content/EngineMaterials/Substrate/Glints2/dict_0002_0030.uasset" 3702
"../../../Engine/Content/EngineMaterials/Substrate/Glints2/dict_0006_0120.uasset" 3703
"../../../Engine/Content/EngineMaterials/Substrate/Glints2/dict_0004_0115.uasset" 3704
"../../../Engine/Content/EngineMaterials/Substrate/Glints2/dict_0001_0136.uasset" 3705
"../../../Engine/Content/EngineMaterials/Substrate/Glints2/dict_0006_0161.uasset" 3706
"../../../Engine/Content/EngineMaterials/Substrate/Glints2/dict_0002_0057.uasset" 3707
"../../../Engine/Content/EngineMaterials/Substrate/Glints2/dict_0001_0154.uasset" 3708
"../../../Engine/Content/EngineMaterials/Substrate/Glints2/dict_0006_0091.uasset" 3709
"../../../Engine/Content/EngineMaterials/Substrate/Glints2/dict_0005_0204.uasset" 3710
"../../../Engine/Content/EngineMaterials/Substrate/Glints2/dict_0000_0075.uasset" 3711
"../../../Engine/Content/EngineMaterials/Substrate/Glints2/dict_0005_0033.uasset" 3712
"../../../Engine/Content/EngineMaterials/Substrate/Glints2/dict_0001_0166.uasset" 3713
"../../../Engine/Content/EngineMaterials/Substrate/Glints2/dict_0006_0011.uasset" 3714
"../../../Engine/Content/EngineMaterials/Substrate/Glints2/dict_0002_0218.uasset" 3715
"../../../Engine/Content/EngineMaterials/Substrate/Glints2/dict_0001_0212.uasset" 3716
"../../../Engine/Content/EngineMaterials/Substrate/Glints2/dict_0004_0124.uasset" 3717
"../../../Engine/Content/EngineMaterials/Substrate/Glints2/dict_0007_0216.uasset" 3718
"../../../Engine/Content/EngineMaterials/Substrate/Glints2/dict_0007_0005.uasset" 3719
"../../../Engine/Content/EngineMaterials/Substrate/Glints2/dict_0003_0030.uasset" 3720
"../../../Engine/Content/EngineMaterials/Substrate/Glints2/dict_0001_0053.uasset" 3721
"../../../Engine/Content/EngineMaterials/Substrate/Glints2/dict_0006_0076.uasset" 3722
"../../../Engine/Content/EngineMaterials/Substrate/Glints2/dict_0004_0206.uasset" 3723
"../../../Engine/Content/EngineMaterials/Substrate/Glints2/dict_0005_0007.uasset" 3724
"../../../Engine/Content/EngineMaterials/Substrate/Glints2/dict_0004_0031.uasset" 3725
"../../../Engine/Content/EngineMaterials/Substrate/Glints2/dict_0002_0070.uasset" 3726
"../../../Engine/Content/EngineMaterials/Substrate/Glints2/dict_0006_0123.uasset" 3727
"../../../Engine/Content/EngineMaterials/Substrate/Glints2/dict_0002_0249.uasset" 3728
"../../../Engine/Content/EngineMaterials/Substrate/Glints2/dict_0000_0210.uasset" 3729
"../../../Engine/Content/EngineMaterials/Substrate/Glints2/dict_0000_0135.uasset" 3730
"../../../Engine/Content/EngineMaterials/Substrate/Glints2/dict_0001_0076.uasset" 3731
"../../../Engine/Content/EngineMaterials/Substrate/Glints2/dict_0007_0083.uasset" 3732
"../../../Engine/Content/EngineMaterials/Substrate/Glints2/dict_0000_0207.uasset" 3733
"../../../Engine/Content/EngineMaterials/Substrate/Glints2/dict_0006_0180.uasset" 3734
"../../../Engine/Content/EngineMaterials/Substrate/Glints2/dict_0007_0010.uasset" 3735
"../../../Engine/Content/EngineMaterials/Substrate/Glints2/dict_0000_0121.uasset" 3736
"../../../Engine/Content/EngineMaterials/Substrate/Glints2/dict_0003_0053.uasset" 3737
"../../../Engine/Content/EngineMaterials/Substrate/Glints2/dict_0000_0086.uasset" 3738
"../../../Engine/Content/EngineMaterials/Substrate/Glints2/dict_0002_0081.uasset" 3739
"../../../Engine/Content/EngineMaterials/Substrate/Glints2/dict_0002_0071.uasset" 3740
"../../../Engine/Content/EngineMaterials/Substrate/Glints2/dict_0007_0045.uasset" 3741
"../../../Engine/Content/EngineMaterials/Substrate/Glints2/dict_0005_0092.uasset" 3742
"../../../Engine/Content/EngineMaterials/Substrate/Glints2/dict_0000_0117.uasset" 3743
"../../../Engine/Content/EngineMaterials/Substrate/Glints2/dict_0006_0226.uasset" 3744
"../../../Engine/Content/EngineMaterials/Substrate/Glints2/dict_0005_0086.uasset" 3745
"../../../Engine/Content/EngineMaterials/Substrate/Glints2/dict_0005_0150.uasset" 3746
"../../../Engine/Content/EngineMaterials/Substrate/Glints2/dict_0005_0015.uasset" 3747
"../../../Engine/Content/EngineMaterials/Substrate/Glints2/dict_0003_0045.uasset" 3748
"../../../Engine/Content/EngineMaterials/Substrate/Glints2/dict_0001_0108.uasset" 3749
"../../../Engine/Content/EngineMaterials/Substrate/Glints2/dict_0002_0084.uasset" 3750
"../../../Engine/Content/EngineMaterials/Substrate/Glints2/dict_0006_0054.uasset" 3751
"../../../Engine/Content/EngineMaterials/Substrate/Glints2/dict_0002_0079.uasset" 3752
"../../../Engine/Content/EngineMaterials/Substrate/Glints2/dict_0001_0179.uasset" 3753
"../../../Engine/Content/EngineMaterials/Substrate/Glints2/dict_0007_0232.uasset" 3754
"../../../Engine/Content/EngineMaterials/Substrate/Glints2/dict_0001_0228.uasset" 3755
"../../../Engine/Content/EngineMaterials/Substrate/Glints2/dict_0000_0023.uasset" 3756
"../../../Engine/Content/EngineMaterials/Substrate/Glints2/dict_0001_0253.uasset" 3757
"../../../Engine/Content/EngineMaterials/Substrate/Glints2/dict_0002_0165.uasset" 3758
"../../../Engine/Content/EngineMaterials/Substrate/Glints2/dict_0001_0077.uasset" 3759
"../../../Engine/Content/EngineMaterials/Substrate/Glints2/dict_0001_0060.uasset" 3760
"../../../Engine/Content/EngineMaterials/Substrate/Glints2/dict_0001_0096.uasset" 3761
"../../../Engine/Content/EngineMaterials/Substrate/Glints2/dict_0007_0103.uasset" 3762
"../../../Engine/Content/EngineMaterials/Substrate/Glints2/dict_0006_0045.uasset" 3763
"../../../Engine/Content/EngineMaterials/Substrate/Glints2/dict_0003_0157.uasset" 3764
"../../../Engine/Content/EngineMaterials/Substrate/Glints2/dict_0004_0056.uasset" 3765
"../../../Engine/Content/EngineMaterials/Substrate/Glints2/dict_0000_0140.uasset" 3766
"../../../Engine/Content/EngineMaterials/Substrate/Glints2/dict_0003_0007.uasset" 3767
"../../../Engine/Content/EngineMaterials/Substrate/Glints2/dict_0001_0155.uasset" 3768
"../../../Engine/Content/EngineMaterials/Substrate/Glints2/dict_0003_0120.uasset" 3769
"../../../Engine/Content/EngineMaterials/Substrate/Glints2/dict_0007_0176.uasset" 3770
"../../../Engine/Content/EngineMaterials/Substrate/Glints2/dict_0000_0219.uasset" 3771
"../../../Engine/Content/EngineMaterials/Substrate/Glints2/dict_0006_0096.uasset" 3772
"../../../Engine/Content/EngineMaterials/Substrate/Glints2/dict_0000_0017.uasset" 3773
"../../../Engine/Content/EngineMaterials/Substrate/Glints2/dict_0006_0052.uasset" 3774
"../../../Engine/Content/EngineMaterials/Substrate/Glints2/dict_0006_0085.uasset" 3775
"../../../Engine/Content/EngineMaterials/Substrate/Glints2/dict_0000_0156.uasset" 3776
"../../../Engine/Content/EngineMaterials/Substrate/Glints2/dict_0002_0205.uasset" 3777
"../../../Engine/Content/EngineMaterials/Substrate/Glints2/dict_0002_0161.uasset" 3778
"../../../Engine/Content/EngineMaterials/Substrate/Glints2/dict_0007_0233.uasset" 3779
"../../../Engine/Content/EngineMaterials/Substrate/Glints2/dict_0004_0053.uasset" 3780
"../../../Engine/Content/EngineMaterials/Substrate/Glints2/dict_0005_0237.uasset" 3781
"../../../Engine/Content/EngineMaterials/Substrate/Glints2/dict_0003_0094.uasset" 3782
"../../../Engine/Content/EngineMaterials/Substrate/Glints2/dict_0000_0072.uasset" 3783
"../../../Engine/Content/EngineMaterials/Substrate/Glints2/dict_0007_0031.uasset" 3784
"../../../Engine/Content/EngineMaterials/Substrate/Glints2/dict_0006_0017.uasset" 3785
"../../../Engine/Content/EngineMaterials/Substrate/Glints2/dict_0007_0186.uasset" 3786
"../../../Engine/Content/EngineMaterials/Substrate/Glints2/dict_0004_0166.uasset" 3787
"../../../Engine/Content/EngineMaterials/Substrate/Glints2/dict_0004_0012.uasset" 3788
"../../../Engine/Content/EngineMaterials/Substrate/Glints2/dict_0001_0093.uasset" 3789
"../../../Engine/Content/EngineMaterials/Substrate/Glints2/dict_0006_0115.uasset" 3790
"../../../Engine/Content/EngineMaterials/Substrate/Glints2/dict_0005_0047.uasset" 3791
"../../../Engine/Content/EngineMaterials/Substrate/Glints2/dict_0002_0035.uasset" 3792
"../../../Engine/Content/EngineMaterials/Substrate/Glints2/dict_0007_0244.uasset" 3793
"../../../Engine/Content/EngineMaterials/Substrate/Glints2/dict_0004_0154.uasset" 3794
"../../../Engine/Content/EngineMaterials/Substrate/Glints2/dict_0002_0044.uasset" 3795
"../../../Engine/Content/EngineMaterials/Substrate/Glints2/dict_0001_0087.uasset" 3796
"../../../Engine/Content/EngineMaterials/Substrate/Glints2/dict_0000_0038.uasset" 3797
"../../../Engine/Content/EngineMaterials/Substrate/Glints2/dict_0005_0010.uasset" 3798
"../../../Engine/Content/EngineMaterials/Substrate/Glints2/dict_0003_0015.uasset" 3799
"../../../Engine/Content/EngineMaterials/Substrate/Glints2/dict_0005_0202.uasset" 3800
"../../../Engine/Content/EngineMaterials/Substrate/Glints2/dict_0004_0088.uasset" 3801
"../../../Engine/Content/EngineMaterials/Substrate/Glints2/dict_0002_0186.uasset" 3802
"../../../Engine/Content/EngineMaterials/Substrate/Glints2/dict_0002_0177.uasset" 3803
"../../../Engine/Content/EngineMaterials/Substrate/Glints2/dict_0002_0072.uasset" 3804
"../../../Engine/Content/EngineMaterials/Substrate/Glints2/dict_0006_0104.uasset" 3805
"../../../Engine/Content/EngineMaterials/Substrate/Glints2/dict_0000_0095.uasset" 3806
"../../../Engine/Content/EngineMaterials/Substrate/Glints2/dict_0003_0011.uasset" 3807
"../../../Engine/Content/EngineMaterials/Substrate/Glints2/dict_0007_0060.uasset" 3808
"../../../Engine/Content/EngineMaterials/Substrate/Glints2/dict_0006_0035.uasset" 3809
"../../../Engine/Content/EngineMaterials/Substrate/Glints2/dict_0005_0046.uasset" 3810
"../../../Engine/Content/EngineMaterials/Substrate/Glints2/dict_0005_0001.uasset" 3811
"../../../Engine/Content/EngineMaterials/Substrate/Glints2/dict_0006_0032.uasset" 3812
"../../../Engine/Content/EngineMaterials/Substrate/Glints2/dict_0004_0047.uasset" 3813
"../../../Engine/Content/EngineMaterials/Substrate/Glints2/dict_0000_0047.uasset" 3814
"../../../Engine/Content/EngineMaterials/Substrate/Glints2/dict_0006_0144.uasset" 3815
"../../../Engine/Content/EngineMaterials/Substrate/Glints2/dict_0003_0101.uasset" 3816
"../../../Engine/Content/EngineMaterials/Substrate/Glints2/dict_0007_0174.uasset" 3817
"../../../Engine/Content/EngineMaterials/Substrate/Glints2/dict_0003_0100.uasset" 3818
"../../../Engine/Content/EngineMaterials/Substrate/Glints2/dict_0000_0181.uasset" 3819
"../../../Engine/Content/EngineMaterials/Substrate/Glints2/dict_0000_0180.uasset" 3820
"../../../Engine/Content/EngineMaterials/Substrate/Glints2/dict_0000_0069.uasset" 3821
"../../../Engine/Content/EngineMaterials/Substrate/Glints2/dict_0006_0186.uasset" 3822
"../../../Engine/Content/EngineMaterials/Substrate/Glints2/dict_0001_0019.uasset" 3823
"../../../Engine/Content/EngineMaterials/Substrate/Glints2/dict_0000_0063.uasset" 3824
"../../../Engine/Content/EngineMaterials/Substrate/Glints2/dict_0000_0037.uasset" 3825
"../../../Engine/Content/EngineMaterials/Substrate/Glints2/dict_0007_0221.uasset" 3826
"../../../Engine/Content/EngineMaterials/Substrate/Glints2/dict_0001_0029.uasset" 3827
"../../../Engine/Content/EngineMaterials/Substrate/Glints2/dict_0000_0184.uasset" 3828
"../../../Engine/Content/EngineMaterials/Substrate/Glints2/dict_0007_0074.uasset" 3829
"../../../Engine/Content/EngineMaterials/Substrate/Glints2/dict_0007_0125.uasset" 3830
"../../../Engine/Content/EngineMaterials/Substrate/Glints2/dict_0007_0190.uasset" 3831
"../../../Engine/Content/EngineMaterials/Substrate/Glints2/dict_0003_0042.uasset" 3832
"../../../Engine/Content/EngineMaterials/Substrate/Glints2/dict_0007_0138.uasset" 3833
"../../../Engine/Content/EngineMaterials/Substrate/Glints2/dict_0002_0166.uasset" 3834
"../../../Engine/Content/EngineMaterials/Substrate/Glints2/dict_0001_0114.uasset" 3835
"../../../Engine/Content/EngineMaterials/Substrate/Glints2/dict_0006_0236.uasset" 3836
"../../../Engine/Content/EngineMaterials/Substrate/Glints2/dict_0005_0155.uasset" 3837
"../../../Engine/Content/EngineMaterials/Substrate/Glints2/dict_0005_0037.uasset" 3838
"../../../Engine/Content/EngineMaterials/Substrate/Glints2/dict_0005_0008.uasset" 3839
"../../../Engine/Content/EngineMaterials/Substrate/Glints2/dict_0003_0025.uasset" 3840
"../../../Engine/Content/EngineMaterials/Substrate/Glints2/dict_0002_0254.uasset" 3841
"../../../Engine/Content/EngineMaterials/Substrate/Glints2/dict_0000_0236.uasset" 3842
"../../../Engine/Content/EngineMaterials/Substrate/Glints2/dict_0003_0068.uasset" 3843
"../../../Engine/Content/EngineMaterials/Substrate/Glints2/dict_0006_0030.uasset" 3844
"../../../Engine/Content/EngineMaterials/Substrate/Glints2/dict_0004_0254.uasset" 3845
"../../../Engine/Content/EngineMaterials/Substrate/Glints2/dict_0002_0230.uasset" 3846
"../../../Engine/Content/EngineMaterials/Substrate/Glints2/dict_0000_0087.uasset" 3847
"../../../Engine/Content/EngineMaterials/Substrate/Glints2/dict_0002_0060.uasset" 3848
"../../../Engine/Content/EngineMaterials/Substrate/Glints2/dict_0007_0183.uasset" 3849
"../../../Engine/Content/EngineMaterials/Substrate/Glints2/dict_0006_0199.uasset" 3850
"../../../Engine/Content/EngineMaterials/Substrate/Glints2/dict_0003_0225.uasset" 3851
"../../../Engine/Content/EngineMaterials/Substrate/Glints2/dict_0006_0036.uasset" 3852
"../../../Engine/Content/EngineMaterials/Substrate/Glints2/dict_0007_0149.uasset" 3853
"../../../Engine/Content/EngineMaterials/Substrate/Glints2/dict_0007_0098.uasset" 3854
"../../../Engine/Content/EngineMaterials/Substrate/Glints2/dict_0005_0053.uasset" 3855
"../../../Engine/Content/EngineMaterials/Substrate/Glints2/dict_0004_0249.uasset" 3856
"../../../Engine/Content/EngineMaterials/Substrate/Glints2/dict_0004_0006.uasset" 3857
"../../../Engine/Content/EngineMaterials/Substrate/Glints2/dict_0002_0251.uasset" 3858
"../../../Engine/Content/EngineMaterials/Substrate/Glints2/dict_0000_0090.uasset" 3859
"../../../Engine/Content/EngineMaterials/Substrate/Glints2/dict_0005_0121.uasset" 3860
"../../../Engine/Content/EngineMaterials/Substrate/Glints2/dict_0005_0088.uasset" 3861
"../../../Engine/Content/EngineMaterials/Substrate/Glints2/dict_0004_0116.uasset" 3862
"../../../Engine/Content/EngineMaterials/Substrate/Glints2/dict_0004_0044.uasset" 3863
"../../../Engine/Content/EngineMaterials/Substrate/Glints2/dict_0002_0152.uasset" 3864
"../../../Engine/Content/EngineMaterials/Substrate/Glints2/dict_0004_0156.uasset" 3865
"../../../Engine/Content/EngineMaterials/Substrate/Glints2/dict_0004_0152.uasset" 3866
"../../../Engine/Content/EngineMaterials/Substrate/Glints2/dict_0002_0153.uasset" 3867
"../../../Engine/Content/EngineMaterials/Substrate/Glints2/dict_0002_0003.uasset" 3868
"../../../Engine/Content/EngineMaterials/Substrate/Glints2/dict_0004_0130.uasset" 3869
"../../../Engine/Content/EngineMaterials/Substrate/Glints2/dict_0003_0027.uasset" 3870
"../../../Engine/Content/EngineMaterials/Substrate/Glints2/dict_0002_0025.uasset" 3871
"../../../Engine/Content/EngineMaterials/Substrate/Glints2/dict_0006_0218.uasset" 3872
"../../../Engine/Content/EngineMaterials/Substrate/Glints2/dict_0005_0163.uasset" 3873
"../../../Engine/Content/EngineMaterials/Substrate/Glints2/dict_0003_0251.uasset" 3874
"../../../Engine/Content/EngineMaterials/Substrate/Glints2/dict_0001_0064.uasset" 3875
"../../../Engine/Content/EngineMaterials/Substrate/Glints2/dict_0005_0136.uasset" 3876
"../../../Engine/Content/EngineMaterials/Substrate/Glints2/dict_0000_0102.uasset" 3877
"../../../Engine/Content/EngineMaterials/Substrate/Glints2/dict_0007_0141.uasset" 3878
"../../../Engine/Content/EngineMaterials/Substrate/Glints2/dict_0005_0217.uasset" 3879
"../../../Engine/Content/EngineMaterials/Substrate/Glints2/dict_0005_0071.uasset" 3880
"../../../Engine/Content/EngineMaterials/Substrate/Glints2/dict_0003_0043.uasset" 3881
"../../../Engine/Content/EngineMaterials/Substrate/Glints2/dict_0007_0025.uasset" 3882
"../../../Engine/Content/EngineMaterials/Substrate/Glints2/dict_0000_0212.uasset" 3883
"../../../Engine/Content/EngineMaterials/Substrate/Glints2/dict_0004_0140.uasset" 3884
"../../../Engine/Content/EngineMaterials/Substrate/Glints2/dict_0002_0168.uasset" 3885
"../../../Engine/Content/EngineMaterials/Substrate/Glints2/dict_0001_0084.uasset" 3886
"../../../Engine/Content/EngineMaterials/Substrate/Glints2/dict_0001_0031.uasset" 3887
"../../../Engine/Content/EngineMaterials/Substrate/Glints2/dict_0000_0122.uasset" 3888
"../../../Engine/Content/EngineMaterials/Substrate/Glints2/dict_0007_0152.uasset" 3889
"../../../Engine/Content/EngineMaterials/Substrate/Glints2/dict_0007_0072.uasset" 3890
"../../../Engine/Content/EngineMaterials/Substrate/Glints2/dict_0006_0191.uasset" 3891
"../../../Engine/Content/EngineMaterials/Substrate/Glints2/dict_0003_0036.uasset" 3892
"../../../Engine/Content/EngineMaterials/Substrate/Glints2/dict_0002_0246.uasset" 3893
"../../../Engine/Content/EngineMaterials/Substrate/Glints2/dict_0003_0130.uasset" 3894
"../../../Engine/Content/EngineMaterials/Substrate/Glints2/dict_0001_0030.uasset" 3895
"../../../Engine/Content/EngineMaterials/Substrate/Glints2/dict_0005_0240.uasset" 3896
"../../../Engine/Content/EngineMaterials/Substrate/Glints2/dict_0005_0223.uasset" 3897
"../../../Engine/Content/EngineMaterials/Substrate/Glints2/dict_0007_0114.uasset" 3898
"../../../Engine/Content/EngineMaterials/Substrate/Glints2/dict_0007_0105.uasset" 3899
"../../../Engine/Content/EngineMaterials/Substrate/Glints2/dict_0007_0104.uasset" 3900
"../../../Engine/Content/EngineMaterials/Substrate/Glints2/dict_0002_0242.uasset" 3901
"../../../Engine/Content/EngineMaterials/Substrate/Glints2/dict_0007_0205.uasset" 3902
"../../../Engine/Content/EngineMaterials/Substrate/Glints2/dict_0006_0239.uasset" 3903
"../../../Engine/Content/EngineMaterials/Substrate/Glints2/dict_0002_0223.uasset" 3904
"../../../Engine/Content/EngineMaterials/Substrate/Glints2/dict_0004_0078.uasset" 3905
"../../../Engine/Content/EngineMaterials/Substrate/Glints2/dict_0000_0253.uasset" 3906
"../../../Engine/Content/EngineMaterials/Substrate/Glints2/dict_0003_0046.uasset" 3907
"../../../Engine/Content/EngineMaterials/Substrate/Glints2/dict_0002_0123.uasset" 3908
"../../../Engine/Content/EngineMaterials/Substrate/Glints2/dict_0006_0029.uasset" 3909
"../../../Engine/Content/EngineMaterials/Substrate/Glints2/dict_0005_0049.uasset" 3910
"../../../Engine/Content/EngineMaterials/Substrate/Glints2/dict_0002_0189.uasset" 3911
"../../../Engine/Content/EngineMaterials/Substrate/Glints2/dict_0007_0042.uasset" 3912
"../../../Engine/Content/EngineMaterials/Substrate/Glints2/dict_0005_0244.uasset" 3913
"../../../Engine/Content/EngineMaterials/Substrate/Glints2/dict_0005_0189.uasset" 3914
"../../../Engine/Content/EngineMaterials/Substrate/Glints2/dict_0006_0112.uasset" 3915
"../../../Engine/Content/EngineMaterials/Substrate/Glints2/dict_0000_0100.uasset" 3916
"../../../Engine/Content/EngineMaterials/Substrate/Glints2/dict_0007_0076.uasset" 3917
"../../../Engine/Content/EngineMaterials/Substrate/Glints2/dict_0005_0170.uasset" 3918
"../../../Engine/Content/EngineMaterials/Substrate/Glints2/dict_0005_0042.uasset" 3919
"../../../Engine/Content/EngineMaterials/Substrate/Glints2/dict_0002_0036.uasset" 3920
"../../../Engine/Content/EngineMaterials/Substrate/Glints2/dict_0000_0062.uasset" 3921
"../../../Engine/Content/EngineMaterials/Substrate/Glints2/dict_0002_0020.uasset" 3922
"../../../Engine/Content/EngineMaterials/Substrate/Glints2/dict_0006_0163.uasset" 3923
"../../../Engine/Content/EngineMaterials/Substrate/Glints2/dict_0005_0195.uasset" 3924
"../../../Engine/Content/EngineMaterials/Substrate/Glints2/dict_0005_0068.uasset" 3925
"../../../Engine/Content/EngineMaterials/Substrate/Glints2/dict_0007_0246.uasset" 3926
"../../../Engine/Content/EngineMaterials/Substrate/Glints2/dict_0004_0191.uasset" 3927
"../../../Engine/Content/EngineMaterials/Substrate/Glints2/dict_0004_0034.uasset" 3928
"../../../Engine/Content/EngineMaterials/Substrate/Glints2/dict_0003_0158.uasset" 3929
"../../../Engine/Content/EngineMaterials/Substrate/Glints2/dict_0001_0159.uasset" 3930
"../../../Engine/Content/EngineMaterials/Substrate/Glints2/dict_0004_0046.uasset" 3931
"../../../Engine/Content/EngineMaterials/Substrate/Glints2/dict_0003_0136.uasset" 3932
"../../../Engine/Content/EngineMaterials/Substrate/Glints2/dict_0003_0044.uasset" 3933
"../../../Engine/Content/EngineMaterials/Substrate/Glints2/dict_0000_0228.uasset" 3934
"../../../Engine/Content/EngineMaterials/Substrate/Glints2/dict_0007_0245.uasset" 3935
"../../../Engine/Content/EngineMaterials/Substrate/Glints2/dict_0005_0177.uasset" 3936
"../../../Engine/Content/EngineMaterials/Substrate/Glints2/dict_0004_0213.uasset" 3937
"../../../Engine/Content/EngineMaterials/Substrate/Glints2/dict_0004_0057.uasset" 3938
"../../../Engine/Content/EngineMaterials/Substrate/Glints2/dict_0002_0087.uasset" 3939
"../../../Engine/Content/EngineMaterials/Substrate/Glints2/dict_0006_0240.uasset" 3940
"../../../Engine/Content/EngineMaterials/Substrate/Glints2/dict_0002_0054.uasset" 3941
"../../../Engine/Content/EngineMaterials/Substrate/Glints2/dict_0000_0034.uasset" 3942
"../../../Engine/Content/EngineMaterials/Substrate/Glints2/dict_0007_0182.uasset" 3943
"../../../Engine/Content/EngineMaterials/Substrate/Glints2/dict_0003_0117.uasset" 3944
"../../../Engine/Content/EngineMaterials/Substrate/Glints2/dict_0006_0245.uasset" 3945
"../../../Engine/Content/EngineMaterials/Substrate/Glints2/dict_0003_0253.uasset" 3946
"../../../Engine/Content/EngineMaterials/Substrate/Glints2/dict_0002_0247.uasset" 3947
"../../../Engine/Content/EngineMaterials/Substrate/Glints2/dict_0001_0040.uasset" 3948
"../../../Engine/Content/EngineMaterials/Substrate/Glints2/dict_0005_0018.uasset" 3949
"../../../Engine/Content/EngineMaterials/Substrate/Glints2/dict_0001_0018.uasset" 3950
"../../../Engine/Content/EngineMaterials/Substrate/Glints2/dict_0005_0152.uasset" 3951
"../../../Engine/Content/EngineMaterials/Substrate/Glints2/dict_0004_0073.uasset" 3952
"../../../Engine/Content/EngineMaterials/Substrate/Glints2/dict_0004_0043.uasset" 3953
"../../../Engine/Content/EngineMaterials/Substrate/Glints2/dict_0000_0217.uasset" 3954
"../../../Engine/Content/EngineMaterials/Substrate/Glints2/dict_0006_0155.uasset" 3955
"../../../Engine/Content/EngineMaterials/Substrate/Glints2/dict_0002_0047.uasset" 3956
"../../../Engine/Content/EngineMaterials/Substrate/Glints2/dict_0005_0146.uasset" 3957
"../../../Engine/Content/EngineMaterials/Substrate/Glints2/dict_0007_0181.uasset" 3958
"../../../Engine/Content/EngineMaterials/Substrate/Glints2/dict_0005_0239.uasset" 3959
"../../../Engine/Content/EngineMaterials/Substrate/Glints2/dict_0002_0229.uasset" 3960
"../../../Engine/Content/EngineMaterials/Substrate/Glints2/dict_0001_0021.uasset" 3961
"../../../Engine/Content/EngineMaterials/Substrate/Glints2/dict_0000_0190.uasset" 3962
"../../../Engine/Content/EngineMaterials/Substrate/Glints2/dict_0006_0065.uasset" 3963
"../../../Engine/Content/EngineMaterials/Substrate/Glints2/dict_0004_0145.uasset" 3964
"../../../Engine/Content/EngineMaterials/Substrate/Glints2/dict_0002_0215.uasset" 3965
"../../../Engine/Content/EngineMaterials/Substrate/Glints2/dict_0001_0116.uasset" 3966
"../../../Engine/Content/EngineMaterials/Substrate/Glints2/dict_0005_0065.uasset" 3967
"../../../Engine/Content/EngineMaterials/Substrate/Glints2/dict_0001_0082.uasset" 3968
"../../../Engine/Content/EngineMaterials/Substrate/Glints2/dict_0000_0133.uasset" 3969
"../../../Engine/Content/EngineMaterials/Substrate/Glints2/dict_0003_0134.uasset" 3970
"../../../Engine/Content/EngineMaterials/Substrate/Glints2/dict_0007_0220.uasset" 3971
"../../../Engine/Content/EngineMaterials/Substrate/Glints2/dict_0007_0084.uasset" 3972
"../../../Engine/Content/EngineMaterials/Substrate/Glints2/dict_0004_0212.uasset" 3973
"../../../Engine/Content/EngineMaterials/Substrate/Glints2/dict_0003_0071.uasset" 3974
"../../../Engine/Content/EngineMaterials/Substrate/Glints2/dict_0003_0215.uasset" 3975
"../../../Engine/Content/EngineMaterials/Substrate/Glints2/dict_0005_0206.uasset" 3976
"../../../Engine/Content/EngineMaterials/Substrate/Glints2/dict_0005_0128.uasset" 3977
"../../../Engine/Content/EngineMaterials/Substrate/Glints2/dict_0002_0127.uasset" 3978
"../../../Engine/Content/EngineMaterials/Substrate/Glints2/dict_0004_0117.uasset" 3979
"../../../Engine/Content/EngineMaterials/Substrate/Glints2/dict_0002_0073.uasset" 3980
"../../../Engine/Content/EngineMaterials/Substrate/Glints2/dict_0007_0021.uasset" 3981
"../../../Engine/Content/EngineMaterials/Substrate/Glints2/dict_0003_0102.uasset" 3982
"../../../Engine/Content/EngineMaterials/Substrate/Glints2/dict_0001_0058.uasset" 3983
"../../../Engine/Content/EngineMaterials/Substrate/Glints2/dict_0006_0241.uasset" 3984
"../../../Engine/Content/EngineMaterials/Substrate/Glints2/dict_0006_0106.uasset" 3985
"../../../Engine/Content/EngineMaterials/Substrate/Glints2/dict_0004_0063.uasset" 3986
"../../../Engine/Content/EngineMaterials/Substrate/Glints2/dict_0004_0105.uasset" 3987
"../../../Engine/Content/EngineMaterials/Substrate/Glints2/dict_0006_0248.uasset" 3988
"../../../Engine/Content/EngineMaterials/Substrate/Glints2/dict_0007_0003.uasset" 3989
"../../../Engine/Content/EngineMaterials/Substrate/Glints2/dict_0005_0009.uasset" 3990
"../../../Engine/Content/EngineMaterials/Substrate/Glints2/dict_0001_0025.uasset" 3991
"../../../Engine/Content/EngineMaterials/Substrate/Glints2/dict_0005_0198.uasset" 3992
"../../../Engine/Content/EngineMaterials/Substrate/Glints2/dict_0007_0241.uasset" 3993
"../../../Engine/Content/EngineMaterials/Substrate/Glints2/dict_0001_0237.uasset" 3994
"../../../Engine/Content/EngineMaterials/Substrate/Glints2/dict_0007_0047.uasset" 3995
"../../../Engine/Content/EngineMaterials/Substrate/Glints2/dict_0002_0034.uasset" 3996
"../../../Engine/Content/EngineMaterials/Substrate/Glints2/dict_0001_0245.uasset" 3997
"../../../Engine/Content/EngineMaterials/Substrate/Glints2/dict_0007_0196.uasset" 3998
"../../../Engine/Content/EngineMaterials/Substrate/Glints2/dict_0007_0229.uasset" 3999
"../../../Engine/Content/EngineMaterials/Substrate/Glints2/dict_0007_0071.uasset" 4000
"../../../Engine/Content/EngineMaterials/Substrate/Glints2/dict_0006_0149.uasset" 4001
"../../../Engine/Content/EngineMaterials/Substrate/Glints2/dict_0006_0207.uasset" 4002
"../../../Engine/Content/EngineMaterials/Substrate/Glints2/dict_0002_0095.uasset" 4003
"../../../Engine/Content/EngineMaterials/Substrate/Glints2/dict_0000_0036.uasset" 4004
"../../../Engine/Content/EngineMaterials/Substrate/Glints2/dict_0000_0020.uasset" 4005
"../../../Engine/Content/EngineMaterials/Substrate/Glints2/dict_0003_0178.uasset" 4006
"../../../Engine/Content/EngineMaterials/Substrate/Glints2/dict_0003_0077.uasset" 4007
"../../../Engine/Content/EngineMaterials/Substrate/Glints2/dict_0002_0232.uasset" 4008
"../../../Engine/Content/EngineMaterials/Substrate/Glints2/dict_0002_0183.uasset" 4009
"../../../Engine/Content/EngineMaterials/Substrate/Glints2/dict_0000_0082.uasset" 4010
"../../../Engine/Content/EngineMaterials/Substrate/Glints2/dict_0007_0001.uasset" 4011
"../../../Engine/Content/EngineMaterials/Substrate/Glints2/dict_0006_0095.uasset" 4012
"../../../Engine/Content/EngineMaterials/Substrate/Glints2/dict_0003_0137.uasset" 4013
"../../../Engine/Content/EngineMaterials/Substrate/Glints2/dict_0000_0129.uasset" 4014
"../../../Engine/Content/EngineMaterials/Substrate/Glints2/dict_0007_0215.uasset" 4015
"../../../Engine/Content/EngineMaterials/Substrate/Glints2/dict_0002_0137.uasset" 4016
"../../../Engine/Content/EngineMaterials/Substrate/Glints2/dict_0007_0094.uasset" 4017
"../../../Engine/Content/EngineMaterials/Substrate/Glints2/dict_0005_0123.uasset" 4018
"../../../Engine/Content/EngineMaterials/Substrate/Glints2/dict_0004_0040.uasset" 4019
"../../../Engine/Content/EngineMaterials/Substrate/Glints2/dict_0003_0073.uasset" 4020
"../../../Engine/Content/EngineMaterials/Substrate/Glints2/dict_0002_0236.uasset" 4021
"../../../Engine/Content/EngineMaterials/Substrate/Glints2/dict_0006_0173.uasset" 4022
"../../../Engine/Content/EngineMaterials/Substrate/Glints2/dict_0002_0096.uasset" 4023
"../../../Engine/Content/EngineMaterials/Substrate/Glints2/dict_0003_0210.uasset" 4024
"../../../Engine/Content/EngineMaterials/Substrate/Glints2/dict_0007_0048.uasset" 4025
"../../../Engine/Content/EngineMaterials/Substrate/Glints2/dict_0006_0057.uasset" 4026
"../../../Engine/Content/EngineMaterials/Substrate/Glints2/dict_0001_0173.uasset" 4027
"../../../Engine/Content/EngineMaterials/Substrate/Glints2/dict_0001_0165.uasset" 4028
"../../../Engine/Content/EngineMaterials/Substrate/Glints2/dict_0000_0080.uasset" 4029
"../../../Engine/Content/EngineMaterials/Substrate/Glints2/dict_0007_0153.uasset" 4030
"../../../Engine/Content/EngineMaterials/Substrate/Glints2/dict_0001_0248.uasset" 4031
"../../../Engine/Content/EngineMaterials/Substrate/Glints2/dict_0007_0130.uasset" 4032
"../../../Engine/Content/EngineMaterials/Substrate/Glints2/dict_0006_0014.uasset" 4033
"../../../Engine/Content/EngineMaterials/Substrate/Glints2/dict_0001_0062.uasset" 4034
"../../../Engine/Content/EngineMaterials/Substrate/Glints2/dict_0002_0097.uasset" 4035
"../../../Engine/Content/EngineMaterials/Substrate/Glints2/dict_0006_0216.uasset" 4036
"../../../Engine/Content/EngineMaterials/Substrate/Glints2/dict_0007_0063.uasset" 4037
"../../../Engine/Content/EngineMaterials/Substrate/Glints2/dict_0005_0148.uasset" 4038
"../../../Engine/Content/EngineMaterials/Substrate/Glints2/dict_0001_0038.uasset" 4039
"../../../Engine/Content/EngineMaterials/Substrate/Glints2/dict_0003_0247.uasset" 4040
"../../../Engine/Content/EngineMaterials/Substrate/Glints2/dict_0002_0237.uasset" 4041
"../../../Engine/Content/EngineMaterials/Substrate/Glints2/dict_0007_0151.uasset" 4042
"../../../Engine/Content/EngineMaterials/Substrate/Glints2/dict_0005_0125.uasset" 4043
"../../../Engine/Content/EngineMaterials/Substrate/Glints2/dict_0004_0150.uasset" 4044
"../../../Engine/Content/EngineMaterials/Substrate/Glints2/dict_0000_0077.uasset" 4045
"../../../Engine/Content/EngineMaterials/Substrate/Glints2/dict_0007_0157.uasset" 4046
"../../../Engine/Content/EngineMaterials/Substrate/Glints2/dict_0007_0137.uasset" 4047
"../../../Engine/Content/EngineMaterials/Substrate/Glints2/dict_0005_0200.uasset" 4048
"../../../Engine/Content/EngineMaterials/Substrate/Glints2/dict_0003_0151.uasset" 4049
"../../../Engine/Content/EngineMaterials/Substrate/Glints2/dict_0003_0059.uasset" 4050
"../../../Engine/Content/EngineMaterials/Substrate/Glints2/dict_0002_0144.uasset" 4051
"../../../Engine/Content/EngineMaterials/Substrate/Glints2/dict_0000_0093.uasset" 4052
"../../../Engine/Content/EngineMaterials/Substrate/Glints2/dict_0001_0044.uasset" 4053
"../../../Engine/Content/EngineMaterials/Substrate/Glints2/dict_0005_0173.uasset" 4054
"../../../Engine/Content/EngineMaterials/Substrate/Glints2/dict_0007_0240.uasset" 4055
"../../../Engine/Content/EngineMaterials/Substrate/Glints2/dict_0006_0210.uasset" 4056
"../../../Engine/Content/EngineMaterials/Substrate/Glints2/dict_0005_0052.uasset" 4057
"../../../Engine/Content/EngineMaterials/Substrate/Glints2/dict_0004_0176.uasset" 4058
"../../../Engine/Content/EngineMaterials/Substrate/Glints2/dict_0000_0162.uasset" 4059
"../../../Engine/Content/EngineMaterials/Substrate/Glints2/dict_0002_0015.uasset" 4060
"../../../Engine/Content/EngineMaterials/Substrate/Glints2/dict_0000_0208.uasset" 4061
"../../../Engine/Content/EngineMaterials/Substrate/Glints2/dict_0006_0080.uasset" 4062
"../../../Engine/Content/EngineMaterials/Substrate/Glints2/dict_0005_0021.uasset" 4063
"../../../Engine/Content/EngineMaterials/Substrate/Glints2/dict_0004_0248.uasset" 4064
"../../../Engine/Content/EngineMaterials/Substrate/Glints2/dict_0004_0188.uasset" 4065
"../../../Engine/Content/EngineMaterials/Substrate/Glints2/dict_0000_0118.uasset" 4066
"../../../Engine/Content/EngineMaterials/Substrate/Glints2/dict_0002_0032.uasset" 4067
"../../../Engine/Content/EngineMaterials/Substrate/Glints2/dict_0007_0136.uasset" 4068
"../../../Engine/Content/EngineMaterials/Substrate/Glints2/dict_0007_0012.uasset" 4069
"../../../Engine/Content/EngineMaterials/Substrate/Glints2/dict_0006_0082.uasset" 4070
"../../../Engine/Content/EngineMaterials/Substrate/Glints2/dict_0004_0054.uasset" 4071
"../../../Engine/Content/EngineMaterials/Substrate/Glints2/dict_0000_0057.uasset" 4072
"../../../Engine/Content/EngineMaterials/Substrate/Glints2/dict_0003_0093.uasset" 4073
"../../../Engine/Content/EngineMaterials/Substrate/Glints2/dict_0001_0162.uasset" 4074
"../../../Engine/Content/EngineMaterials/Substrate/Glints2/dict_0000_0066.uasset" 4075
"../../../Engine/Content/EngineMaterials/Substrate/Glints2/dict_0007_0144.uasset" 4076
"../../../Engine/Content/EngineMaterials/Substrate/Glints2/dict_0005_0252.uasset" 4077
"../../../Engine/Content/EngineMaterials/Substrate/Glints2/dict_0002_0059.uasset" 4078
"../../../Engine/Content/EngineMaterials/Substrate/Glints2/dict_0000_0168.uasset" 4079
"../../../Engine/Content/EngineMaterials/Substrate/Glints2/dict_0003_0245.uasset" 4080
"../../../Engine/Content/EngineMaterials/Substrate/Glints2/dict_0001_0034.uasset" 4081
"../../../Engine/Content/EngineMaterials/Substrate/Glints2/dict_0006_0028.uasset" 4082
"../../../Engine/Content/EngineMaterials/Substrate/Glints2/dict_0005_0017.uasset" 4083
"../../../Engine/Content/EngineMaterials/Substrate/Glints2/dict_0005_0093.uasset" 4084
"../../../Engine/Content/EngineMaterials/Substrate/Glints2/dict_0004_0007.uasset" 4085
"../../../Engine/Content/EngineMaterials/Substrate/Glints2/dict_0005_0108.uasset" 4086
"../../../Engine/Content/EngineMaterials/Substrate/Glints2/dict_0000_0227.uasset" 4087
"../../../Engine/Content/EngineMaterials/Substrate/Glints2/dict_0000_0018.uasset" 4088
"../../../Engine/Content/EngineMaterials/Substrate/Glints2/dict_0007_0128.uasset" 4089
"../../../Engine/Content/EngineMaterials/Substrate/Glints2/dict_0006_0193.uasset" 4090
"../../../Engine/Content/EngineMaterials/Substrate/Glints2/dict_0002_0049.uasset" 4091
"../../../Engine/Content/EngineMaterials/Substrate/Glints2/dict_0006_0062.uasset" 4092
"../../../Engine/Content/EngineMaterials/Substrate/Glints2/dict_0000_0110.uasset" 4093
"../../../Engine/Content/EngineMaterials/Substrate/Glints2/dict_0001_0239.uasset" 4094
"../../../Engine/Content/EngineMaterials/Substrate/Glints2/dict_0007_0171.uasset" 4095
"../../../Engine/Content/EngineMaterials/Substrate/Glints2/dict_0003_0083.uasset" 4096
"../../../Engine/Content/EngineMaterials/Substrate/Glints2/dict_0006_0025.uasset" 4097
"../../../Engine/Content/EngineMaterials/Substrate/Glints2/dict_0003_0065.uasset" 4098
"../../../Engine/Content/EngineMaterials/Substrate/Glints2/dict_0002_0018.uasset" 4099
"../../../Engine/Content/EngineMaterials/Substrate/Glints2/dict_0001_0177.uasset" 4100
"../../../Engine/Content/EngineMaterials/Substrate/Glints2/dict_0007_0163.uasset" 4101
"../../../Engine/Content/EngineMaterials/Substrate/Glints2/dict_0007_0058.uasset" 4102
"../../../Engine/Content/EngineMaterials/Substrate/Glints2/dict_0000_0105.uasset" 4103
"../../../Engine/Content/EngineMaterials/Substrate/Glints2/dict_0003_0235.uasset" 4104
"../../../Engine/Content/EngineMaterials/Substrate/Glints2/dict_0000_0016.uasset" 4105
"../../../Engine/Content/EngineMaterials/Substrate/Glints2/dict_0006_0202.uasset" 4106
"../../../Engine/Content/EngineMaterials/Substrate/Glints2/dict_0005_0133.uasset" 4107
"../../../Engine/Content/EngineMaterials/Substrate/Glints2/dict_0004_0119.uasset" 4108
"../../../Engine/Content/EngineMaterials/Substrate/Glints2/dict_0007_0222.uasset" 4109
"../../../Engine/Content/EngineMaterials/Substrate/Glints2/dict_0007_0211.uasset" 4110
"../../../Engine/Content/EngineMaterials/Substrate/Glints2/dict_0007_0119.uasset" 4111
"../../../Engine/Content/EngineMaterials/Substrate/Glints2/dict_0006_0055.uasset" 4112
"../../../Engine/Content/EngineMaterials/Substrate/Glints2/dict_0001_0010.uasset" 4113
"../../../Engine/Content/EngineMaterials/Substrate/Glints2/dict_0000_0142.uasset" 4114
"../../../Engine/Content/EngineMaterials/Substrate/Glints2/dict_0004_0158.uasset" 4115
"../../../Engine/Content/EngineMaterials/Substrate/Glints2/dict_0001_0145.uasset" 4116
"../../../Engine/Content/EngineMaterials/Substrate/Glints2/dict_0001_0056.uasset" 4117
"../../../Engine/Content/EngineMaterials/Substrate/Glints2/dict_0007_0095.uasset" 4118
"../../../Engine/Content/EngineMaterials/Substrate/Glints2/dict_0007_0087.uasset" 4119
"../../../Engine/Content/EngineMaterials/Substrate/Glints2/dict_0001_0231.uasset" 4120
"../../../Engine/Content/EngineMaterials/Substrate/Glints2/dict_0001_0221.uasset" 4121
"../../../Engine/Content/EngineMaterials/Substrate/Glints2/dict_0001_0123.uasset" 4122
"../../../Engine/Content/EngineMaterials/Substrate/Glints2/dict_0000_0134.uasset" 4123
"../../../Engine/Content/EngineMaterials/Substrate/Glints2/dict_0001_0110.uasset" 4124
"../../../Engine/Content/EngineMaterials/Substrate/Glints2/dict_0000_0145.uasset" 4125
"../../../Engine/Content/EngineMaterials/Substrate/Glints2/dict_0007_0064.uasset" 4126
"../../../Engine/Content/EngineMaterials/Substrate/Glints2/dict_0005_0112.uasset" 4127
"../../../Engine/Content/EngineMaterials/Substrate/Glints2/dict_0004_0035.uasset" 4128
"../../../Engine/Content/EngineMaterials/Substrate/Glints2/dict_0003_0037.uasset" 4129
"../../../Engine/Content/EngineMaterials/Substrate/Glints2/dict_0001_0250.uasset" 4130
"../../../Engine/Content/EngineMaterials/Substrate/Glints2/dict_0000_0229.uasset" 4131
"../../../Engine/Content/EngineMaterials/Substrate/Glints2/dict_0003_0219.uasset" 4132
"../../../Engine/Content/EngineMaterials/Substrate/Glints2/dict_0000_0188.uasset" 4133
"../../../Engine/Content/EngineMaterials/Substrate/Glints2/dict_0005_0142.uasset" 4134
"../../../Engine/Content/EngineMaterials/Substrate/Glints2/dict_0006_0174.uasset" 4135
"../../../Engine/Content/EngineMaterials/Substrate/Glints2/dict_0005_0236.uasset" 4136
"../../../Engine/Content/EngineMaterials/Substrate/Glints2/dict_0002_0241.uasset" 4137
"../../../Engine/Content/EngineMaterials/Substrate/Glints2/dict_0007_0004.uasset" 4138
"../../../Engine/Content/EngineMaterials/Substrate/Glints2/dict_0001_0118.uasset" 4139
"../../../Engine/Content/EngineMaterials/Substrate/Glints2/dict_0004_0230.uasset" 4140
"../../../Engine/Content/EngineMaterials/Substrate/Glints2/dict_0003_0218.uasset" 4141
"../../../Engine/Content/EngineMaterials/Substrate/Glints2/dict_0002_0124.uasset" 4142
"../../../Engine/Content/EngineMaterials/Substrate/Glints2/dict_0001_0101.uasset" 4143
"../../../Engine/Content/EngineMaterials/Substrate/Glints2/dict_0007_0088.uasset" 4144
"../../../Engine/Content/EngineMaterials/Substrate/Glints2/dict_0002_0065.uasset" 4145
"../../../Engine/Content/EngineMaterials/Substrate/Glints2/dict_0006_0194.uasset" 4146
"../../../Engine/Content/EngineMaterials/Substrate/Glints2/dict_0003_0020.uasset" 4147
"../../../Engine/Content/EngineMaterials/Substrate/Glints2/dict_0002_0122.uasset" 4148
"../../../Engine/Content/EngineMaterials/Substrate/Glints2/dict_0001_0129.uasset" 4149
"../../../Engine/Content/EngineMaterials/Substrate/Glints2/dict_0005_0234.uasset" 4150
"../../../Engine/Content/EngineMaterials/Substrate/Glints2/dict_0003_0250.uasset" 4151
"../../../Engine/Content/EngineMaterials/Substrate/Glints2/dict_0005_0110.uasset" 4152
"../../../Engine/Content/EngineMaterials/Substrate/Glints2/dict_0002_0184.uasset" 4153
"../../../Engine/Content/EngineMaterials/Substrate/Glints2/dict_0006_0108.uasset" 4154
"../../../Engine/Content/EngineMaterials/Substrate/Glints2/dict_0006_0100.uasset" 4155
"../../../Engine/Content/EngineMaterials/Substrate/Glints2/dict_0005_0213.uasset" 4156
"../../../Engine/Content/EngineMaterials/Substrate/Glints2/dict_0004_0103.uasset" 4157
"../../../Engine/Content/EngineMaterials/Substrate/Glints2/dict_0004_0030.uasset" 4158
"../../../Engine/Content/EngineMaterials/Substrate/Glints2/dict_0007_0013.uasset" 4159
"../../../Engine/Content/EngineMaterials/Substrate/Glints2/dict_0005_0107.uasset" 4160
"../../../Engine/Content/EngineMaterials/Substrate/Glints2/dict_0007_0121.uasset" 4161
"../../../Engine/Content/EngineMaterials/Substrate/Glints2/dict_0006_0165.uasset" 4162
"../../../Engine/Content/EngineMaterials/Substrate/Glints2/dict_0007_0044.uasset" 4163
"../../../Engine/Content/EngineMaterials/Substrate/Glints2/dict_0004_0113.uasset" 4164
"../../../Engine/Content/EngineMaterials/Substrate/Glints2/dict_0001_0092.uasset" 4165
"../../../Engine/Content/EngineMaterials/Substrate/Glints2/dict_0003_0060.uasset" 4166
"../../../Engine/Content/EngineMaterials/Substrate/Glints2/dict_0005_0160.uasset" 4167
"../../../Engine/Content/EngineMaterials/Substrate/Glints2/dict_0002_0125.uasset" 4168
"../../../Engine/Content/EngineMaterials/Substrate/Glints2/dict_0000_0244.uasset" 4169
"../../../Engine/Content/EngineMaterials/Substrate/Glints2/dict_0007_0000.uasset" 4170
"../../../Engine/Content/EngineMaterials/Substrate/Glints2/dict_0004_0236.uasset" 4171
"../../../Engine/Content/EngineMaterials/Substrate/Glints2/dict_0002_0198.uasset" 4172
"../../../Engine/Content/EngineMaterials/Substrate/Glints2/dict_0006_0071.uasset" 4173
"../../../Engine/Content/EngineMaterials/Substrate/Glints2/dict_0004_0147.uasset" 4174
"../../../Engine/Content/EngineMaterials/Substrate/Glints2/dict_0000_0099.uasset" 4175
"../../../Engine/Content/EngineMaterials/Substrate/Glints2/dict_0000_0025.uasset" 4176
"../../../Engine/Content/EngineMaterials/Substrate/Glints2/dict_0003_0167.uasset" 4177
"../../../Engine/Content/EngineMaterials/Substrate/Glints2/dict_0004_0227.uasset" 4178
"../../../Engine/Content/EngineMaterials/Substrate/Glints2/dict_0001_0180.uasset" 4179
"../../../Engine/Content/EngineMaterials/Substrate/Glints2/dict_0000_0108.uasset" 4180
"../../../Engine/Content/EngineMaterials/Substrate/Glints2/dict_0002_0182.uasset" 4181
"../../../Engine/Content/EngineMaterials/Substrate/Glints2/dict_0002_0167.uasset" 4182
"../../../Engine/Content/EngineMaterials/Substrate/Glints2/dict_0006_0002.uasset" 4183
"../../../Engine/Content/EngineMaterials/Substrate/Glints2/dict_0005_0070.uasset" 4184
"../../../Engine/Content/EngineMaterials/Substrate/Glints2/dict_0005_0040.uasset" 4185
"../../../Engine/Content/EngineMaterials/Substrate/Glints2/dict_0001_0028.uasset" 4186
"../../../Engine/Content/EngineMaterials/Substrate/Glints2/dict_0004_0016.uasset" 4187
"../../../Engine/Content/EngineMaterials/Substrate/Glints2/dict_0003_0162.uasset" 4188
"../../../Engine/Content/EngineMaterials/Substrate/Glints2/dict_0003_0160.uasset" 4189
"../../../Engine/Content/EngineMaterials/Substrate/Glints2/dict_0004_0210.uasset" 4190
"../../../Engine/Content/EngineMaterials/Substrate/Glints2/dict_0003_0174.uasset" 4191
"../../../Engine/Content/EngineMaterials/Substrate/Glints2/dict_0003_0041.uasset" 4192
"../../../Engine/Content/EngineMaterials/Substrate/Glints2/dict_0001_0046.uasset" 4193
"../../../Engine/Content/EngineMaterials/Substrate/Glints2/dict_0005_0048.uasset" 4194
"../../../Engine/Content/EngineMaterials/Substrate/Glints2/dict_0001_0085.uasset" 4195
"../../../Engine/Content/EngineMaterials/Substrate/Glints2/dict_0004_0228.uasset" 4196
"../../../Engine/Content/EngineMaterials/Substrate/Glints2/dict_0002_0064.uasset" 4197
"../../../Engine/Content/EngineMaterials/Substrate/Glints2/dict_0000_0092.uasset" 4198
"../../../Engine/Content/EngineMaterials/Substrate/Glints2/dict_0005_0073.uasset" 4199
"../../../Engine/Content/EngineMaterials/Substrate/Glints2/dict_0003_0190.uasset" 4200
"../../../Engine/Content/EngineMaterials/Substrate/Glints2/dict_0007_0212.uasset" 4201
"../../../Engine/Content/EngineMaterials/Substrate/Glints2/dict_0006_0109.uasset" 4202
"../../../Engine/Content/EngineMaterials/Substrate/Glints2/dict_0005_0060.uasset" 4203
"../../../Engine/Content/EngineMaterials/Substrate/Glints2/dict_0004_0192.uasset" 4204
"../../../Engine/Content/EngineMaterials/Substrate/Glints2/dict_0000_0251.uasset" 4205
"../../../Engine/Content/EngineMaterials/Substrate/Glints2/dict_0003_0049.uasset" 4206
"../../../Engine/Content/EngineMaterials/Substrate/Glints2/dict_0003_0034.uasset" 4207
"../../../Engine/Content/EngineMaterials/Substrate/Glints2/dict_0001_0073.uasset" 4208
"../../../Engine/Content/EngineMaterials/Substrate/Glints2/dict_0001_0047.uasset" 4209
"../../../Engine/Content/EngineMaterials/Substrate/Glints2/dict_0002_0045.uasset" 4210
"../../../Engine/Content/EngineMaterials/Substrate/Glints2/dict_0001_0054.uasset" 4211
"../../../Engine/Content/EngineMaterials/Substrate/Glints2/dict_0006_0156.uasset" 4212
"../../../Engine/Content/EngineMaterials/Substrate/Glints2/dict_0006_0228.uasset" 4213
"../../../Engine/Content/EngineMaterials/Substrate/Glints2/dict_0000_0051.uasset" 4214
"../../../Engine/Content/EngineMaterials/Substrate/Glints2/dict_0006_0220.uasset" 4215
"../../../Engine/Content/EngineMaterials/Substrate/Glints2/dict_0002_0255.uasset" 4216
"../../../Engine/Content/EngineMaterials/Substrate/Glints2/dict_0007_0224.uasset" 4217
"../../../Engine/Content/EngineMaterials/Substrate/Glints2/dict_0003_0074.uasset" 4218
"../../../Engine/Content/EngineMaterials/Substrate/Glints2/dict_0005_0024.uasset" 4219
"../../../Engine/Content/EngineMaterials/Substrate/Glints2/dict_0004_0109.uasset" 4220
"../../../Engine/Content/EngineMaterials/Substrate/Glints2/dict_0000_0021.uasset" 4221
"../../../Engine/Content/EngineMaterials/Substrate/Glints2/dict_0002_0027.uasset" 4222
"../../../Engine/Content/EngineMaterials/Substrate/Glints2/dict_0005_0166.uasset" 4223
"../../../Engine/Content/EngineMaterials/Substrate/Glints2/dict_0002_0075.uasset" 4224
"../../../Engine/Content/EngineMaterials/Substrate/Glints2/dict_0000_0254.uasset" 4225
"../../../Engine/Content/EngineMaterials/Substrate/Glints2/dict_0006_0059.uasset" 4226
"../../../Engine/Content/EngineMaterials/Substrate/Glints2/dict_0004_0004.uasset" 4227
"../../../Engine/Content/EngineMaterials/Substrate/Glints2/dict_0003_0145.uasset" 4228
"../../../Engine/Content/EngineMaterials/Substrate/Glints2/dict_0004_0208.uasset" 4229
"../../../Engine/Content/EngineMaterials/Substrate/Glints2/dict_0002_0000.uasset" 4230
"../../../Engine/Content/EngineMaterials/Substrate/Glints2/dict_0001_0097.uasset" 4231
"../../../Engine/Content/EngineMaterials/Substrate/Glints2/dict_0000_0215.uasset" 4232
"../../../Engine/Content/EngineMaterials/Substrate/Glints2/dict_0001_0012.uasset" 4233
"../../../Engine/Content/EngineMaterials/Substrate/Glints2/dict_0001_0139.uasset" 4234
"../../../Engine/Content/EngineMaterials/Substrate/Glints2/dict_0004_0120.uasset" 4235
"../../../Engine/Content/EngineMaterials/Substrate/Glints2/dict_0004_0201.uasset" 4236
"../../../Engine/Content/EngineMaterials/Substrate/Glints2/dict_0002_0089.uasset" 4237
"../../../Engine/Content/EngineMaterials/Substrate/Glints2/dict_0001_0178.uasset" 4238
"../../../Engine/Content/EngineMaterials/Substrate/Glints2/dict_0001_0102.uasset" 4239
"../../../Engine/Content/EngineMaterials/Substrate/Glints2/dict_0000_0002.uasset" 4240
"../../../Engine/Content/EngineMaterials/Substrate/Glints2/dict_0003_0198.uasset" 4241
"../../../Engine/Content/EngineMaterials/Substrate/Glints2/dict_0003_0195.uasset" 4242
"../../../Engine/Content/EngineMaterials/Substrate/Glints2/dict_0007_0206.uasset" 4243
"../../../Engine/Content/EngineMaterials/Substrate/Glints2/dict_0006_0101.uasset" 4244
"../../../Engine/Content/EngineMaterials/Substrate/Glints2/dict_0005_0117.uasset" 4245
"../../../Engine/Content/EngineMaterials/Substrate/Glints2/dict_0001_0112.uasset" 4246
"../../../Engine/Content/EngineMaterials/Substrate/Glints2/dict_0006_0227.uasset" 4247
"../../../Engine/Content/EngineMaterials/Substrate/Glints2/dict_0000_0203.uasset" 4248
"../../../Engine/Content/EngineMaterials/Substrate/Glints2/dict_0007_0225.uasset" 4249
"../../../Engine/Content/EngineMaterials/Substrate/Glints2/dict_0006_0087.uasset" 4250
"../../../Engine/Content/EngineMaterials/Substrate/Glints2/dict_0004_0153.uasset" 4251
"../../../Engine/Content/EngineMaterials/Substrate/Glints2/dict_0000_0143.uasset" 4252
"../../../Engine/Content/EngineMaterials/Substrate/Glints2/dict_0001_0081.uasset" 4253
"../../../Engine/Content/EngineMaterials/Substrate/Glints2/dict_0007_0173.uasset" 4254
"../../../Engine/Content/EngineMaterials/Substrate/Glints2/dict_0003_0081.uasset" 4255
"../../../Engine/Content/EngineMaterials/Substrate/Glints2/dict_0002_0217.uasset" 4256
"../../../Engine/Content/EngineMaterials/Substrate/Glints2/dict_0003_0204.uasset" 4257
"../../../Engine/Content/EngineMaterials/Substrate/Glints2/dict_0002_0180.uasset" 4258
"../../../Engine/Content/EngineMaterials/Substrate/Glints2/dict_0002_0240.uasset" 4259
"../../../Engine/Content/EngineMaterials/Substrate/Glints2/dict_0007_0250.uasset" 4260
"../../../Engine/Content/EngineMaterials/Substrate/Glints2/dict_0003_0149.uasset" 4261
"../../../Engine/Content/EngineMaterials/Substrate/Glints2/dict_0007_0109.uasset" 4262
"../../../Engine/Content/EngineMaterials/Substrate/Glints2/dict_0003_0003.uasset" 4263
"../../../Engine/Content/EngineMaterials/Substrate/Glints2/dict_0002_0234.uasset" 4264
"../../../Engine/Content/EngineMaterials/Substrate/Glints2/dict_0000_0098.uasset" 4265
"../../../Engine/Content/EngineMaterials/Substrate/Glints2/dict_0006_0198.uasset" 4266
"../../../Engine/Content/EngineMaterials/Substrate/Glints2/dict_0005_0035.uasset" 4267
"../../../Engine/Content/EngineMaterials/Substrate/Glints2/dict_0003_0234.uasset" 4268
"../../../Engine/Content/EngineMaterials/Substrate/Glints2/dict_0001_0243.uasset" 4269
"../../../Engine/Content/EngineMaterials/Substrate/Glints2/dict_0003_0248.uasset" 4270
"../../../Engine/Content/EngineMaterials/Substrate/Glints2/dict_0000_0231.uasset" 4271
"../../../Engine/Content/EngineMaterials/Substrate/Glints2/dict_0007_0191.uasset" 4272
"../../../Engine/Content/EngineMaterials/Substrate/Glints2/dict_0003_0139.uasset" 4273
"../../../Engine/Content/EngineMaterials/Substrate/Glints2/dict_0004_0107.uasset" 4274
"../../../Engine/Content/EngineMaterials/Substrate/Glints2/dict_0002_0192.uasset" 4275
"../../../Engine/Content/EngineMaterials/Substrate/Glints2/dict_0002_0159.uasset" 4276
"../../../Engine/Content/EngineMaterials/Substrate/Glints2/dict_0002_0093.uasset" 4277
"../../../Engine/Content/EngineMaterials/Substrate/Glints2/dict_0007_0043.uasset" 4278
"../../../Engine/Content/EngineMaterials/Substrate/Glints2/dict_0003_0202.uasset" 4279
"../../../Engine/Content/EngineMaterials/Substrate/Glints2/dict_0007_0208.uasset" 4280
"../../../Engine/Content/EngineMaterials/Substrate/Glints2/dict_0007_0112.uasset" 4281
"../../../Engine/Content/EngineMaterials/Substrate/Glints2/dict_0003_0173.uasset" 4282
"../../../Engine/Content/EngineMaterials/Substrate/Glints2/dict_0003_0097.uasset" 4283
"../../../Engine/Content/EngineMaterials/Substrate/Glints2/dict_0000_0159.uasset" 4284
"../../../Engine/Content/EngineMaterials/Substrate/Glints2/dict_0001_0095.uasset" 4285
"../../../Engine/Content/EngineMaterials/Substrate/Glints2/dict_0007_0146.uasset" 4286
"../../../Engine/Content/EngineMaterials/Substrate/Glints2/dict_0007_0046.uasset" 4287
"../../../Engine/Content/EngineMaterials/Substrate/Glints2/dict_0002_0239.uasset" 4288
"../../../Engine/Content/EngineMaterials/Substrate/Glints2/dict_0001_0078.uasset" 4289
"../../../Engine/Content/EngineMaterials/Substrate/Glints2/dict_0001_0042.uasset" 4290
"../../../Engine/Content/EngineMaterials/Substrate/Glints2/dict_0003_0243.uasset" 4291
"../../../Engine/Content/EngineMaterials/Substrate/Glints2/dict_0001_0109.uasset" 4292
"../../../Engine/Content/EngineMaterials/Substrate/Glints2/dict_0005_0061.uasset" 4293
"../../../Engine/Content/EngineMaterials/Substrate/Glints2/dict_0003_0104.uasset" 4294
"C:/Users/Abies/AppData/Local/UnrealEngine/Common/DerivedDataCache/Buckets/LegacyDIST/51/77/d1ff485f355d0657b33555d3ea50e3cda2a9.udd" 4295
"../../../Engine/Content/EngineMaterials/Substrate/Glints2/dict_0002_0181.uasset" 4296
"../../../Engine/Content/EngineMaterials/Substrate/Glints2/dict_0006_0097.uasset" 4297
"../../../Engine/Content/EngineMaterials/Substrate/Glints2/dict_0007_0255.uasset" 4298
"../../../Engine/Content/EngineMaterials/Substrate/Glints2/dict_0007_0014.uasset" 4299
"../../../Engine/Content/EngineMaterials/Substrate/Glints2/dict_0002_0080.uasset" 4300
"../../../Engine/Content/EngineMaterials/Substrate/Glints2/dict_0005_0075.uasset" 4301
"../../../Engine/Content/EngineMaterials/Substrate/Glints2/dict_0000_0073.uasset" 4302
"../../../Engine/Content/EngineMaterials/Substrate/Glints2/dict_0002_0231.uasset" 4303
"../../../Engine/Content/EngineMaterials/Substrate/Glints2/dict_0002_0052.uasset" 4304
"../../../Engine/Content/EngineMaterials/Substrate/Glints2/dict_0002_0037.uasset" 4305
"../../../Engine/Content/EngineMaterials/Substrate/Glints2/dict_0001_0104.uasset" 4306
"../../../Engine/Content/EngineMaterials/Substrate/Glints2/dict_0006_0056.uasset" 4307
"../../../Engine/Content/EngineMaterials/Substrate/Glints2/dict_0001_0033.uasset" 4308
"../../../Engine/Content/EngineMaterials/Substrate/Glints2/dict_0007_0227.uasset" 4309
"../../../Engine/Content/EngineMaterials/Substrate/Glints2/dict_0006_0195.uasset" 4310
"../../../Engine/Content/EngineMaterials/Substrate/Glints2/dict_0005_0129.uasset" 4311
"../../../Engine/Content/EngineMaterials/Substrate/Glints2/dict_0006_0231.uasset" 4312
"../../../Engine/Content/EngineMaterials/Substrate/Glints2/dict_0006_0118.uasset" 4313
"../../../Engine/Content/EngineMaterials/Substrate/Glints2/dict_0003_0018.uasset" 4314
"../../../Engine/Content/EngineMaterials/Substrate/Glints2/dict_0000_0064.uasset" 4315
"../../../Engine/Content/EngineMaterials/Substrate/Glints2/dict_0000_0141.uasset" 4316
"../../../Engine/Content/EngineMaterials/Substrate/Glints2/dict_0001_0143.uasset" 4317
"../../../Engine/Content/EngineMaterials/Substrate/Glints2/dict_0007_0139.uasset" 4318
"../../../Engine/Content/EngineMaterials/Substrate/Glints2/dict_0004_0050.uasset" 4319
"../../../Engine/Content/EngineMaterials/Substrate/Glints2/dict_0001_0147.uasset" 4320
"../../../Engine/Content/EngineMaterials/Substrate/Glints2/dict_0000_0128.uasset" 4321
"../../../Engine/Content/EngineMaterials/Substrate/Glints2/dict_0006_0015.uasset" 4322
"../../../Engine/Content/EngineMaterials/Substrate/Glints2/dict_0004_0207.uasset" 4323
"../../../Engine/Content/EngineMaterials/Substrate/Glints2/dict_0004_0089.uasset" 4324
"../../../Engine/Content/EngineMaterials/Substrate/Glints2/dict_0003_0050.uasset" 4325
"../../../Engine/Content/EngineMaterials/Substrate/Glints2/dict_0002_0201.uasset" 4326
"../../../Engine/Content/EngineMaterials/Substrate/Glints2/dict_0002_0013.uasset" 4327
"../../../Engine/Content/EngineMaterials/Substrate/Glints2/dict_0007_0239.uasset" 4328
"../../../Engine/Content/EngineMaterials/Substrate/Glints2/dict_0001_0223.uasset" 4329
"../../../Engine/Content/EngineMaterials/Substrate/Glints2/dict_0002_0078.uasset" 4330
"../../../Engine/Content/EngineMaterials/Substrate/Glints2/dict_0002_0129.uasset" 4331
"../../../Engine/Content/EngineMaterials/Substrate/Glints2/dict_0005_0249.uasset" 4332
"../../../Engine/Content/EngineMaterials/Substrate/Glints2/dict_0003_0143.uasset" 4333
"../../../Engine/Content/EngineMaterials/Substrate/Glints2/dict_0003_0033.uasset" 4334
"../../../Engine/Content/EngineMaterials/Substrate/Glints2/dict_0004_0185.uasset" 4335
"../../../Engine/Content/EngineMaterials/Substrate/Glints2/dict_0001_0043.uasset" 4336
"../../../Engine/Content/EngineMaterials/Substrate/Glints2/dict_0004_0255.uasset" 4337
"../../../Engine/Content/EngineMaterials/Substrate/Glints2/dict_0005_0137.uasset" 4338
"../../../Engine/Content/EngineMaterials/Substrate/Glints2/dict_0007_0219.uasset" 4339
"../../../Engine/Content/EngineMaterials/Substrate/Glints2/dict_0005_0154.uasset" 4340
"../../../Engine/Content/EngineMaterials/Substrate/Glints2/dict_0004_0173.uasset" 4341
"../../../Engine/Content/EngineMaterials/Substrate/Glints2/dict_0005_0190.uasset" 4342
"../../../Engine/Content/EngineMaterials/Substrate/Glints2/dict_0000_0070.uasset" 4343
"../../../Engine/Content/EngineMaterials/Substrate/Glints2/dict_0001_0144.uasset" 4344
"../../../Engine/Content/EngineMaterials/Substrate/Glints2/dict_0006_0146.uasset" 4345
"../../../Engine/Content/EngineMaterials/Substrate/Glints2/dict_0005_0247.uasset" 4346
"../../../Engine/Content/EngineMaterials/Substrate/Glints2/dict_0000_0176.uasset" 4347
"../../../Engine/Content/EngineMaterials/Substrate/Glints2/dict_0007_0242.uasset" 4348
"../../../Engine/Content/EngineMaterials/Substrate/Glints2/dict_0000_0163.uasset" 4349
"../../../Engine/Content/EngineMaterials/Substrate/Glints2/dict_0004_0149.uasset" 4350
"../../../Engine/Content/EngineMaterials/Substrate/Glints2/dict_0000_0094.uasset" 4351
"../../../Engine/Content/EngineMaterials/Substrate/Glints2/dict_0005_0162.uasset" 4352
"../../../Engine/Content/EngineMaterials/Substrate/Glints2/dict_0005_0000.uasset" 4353
"../../../Engine/Content/EngineMaterials/Substrate/Glints2/dict_0003_0187.uasset" 4354
"../../../Engine/Content/EngineMaterials/Substrate/Glints2/dict_0004_0194.uasset" 4355
"../../../Engine/Content/EngineMaterials/Substrate/Glints2/dict_0004_0112.uasset" 4356
"../../../Engine/Content/EngineMaterials/Substrate/Glints2/dict_0003_0010.uasset" 4357
"../../../Engine/Content/EngineMaterials/Substrate/Glints2/dict_0002_0176.uasset" 4358
"../../../Engine/Content/EngineMaterials/Substrate/Glints2/dict_0005_0187.uasset" 4359
"../../../Engine/Content/EngineMaterials/Substrate/Glints2/dict_0000_0078.uasset" 4360
"../../../Engine/Content/EngineMaterials/Substrate/Glints2/dict_0002_0112.uasset" 4361
"../../../Engine/Content/EngineMaterials/Substrate/Glints2/dict_0007_0170.uasset" 4362
"../../../Engine/Content/EngineMaterials/Substrate/Glints2/dict_0004_0072.uasset" 4363
"../../../Engine/Content/EngineMaterials/Substrate/Glints2/dict_0001_0229.uasset" 4364
"../../../Engine/Content/EngineMaterials/Substrate/Glints2/dict_0007_0039.uasset" 4365
"../../../Engine/Content/EngineMaterials/Substrate/Glints2/dict_0003_0000.uasset" 4366
"../../../Engine/Content/EngineMaterials/Substrate/Glints2/dict_0001_0026.uasset" 4367
"../../../Engine/Content/EngineMaterials/Substrate/Glints2/dict_0005_0218.uasset" 4368
"../../../Engine/Content/EngineMaterials/Substrate/Glints2/dict_0001_0008.uasset" 4369
"../../../Engine/Content/EngineMaterials/Substrate/Glints2/dict_0007_0189.uasset" 4370
"../../../Engine/Content/EngineMaterials/Substrate/Glints2/dict_0007_0214.uasset" 4371
"../../../Engine/Content/EngineMaterials/Substrate/Glints2/dict_0005_0119.uasset" 4372
"../../../Engine/Content/EngineMaterials/Substrate/Glints2/dict_0003_0008.uasset" 4373
"../../../Engine/Content/EngineMaterials/Substrate/Glints2/dict_0007_0180.uasset" 4374
"../../../Engine/Content/EngineMaterials/Substrate/Glints2/dict_0006_0000.uasset" 4375
"../../../Engine/Content/EngineMaterials/Substrate/Glints2/dict_0004_0148.uasset" 4376
"../../../Engine/Content/EngineMaterials/Substrate/Glints2/dict_0002_0163.uasset" 4377
"../../../Engine/Content/EngineMaterials/Substrate/Glints2/dict_0001_0134.uasset" 4378
"../../../Engine/Content/EngineMaterials/Substrate/Glints2/dict_0000_0224.uasset" 4379
"../../../Engine/Content/EngineMaterials/Substrate/Glints2/dict_0005_0194.uasset" 4380
"../../../Engine/Content/EngineMaterials/Substrate/Glints2/dict_0001_0215.uasset" 4381
"../../../Engine/Content/EngineMaterials/Substrate/Glints2/dict_0001_0067.uasset" 4382
"../../../Engine/Content/EngineMaterials/Substrate/Glints2/dict_0005_0141.uasset" 4383
"../../../Engine/Content/EngineMaterials/Substrate/Glints2/dict_0003_0029.uasset" 4384
"../../../Engine/Content/EngineMaterials/Substrate/Glints2/dict_0001_0238.uasset" 4385
"../../../Engine/Content/EngineMaterials/Substrate/Glints2/dict_0001_0094.uasset" 4386
"../../../Engine/Content/EngineMaterials/Substrate/Glints2/dict_0005_0091.uasset" 4387
"../../../Engine/Content/EngineMaterials/Substrate/Glints2/dict_0005_0006.uasset" 4388
"../../../Engine/Content/EngineMaterials/Substrate/Glints2/dict_0006_0016.uasset" 4389
"../../../Engine/Content/EngineMaterials/Substrate/Glints2/dict_0001_0196.uasset" 4390
"../../../Engine/Content/EngineMaterials/Substrate/Glints2/dict_0001_0193.uasset" 4391
"../../../Engine/Content/EngineMaterials/Substrate/Glints2/dict_0000_0248.uasset" 4392
"../../../Engine/Content/EngineMaterials/Substrate/Glints2/dict_0000_0068.uasset" 4393
"../../../Engine/Content/EngineMaterials/Substrate/Glints2/dict_0007_0193.uasset" 4394
"../../../Engine/Content/EngineMaterials/Substrate/Glints2/dict_0003_0170.uasset" 4395
"../../../Engine/Content/EngineMaterials/Substrate/Glints2/dict_0002_0053.uasset" 4396
"../../../Engine/Content/EngineMaterials/Substrate/Glints2/dict_0004_0123.uasset" 4397
"../../../Engine/Content/EngineMaterials/Substrate/Glints2/dict_0005_0242.uasset" 4398
"../../../Engine/Content/EngineMaterials/Substrate/Glints2/dict_0002_0228.uasset" 4399
"../../../Engine/Content/EngineMaterials/Substrate/Glints2/dict_0004_0252.uasset" 4400
"../../../Engine/Content/EngineMaterials/Substrate/Glints2/dict_0002_0023.uasset" 4401
"../../../Engine/Content/EngineMaterials/Substrate/Glints2/dict_0000_0006.uasset" 4402
"../../../Engine/Content/EngineMaterials/Substrate/Glints2/dict_0006_0092.uasset" 4403
"../../../Engine/Content/EngineMaterials/Substrate/Glints2/dict_0006_0024.uasset" 4404
"../../../Engine/Content/EngineMaterials/Substrate/Glints2/dict_0004_0225.uasset" 4405
"../../../Engine/Content/EngineMaterials/Substrate/Glints2/dict_0004_0021.uasset" 4406
"../../../Engine/Content/EngineMaterials/Substrate/Glints2/dict_0002_0216.uasset" 4407
"../../../Engine/Content/EngineMaterials/Substrate/Glints2/dict_0002_0016.uasset" 4408
"../../../Engine/Content/EngineMaterials/Substrate/Glints2/dict_0004_0097.uasset" 4409
"../../../Engine/Content/EngineMaterials/Substrate/Glints2/dict_0002_0028.uasset" 4410
"../../../Engine/Content/EngineMaterials/Substrate/Glints2/dict_0002_0010.uasset" 4411
"../../../Engine/Content/EngineMaterials/Substrate/Glints2/dict_0001_0049.uasset" 4412
"../../../Engine/Content/EngineMaterials/Substrate/Glints2/dict_0005_0041.uasset" 4413
"../../../Engine/Content/EngineMaterials/Substrate/Glints2/dict_0006_0034.uasset" 4414
"../../../Engine/Content/EngineMaterials/Substrate/Glints2/dict_0003_0112.uasset" 4415
"../../../Engine/Content/EngineMaterials/Substrate/Glints2/dict_0000_0012.uasset" 4416
"../../../Engine/Content/EngineMaterials/Substrate/Glints2/dict_0003_0209.uasset" 4417
"../../../Engine/Content/EngineMaterials/Substrate/Glints2/dict_0000_0131.uasset" 4418
"../../../Engine/Content/EngineMaterials/Substrate/Glints2/dict_0003_0194.uasset" 4419
"../../../Engine/Content/EngineMaterials/Substrate/Glints2/dict_0000_0206.uasset" 4420
"../../../Engine/Content/EngineMaterials/Substrate/Glints2/dict_0003_0236.uasset" 4421
"../../../Engine/Content/EngineMaterials/Substrate/Glints2/dict_0003_0228.uasset" 4422
"../../../Engine/Content/EngineMaterials/Substrate/Glints2/dict_0000_0250.uasset" 4423
"../../../Engine/Content/EngineMaterials/Substrate/Glints2/dict_0004_0033.uasset" 4424
"../../../Engine/Content/EngineMaterials/Substrate/Glints2/dict_0002_0056.uasset" 4425
"../../../Engine/Content/EngineMaterials/Substrate/Glints2/dict_0007_0051.uasset" 4426
"../../../Engine/Content/EngineMaterials/Substrate/Glints2/dict_0005_0081.uasset" 4427
"../../../Engine/Content/EngineMaterials/Substrate/Glints2/dict_0005_0032.uasset" 4428
"../../../Engine/Content/EngineMaterials/Substrate/Glints2/dict_0002_0227.uasset" 4429
"../../../Engine/Content/EngineMaterials/Substrate/Glints2/dict_0001_0236.uasset" 4430
"../../../Engine/Content/EngineMaterials/Substrate/Glints2/dict_0001_0205.uasset" 4431
"../../../Engine/Content/EngineMaterials/Substrate/Glints2/dict_0001_0061.uasset" 4432
"../../../Engine/Content/EngineMaterials/Substrate/Glints2/dict_0000_0245.uasset" 4433
"../../../Engine/Content/EngineMaterials/Substrate/Glints2/dict_0000_0071.uasset" 4434
"../../../Engine/Content/EngineMaterials/Substrate/Glints2/dict_0007_0188.uasset" 4435
"../../../Engine/Content/EngineMaterials/Substrate/Glints2/dict_0007_0167.uasset" 4436
"../../../Engine/Content/EngineMaterials/Substrate/Glints2/dict_0005_0098.uasset" 4437
"../../../Engine/Content/EngineMaterials/Substrate/Glints2/dict_0005_0233.uasset" 4438
"../../../Engine/Content/EngineMaterials/Substrate/Glints2/dict_0006_0255.uasset" 4439
"../../../Engine/Content/EngineMaterials/Substrate/Glints2/dict_0005_0181.uasset" 4440
"../../../Engine/Content/EngineMaterials/Substrate/Glints2/dict_0004_0066.uasset" 4441
"../../../Engine/Content/EngineMaterials/Substrate/Glints2/dict_0003_0240.uasset" 4442
"../../../Engine/Content/EngineMaterials/Substrate/Glints2/dict_0002_0085.uasset" 4443
"../../../Engine/Content/EngineMaterials/Substrate/Glints2/dict_0006_0217.uasset" 4444
"../../../Engine/Content/EngineMaterials/Substrate/Glints2/dict_0006_0090.uasset" 4445
"../../../Engine/Content/EngineMaterials/Substrate/Glints2/dict_0002_0224.uasset" 4446
"../../../Engine/Content/EngineMaterials/Substrate/Glints2/dict_0007_0148.uasset" 4447
"../../../Engine/Content/EngineMaterials/Substrate/Glints2/dict_0006_0188.uasset" 4448
"../../../Engine/Content/EngineMaterials/Substrate/Glints2/dict_0000_0249.uasset" 4449
"../../../Engine/Content/EngineMaterials/Substrate/Glints2/dict_0006_0250.uasset" 4450
"../../../Engine/Content/EngineMaterials/Substrate/Glints2/dict_0005_0014.uasset" 4451
"../../../Engine/Content/EngineMaterials/Substrate/Glints2/dict_0004_0186.uasset" 4452
"../../../Engine/Content/EngineMaterials/Substrate/Glints2/dict_0001_0103.uasset" 4453
"../../../Engine/Content/EngineMaterials/Substrate/Glints2/dict_0006_0233.uasset" 4454
"../../../Engine/Content/EngineMaterials/Substrate/Glints2/dict_0000_0195.uasset" 4455
"../../../Engine/Content/EngineMaterials/Substrate/Glints2/dict_0005_0013.uasset" 4456
"../../../Engine/Content/EngineMaterials/Substrate/Glints2/dict_0001_0202.uasset" 4457
"../../../Engine/Content/EngineMaterials/Substrate/Glints2/dict_0002_0132.uasset" 4458
"../../../Engine/Content/EngineMaterials/Substrate/Glints2/dict_0007_0055.uasset" 4459
"../../../Engine/Content/EngineMaterials/Substrate/Glints2/dict_0006_0153.uasset" 4460
"../../../Engine/Content/EngineMaterials/Substrate/Glints2/dict_0005_0251.uasset" 4461
"../../../Engine/Content/EngineMaterials/Substrate/Glints2/dict_0003_0079.uasset" 4462
"../../../Engine/Content/EngineMaterials/Substrate/Glints2/dict_0000_0111.uasset" 4463
"../../../Engine/Content/EngineMaterials/Substrate/Glints2/dict_0000_0104.uasset" 4464
"../../../Engine/Content/EngineMaterials/Substrate/Glints2/dict_0005_0175.uasset" 4465
"../../../Engine/Content/EngineMaterials/Substrate/Glints2/dict_0004_0136.uasset" 4466
"../../../Engine/Content/EngineMaterials/Substrate/Glints2/dict_0001_0075.uasset" 4467
"../../../Engine/Content/EngineMaterials/Substrate/Glints2/dict_0007_0201.uasset" 4468
"../../../Engine/Content/EngineMaterials/Substrate/Glints2/dict_0006_0221.uasset" 4469
"../../../Engine/Content/EngineMaterials/Substrate/Glints2/dict_0006_0131.uasset" 4470
"../../../Engine/Content/EngineMaterials/Substrate/Glints2/dict_0003_0051.uasset" 4471
"../../../Engine/Content/EngineMaterials/Substrate/Glints2/dict_0000_0058.uasset" 4472
"../../../Engine/Content/EngineMaterials/Substrate/Glints2/dict_0004_0223.uasset" 4473
"../../../Engine/Content/EngineMaterials/Substrate/Glints2/dict_0004_0032.uasset" 4474
"../../../Engine/Content/EngineMaterials/Substrate/Glints2/dict_0003_0155.uasset" 4475
"../../../Engine/Content/EngineMaterials/Substrate/Glints2/dict_0003_0206.uasset" 4476
"../../../Engine/Content/EngineMaterials/Substrate/Glints2/dict_0005_0090.uasset" 4477
"../../../Engine/Content/EngineMaterials/Substrate/Glints2/dict_0004_0085.uasset" 4478
"../../../Engine/Content/EngineMaterials/Substrate/Glints2/dict_0000_0116.uasset" 4479
"../../../Engine/Content/EngineMaterials/Substrate/Glints2/dict_0006_0010.uasset" 4480
"../../../Engine/Content/EngineMaterials/Substrate/Glints2/dict_0006_0169.uasset" 4481
"../../../Engine/Content/EngineMaterials/Substrate/Glints2/dict_0006_0154.uasset" 4482
"../../../Engine/Content/EngineMaterials/Substrate/Glints2/dict_0006_0060.uasset" 4483
"../../../Engine/Content/EngineMaterials/Substrate/Glints2/dict_0003_0147.uasset" 4484
"../../../Engine/Content/EngineMaterials/Substrate/Glints2/dict_0002_0082.uasset" 4485
"../../../Engine/Content/EngineMaterials/Substrate/Glints2/dict_0007_0156.uasset" 4486
"../../../Engine/Content/EngineMaterials/Substrate/Glints2/dict_0007_0145.uasset" 4487
"../../../Engine/Content/EngineMaterials/Substrate/Glints2/dict_0006_0197.uasset" 4488
"../../../Engine/Content/EngineMaterials/Substrate/Glints2/dict_0005_0157.uasset" 4489
"../../../Engine/Content/EngineMaterials/Substrate/Glints2/dict_0005_0178.uasset" 4490
"../../../Engine/Content/EngineMaterials/Substrate/Glints2/dict_0003_0150.uasset" 4491
"../../../Engine/Content/EngineMaterials/Substrate/Glints2/dict_0006_0048.uasset" 4492
"../../../Engine/Content/EngineMaterials/Substrate/Glints2/dict_0004_0101.uasset" 4493
"../../../Engine/Content/EngineMaterials/Substrate/Glints2/dict_0003_0211.uasset" 4494
"../../../Engine/Content/EngineMaterials/Substrate/Glints2/dict_0003_0031.uasset" 4495
"../../../Engine/Content/EngineMaterials/Substrate/Glints2/dict_0007_0160.uasset" 4496
"../../../Engine/Content/EngineMaterials/Substrate/Glints2/dict_0007_0120.uasset" 4497
"../../../Engine/Content/EngineMaterials/Substrate/Glints2/dict_0005_0235.uasset" 4498
"../../../Engine/Content/EngineMaterials/Substrate/Glints2/dict_0003_0141.uasset" 4499
"../../../Engine/Content/EngineMaterials/Substrate/Glints2/dict_0001_0069.uasset" 4500
"../../../Engine/Content/EngineMaterials/Substrate/Glints2/dict_0007_0231.uasset" 4501
"../../../Engine/Content/EngineMaterials/Substrate/Glints2/dict_0007_0075.uasset" 4502
"../../../Engine/Content/EngineMaterials/Substrate/Glints2/dict_0000_0050.uasset" 4503
"../../../Engine/Content/EngineMaterials/Substrate/Glints2/dict_0005_0215.uasset" 4504
"../../../Engine/Content/EngineMaterials/Substrate/Glints2/dict_0004_0065.uasset" 4505
"../../../Engine/Content/EngineMaterials/Substrate/Glints2/dict_0001_0251.uasset" 4506
"../../../Engine/Content/EngineMaterials/Substrate/Glints2/dict_0005_0145.uasset" 4507
"../../../Engine/Content/EngineMaterials/Substrate/Glints2/dict_0003_0106.uasset" 4508
"../../../Engine/Content/EngineMaterials/Substrate/Glints2/dict_0007_0092.uasset" 4509
"../../../Engine/Content/EngineMaterials/Substrate/Glints2/dict_0006_0067.uasset" 4510
"../../../Engine/Content/EngineMaterials/Substrate/Glints2/dict_0005_0140.uasset" 4511
"../../../Engine/Content/EngineMaterials/Substrate/Glints2/dict_0002_0055.uasset" 4512
"../../../Engine/Content/EngineMaterials/Substrate/Glints2/dict_0001_0130.uasset" 4513
"../../../Engine/Content/EngineMaterials/Substrate/Glints2/dict_0003_0254.uasset" 4514
"../../../Engine/Content/EngineMaterials/Substrate/Glints2/dict_0004_0200.uasset" 4515
"../../../Engine/Content/EngineMaterials/Substrate/Glints2/dict_0004_0187.uasset" 4516
"../../../Engine/Content/EngineMaterials/Substrate/Glints2/dict_0001_0014.uasset" 4517
"../../../Engine/Content/EngineMaterials/Substrate/Glints2/dict_0005_0248.uasset" 4518
"../../../Engine/Content/EngineMaterials/Substrate/Glints2/dict_0005_0124.uasset" 4519
"../../../Engine/Content/EngineMaterials/Substrate/Glints2/dict_0004_0221.uasset" 4520
"../../../Engine/Content/EngineMaterials/Substrate/Glints2/dict_0000_0130.uasset" 4521
"../../../Engine/Content/EngineMaterials/Substrate/Glints2/dict_0002_0111.uasset" 4522
"../../../Engine/Content/EngineMaterials/Substrate/Glints2/dict_0000_0127.uasset" 4523
"../../../Engine/Content/EngineMaterials/Substrate/Glints2/dict_0006_0214.uasset" 4524
"../../../Engine/Content/EngineMaterials/Substrate/Glints2/dict_0005_0208.uasset" 4525
"../../../Engine/Content/EngineMaterials/Substrate/Glints2/dict_0002_0222.uasset" 4526
"../../../Engine/Content/EngineMaterials/Substrate/Glints2/dict_0002_0046.uasset" 4527
"../../../Engine/Content/EngineMaterials/Substrate/Glints2/dict_0005_0229.uasset" 4528
"../../../Engine/Content/EngineMaterials/Substrate/Glints2/dict_0003_0146.uasset" 4529
"../../../Engine/Content/EngineMaterials/Substrate/Glints2/dict_0003_0113.uasset" 4530
"../../../Engine/Content/EngineMaterials/Substrate/Glints2/dict_0005_0089.uasset" 4531
"../../../Engine/Content/EngineMaterials/Substrate/Glints2/dict_0003_0089.uasset" 4532
"../../../Engine/Content/EngineMaterials/Substrate/Glints2/dict_0001_0120.uasset" 4533
"../../../Engine/Content/EngineMaterials/Substrate/Glints2/dict_0001_0174.uasset" 4534
"../../../Engine/Content/EngineMaterials/Substrate/Glints2/dict_0006_0196.uasset" 4535
"../../../Engine/Content/EngineMaterials/Substrate/Glints2/dict_0005_0139.uasset" 4536
"../../../Engine/Content/EngineMaterials/Substrate/Glints2/dict_0006_0242.uasset" 4537
"../../../Engine/Content/EngineMaterials/Substrate/Glints2/dict_0005_0114.uasset" 4538
"../../../Engine/Content/EngineMaterials/Substrate/Glints2/dict_0004_0013.uasset" 4539
"../../../Engine/Content/EngineMaterials/Substrate/Glints2/dict_0003_0213.uasset" 4540
"../../../Engine/Content/EngineMaterials/Substrate/Glints2/dict_0002_0143.uasset" 4541
"../../../Engine/Content/EngineMaterials/Substrate/Glints2/dict_0004_0216.uasset" 4542
"../../../Engine/Content/EngineMaterials/Substrate/Glints2/dict_0003_0086.uasset" 4543
"../../../Engine/Content/EngineMaterials/Substrate/Glints2/dict_0000_0170.uasset" 4544
"../../../Engine/Content/EngineMaterials/Substrate/Glints2/dict_0007_0127.uasset" 4545
"../../../Engine/Content/EngineMaterials/Substrate/Glints2/dict_0006_0135.uasset" 4546
"../../../Engine/Content/EngineMaterials/Substrate/Glints2/dict_0004_0193.uasset" 4547
"../../../Engine/Content/EngineMaterials/Substrate/Glints2/dict_0004_0111.uasset" 4548
"../../../Engine/Content/EngineMaterials/Substrate/Glints2/dict_0003_0159.uasset" 4549
"../../../Engine/Content/EngineMaterials/Substrate/Glints2/dict_0001_0128.uasset" 4550
"../../../Engine/Content/EngineMaterials/Substrate/Glints2/dict_0000_0022.uasset" 4551
"../../../Engine/Content/EngineMaterials/Substrate/Glints2/dict_0007_0069.uasset" 4552
"../../../Engine/Content/EngineMaterials/Substrate/Glints2/dict_0006_0041.uasset" 4553
"../../../Engine/Content/EngineMaterials/Substrate/Glints2/dict_0001_0161.uasset" 4554
"../../../Engine/Content/EngineMaterials/Substrate/Glints2/dict_0005_0132.uasset" 4555
"../../../Engine/Content/EngineMaterials/Substrate/Glints2/dict_0002_0174.uasset" 4556
"../../../Engine/Content/EngineMaterials/Substrate/Glints2/dict_0000_0221.uasset" 4557
"../../../Engine/Content/EngineMaterials/Substrate/Glints2/dict_0007_0090.uasset" 4558
"../../../Engine/Content/EngineMaterials/Substrate/Glints2/dict_0005_0066.uasset" 4559
"../../../Engine/Content/EngineMaterials/Substrate/Glints2/dict_0002_0202.uasset" 4560
"../../../Engine/Content/EngineMaterials/Substrate/Glints2/dict_0002_0245.uasset" 4561
"../../../Engine/Content/EngineMaterials/Substrate/Glints2/dict_0000_0150.uasset" 4562
"../../../Engine/Content/EngineMaterials/Substrate/Glints2/dict_0004_0142.uasset" 4563
"../../../Engine/Content/EngineMaterials/Substrate/Glints2/dict_0001_0065.uasset" 4564
"../../../Engine/Content/EngineMaterials/Substrate/Glints2/dict_0005_0069.uasset" 4565
"../../../Engine/Content/EngineMaterials/Substrate/Glints2/dict_0000_0067.uasset" 4566
"../../../Engine/Content/EngineMaterials/Substrate/Glints2/dict_0006_0074.uasset" 4567
"../../../Engine/Content/EngineMaterials/Substrate/Glints2/dict_0001_0016.uasset" 4568
"../../../Engine/Content/EngineMaterials/Substrate/Glints2/dict_0004_0175.uasset" 4569
"../../../Engine/Content/EngineMaterials/Substrate/Glints2/dict_0005_0212.uasset" 4570
"../../../Engine/Content/EngineMaterials/Substrate/Glints2/dict_0004_0239.uasset" 4571
"../../../Engine/Content/EngineMaterials/Substrate/Glints2/dict_0001_0126.uasset" 4572
"../../../Engine/Content/EngineMaterials/Substrate/Glints2/dict_0000_0202.uasset" 4573
"../../../Engine/Content/EngineMaterials/Substrate/Glints2/dict_0007_0037.uasset" 4574
"../../../Engine/Content/EngineMaterials/Substrate/Glints2/dict_0007_0018.uasset" 4575
"../../../Engine/Content/EngineMaterials/Substrate/Glints2/dict_0001_0132.uasset" 4576
"../../../Engine/Content/EngineMaterials/Substrate/Glints2/dict_0001_0088.uasset" 4577
"../../../Engine/Content/EngineMaterials/Substrate/Glints2/dict_0003_0048.uasset" 4578
"../../../Engine/Content/EngineMaterials/Substrate/Glints2/dict_0005_0165.uasset" 4579
"../../../Engine/Content/EngineMaterials/Substrate/Glints2/dict_0005_0043.uasset" 4580
"../../../Engine/Content/EngineMaterials/Substrate/Glints2/dict_0001_0086.uasset" 4581
"../../../Engine/Content/EngineMaterials/Substrate/Glints2/dict_0006_0152.uasset" 4582
"../../../Engine/Content/EngineMaterials/Substrate/Glints2/dict_0004_0025.uasset" 4583
"../../../Engine/Content/EngineMaterials/Substrate/Glints2/dict_0006_0012.uasset" 4584
"../../../Engine/Content/EngineMaterials/Substrate/Glints2/dict_0005_0026.uasset" 4585
"../../../Engine/Content/EngineMaterials/Substrate/Glints2/dict_0000_0183.uasset" 4586
"../../../Engine/Content/EngineMaterials/Substrate/Glints2/dict_0002_0068.uasset" 4587
"../../../Engine/Content/EngineMaterials/Substrate/Glints2/dict_0005_0226.uasset" 4588
"../../../Engine/Content/EngineMaterials/Substrate/Glints2/dict_0005_0197.uasset" 4589
"../../../Engine/Content/EngineMaterials/Substrate/Glints2/dict_0003_0227.uasset" 4590
"../../../Engine/Content/EngineMaterials/Substrate/Glints2/dict_0003_0040.uasset" 4591
"../../../Engine/Content/EngineMaterials/Substrate/Glints2/dict_0006_0128.uasset" 4592
"../../../Engine/Content/EngineMaterials/Substrate/Glints2/dict_0001_0013.uasset" 4593
"../../../Engine/Content/EngineMaterials/Substrate/Glints2/dict_0004_0245.uasset" 4594
"../../../Engine/Content/EngineMaterials/Substrate/Glints2/dict_0002_0169.uasset" 4595
"../../../Engine/Content/EngineMaterials/Substrate/Glints2/dict_0005_0023.uasset" 4596
"../../../Engine/Content/EngineMaterials/Substrate/Glints2/dict_0007_0161.uasset" 4597
"../../../Engine/Content/EngineMaterials/Substrate/Glints2/dict_0006_0157.uasset" 4598
"../../../Engine/Content/EngineMaterials/Substrate/Glints2/dict_0002_0102.uasset" 4599
"../../../Engine/Content/EngineMaterials/Substrate/Glints2/dict_0004_0024.uasset" 4600
"../../../Engine/Content/EngineMaterials/Substrate/Glints2/dict_0006_0142.uasset" 4601
"../../../Engine/Content/EngineMaterials/Substrate/Glints2/dict_0006_0105.uasset" 4602
"../../../Engine/Content/EngineMaterials/Substrate/Glints2/dict_0005_0002.uasset" 4603
"../../../Engine/Content/EngineMaterials/Substrate/Glints2/dict_0002_0209.uasset" 4604
"../../../Engine/Content/EngineMaterials/Substrate/Glints2/dict_0002_0243.uasset" 4605
"../../../Engine/Content/EngineMaterials/Substrate/Glints2/dict_0000_0255.uasset" 4606
"../../../Engine/Content/EngineMaterials/Substrate/Glints2/dict_0000_0149.uasset" 4607
"../../../Engine/Content/EngineMaterials/Substrate/Glints2/dict_0004_0070.uasset" 4608
"../../../Engine/Content/EngineMaterials/Substrate/Glints2/dict_0003_0019.uasset" 4609
"../../../Engine/Content/EngineMaterials/Substrate/Glints2/dict_0002_0100.uasset" 4610
"../../../Engine/Content/EngineMaterials/Substrate/Glints2/dict_0002_0062.uasset" 4611
"../../../Engine/Content/EngineMaterials/Substrate/Glints2/dict_0004_0195.uasset" 4612
"../../../Engine/Content/EngineMaterials/Substrate/Glints2/dict_0004_0082.uasset" 4613
"../../../Engine/Content/EngineMaterials/Substrate/Glints2/dict_0003_0026.uasset" 4614
"../../../Engine/Content/EngineMaterials/Substrate/Glints2/dict_0002_0040.uasset" 4615
"../../../Engine/Content/EngineMaterials/Substrate/Glints2/dict_0004_0165.uasset" 4616
"../../../Engine/Content/EngineMaterials/Substrate/Glints2/dict_0002_0211.uasset" 4617
"../../../Engine/Content/EngineMaterials/Substrate/Glints2/dict_0001_0066.uasset" 4618
"../../../Engine/Content/EngineMaterials/Substrate/Glints2/dict_0005_0099.uasset" 4619
"../../../Engine/Content/EngineMaterials/Substrate/Glints2/dict_0004_0039.uasset" 4620
"../../../Engine/Content/EngineMaterials/Substrate/Glints2/dict_0002_0019.uasset" 4621
"../../../Engine/Content/EngineMaterials/Substrate/Glints2/dict_0004_0134.uasset" 4622
"../../../Engine/Content/EngineMaterials/Substrate/Glints2/dict_0003_0091.uasset" 4623
"../../../Engine/Content/EngineMaterials/Substrate/Glints2/dict_0001_0184.uasset" 4624
"../../../Engine/Content/EngineMaterials/Substrate/Glints2/dict_0001_0090.uasset" 4625
"../../../Engine/Content/EngineMaterials/Substrate/Glints2/dict_0006_0208.uasset" 4626
"../../../Engine/Content/EngineMaterials/Substrate/Glints2/dict_0003_0061.uasset" 4627
"../../../Engine/Content/EngineMaterials/Substrate/Glints2/dict_0002_0203.uasset" 4628
"../../../Engine/Content/EngineMaterials/Substrate/Glints2/dict_0006_0232.uasset" 4629
"../../../Engine/Content/EngineMaterials/Substrate/Glints2/dict_0004_0114.uasset" 4630
"../../../Engine/Content/EngineMaterials/Substrate/Glints2/dict_0003_0226.uasset" 4631
"../../../Engine/Content/EngineMaterials/Substrate/Glints2/dict_0002_0157.uasset" 4632
"../../../Engine/Content/EngineMaterials/Substrate/Glints2/dict_0006_0117.uasset" 4633
"../../../Engine/Content/EngineMaterials/Substrate/Glints2/dict_0004_0159.uasset" 4634
"../../../Engine/Content/EngineMaterials/Substrate/Glints2/dict_0007_0081.uasset" 4635
"../../../Engine/Content/EngineMaterials/Substrate/Glints2/dict_0007_0197.uasset" 4636
"../../../Engine/Content/EngineMaterials/Substrate/Glints2/dict_0007_0101.uasset" 4637
"../../../Engine/Content/EngineMaterials/Substrate/Glints2/dict_0000_0173.uasset" 4638
"../../../Engine/Content/EngineMaterials/Substrate/Glints2/dict_0004_0198.uasset" 4639
"../../../Engine/Content/EngineMaterials/Substrate/Glints2/dict_0005_0082.uasset" 4640
"../../../Engine/Content/EngineMaterials/Substrate/Glints2/dict_0007_0235.uasset" 4641
"../../../Engine/Content/EngineMaterials/Substrate/Glints2/dict_0000_0146.uasset" 4642
"../../../Engine/Content/EngineMaterials/Substrate/Glints2/dict_0001_0140.uasset" 4643
"../../../Engine/Content/EngineMaterials/Substrate/Glints2/dict_0000_0238.uasset" 4644
"../../../Engine/Content/EngineMaterials/Substrate/Glints2/dict_0002_0170.uasset" 4645
"../../../Engine/Content/EngineMaterials/Substrate/Glints2/dict_0002_0114.uasset" 4646
"../../../Engine/Content/EngineMaterials/Substrate/Glints2/dict_0007_0200.uasset" 4647
"../../../Engine/Content/EngineMaterials/Substrate/Glints2/dict_0005_0159.uasset" 4648
"../../../Engine/Content/EngineMaterials/Substrate/Glints2/dict_0005_0101.uasset" 4649
"../../../Engine/Content/EngineMaterials/Substrate/Glints2/dict_0005_0011.uasset" 4650
"../../../Engine/Content/EngineMaterials/Substrate/Glints2/dict_0004_0005.uasset" 4651
"../../../Engine/Content/EngineMaterials/Substrate/Glints2/dict_0003_0212.uasset" 4652
"../../../Engine/Content/EngineMaterials/Substrate/Glints2/dict_0001_0242.uasset" 4653
"../../../Engine/Content/EngineMaterials/Substrate/Glints2/dict_0001_0169.uasset" 4654
"../../../Engine/Content/EngineMaterials/Substrate/Glints2/dict_0000_0191.uasset" 4655
"../../../Engine/Content/EngineMaterials/Substrate/Glints2/dict_0000_0137.uasset" 4656
"../../../Engine/Content/EngineMaterials/Substrate/Glints2/dict_0006_0162.uasset" 4657
"../../../Engine/Content/EngineMaterials/Substrate/Glints2/dict_0003_0012.uasset" 4658
"../../../Engine/Content/EngineMaterials/Substrate/Glints2/dict_0001_0255.uasset" 4659
"../../../Engine/Content/EngineMaterials/Substrate/Glints2/dict_0006_0110.uasset" 4660
"../../../Engine/Content/EngineMaterials/Substrate/Glints2/dict_0005_0079.uasset" 4661
"../../../Engine/Content/EngineMaterials/Substrate/Glints2/dict_0003_0131.uasset" 4662
"../../../Engine/Content/EngineMaterials/Substrate/Glints2/dict_0002_0151.uasset" 4663
"../../../Engine/Content/EngineMaterials/Substrate/Glints2/dict_0005_0051.uasset" 4664
"../../../Engine/Content/EngineMaterials/Substrate/Glints2/dict_0005_0029.uasset" 4665
"../../../Engine/Content/EngineMaterials/Substrate/Glints2/dict_0001_0172.uasset" 4666
"../../../Engine/Content/EngineMaterials/Substrate/Glints2/dict_0000_0148.uasset" 4667
"../../../Engine/Content/EngineMaterials/Substrate/Glints2/dict_0006_0201.uasset" 4668
"../../../Engine/Content/EngineMaterials/Substrate/Glints2/dict_0004_0141.uasset" 4669
"../../../Engine/Content/EngineMaterials/Substrate/Glints2/dict_0001_0211.uasset" 4670
"../../../Engine/Content/EngineMaterials/Substrate/Glints2/dict_0007_0150.uasset" 4671
"../../../Engine/Content/EngineMaterials/Substrate/Glints2/dict_0001_0252.uasset" 4672
"../../../Engine/Content/EngineMaterials/Substrate/Glints2/dict_0001_0240.uasset" 4673
"../../../Engine/Content/EngineMaterials/Substrate/Glints2/dict_0001_0079.uasset" 4674
"../../../Engine/Content/EngineMaterials/Substrate/Glints2/dict_0004_0026.uasset" 4675
"../../../Engine/Content/EngineMaterials/Substrate/Glints2/dict_0000_0157.uasset" 4676
"../../../Engine/Content/EngineMaterials/Substrate/Glints2/dict_0003_0233.uasset" 4677
"../../../Engine/Content/EngineMaterials/Substrate/Glints2/dict_0005_0096.uasset" 4678
"../../../Engine/Content/EngineMaterials/Substrate/Glints2/dict_0005_0059.uasset" 4679
"../../../Engine/Content/EngineMaterials/Substrate/Glints2/dict_0001_0099.uasset" 4680
"../../../Engine/Content/EngineMaterials/Substrate/Glints2/dict_0005_0115.uasset" 4681
"../../../Engine/Content/EngineMaterials/Substrate/Glints2/dict_0002_0213.uasset" 4682
"../../../Engine/Content/EngineMaterials/Substrate/Glints2/dict_0006_0175.uasset" 4683
"../../../Engine/Content/EngineMaterials/Substrate/Glints2/dict_0005_0167.uasset" 4684
"../../../Engine/Content/EngineMaterials/Substrate/Glints2/dict_0003_0246.uasset" 4685
"../../../Engine/Content/EngineMaterials/Substrate/Glints2/dict_0007_0177.uasset" 4686
"../../../Engine/Content/EngineMaterials/Substrate/Glints2/dict_0006_0009.uasset" 4687
"../../../Engine/Content/EngineMaterials/Substrate/Glints2/dict_0000_0198.uasset" 4688
"../../../Engine/Content/EngineMaterials/Substrate/Glints2/dict_0004_0001.uasset" 4689
"../../../Engine/Content/EngineMaterials/Substrate/Glints2/dict_0003_0032.uasset" 4690
"../../../Engine/Content/EngineMaterials/Substrate/Glints2/dict_0002_0207.uasset" 4691
"../../../Engine/Content/EngineMaterials/Substrate/Glints2/dict_0005_0104.uasset" 4692
"../../../Engine/Content/EngineMaterials/Substrate/Glints2/dict_0003_0171.uasset" 4693
"../../../Engine/Content/EngineMaterials/Substrate/Glints2/dict_0003_0021.uasset" 4694
"../../../Engine/Content/EngineMaterials/Substrate/Glints2/dict_0002_0017.uasset" 4695
"../../../Engine/Content/EngineMaterials/Substrate/Glints2/dict_0007_0061.uasset" 4696
"../../../Engine/Content/EngineMaterials/Substrate/Glints2/dict_0006_0189.uasset" 4697
"../../../Engine/Content/EngineMaterials/Substrate/Glints2/dict_0003_0164.uasset" 4698
"../../../Engine/Content/EngineMaterials/Substrate/Glints2/dict_0004_0121.uasset" 4699
"../../../Engine/Content/EngineMaterials/Substrate/Glints2/dict_0007_0143.uasset" 4700
"../../../Engine/Content/EngineMaterials/Substrate/Glints2/dict_0000_0192.uasset" 4701
"../../../Engine/Content/EngineMaterials/Substrate/Glints2/dict_0003_0199.uasset" 4702
"../../../Engine/Content/EngineMaterials/Substrate/Glints2/dict_0003_0176.uasset" 4703
"../../../Engine/Content/EngineMaterials/Substrate/Glints2/dict_0002_0179.uasset" 4704
"../../../Engine/Content/EngineMaterials/Substrate/Glints2/dict_0005_0012.uasset" 4705
"../../../Engine/Content/EngineMaterials/Substrate/Glints2/dict_0002_0193.uasset" 4706
"../../../Engine/Content/EngineMaterials/Substrate/Glints2/dict_0002_0187.uasset" 4707
"../../../Engine/Content/EngineMaterials/Substrate/Glints2/dict_0001_0241.uasset" 4708
"../../../Engine/Content/EngineMaterials/Substrate/Glints2/dict_0001_0234.uasset" 4709
"../../../Engine/Content/EngineMaterials/Substrate/Glints2/dict_0006_0084.uasset" 4710
"../../../Engine/Content/EngineMaterials/Substrate/Glints2/dict_0005_0171.uasset" 4711
"../../../Engine/Content/EngineMaterials/Substrate/Glints2/dict_0001_0003.uasset" 4712
"../../../Engine/Content/EngineMaterials/Substrate/Glints2/dict_0005_0020.uasset" 4713
"../../../Engine/Content/EngineMaterials/Substrate/Glints2/dict_0007_0129.uasset" 4714
"../../../Engine/Content/EngineMaterials/Substrate/Glints2/dict_0003_0154.uasset" 4715
"../../../Engine/Content/EngineMaterials/Substrate/Glints2/dict_0001_0055.uasset" 4716
"../../../Engine/Content/EngineMaterials/Substrate/Glints2/dict_0006_0192.uasset" 4717
"../../../Engine/Content/EngineMaterials/Substrate/Glints2/dict_0003_0005.uasset" 4718
"../../../Engine/Content/EngineMaterials/Substrate/Glints2/dict_0001_0185.uasset" 4719
"../../../Engine/Content/EngineMaterials/Substrate/Glints2/dict_0001_0080.uasset" 4720
"../../../Engine/Content/EngineMaterials/Substrate/Glints2/dict_0003_0237.uasset" 4721
"../../../Engine/Content/EngineMaterials/Substrate/Glints2/dict_0003_0203.uasset" 4722
"../../../Engine/Content/EngineMaterials/Substrate/Glints2/dict_0003_0092.uasset" 4723
"../../../Engine/Content/EngineMaterials/Substrate/Glints2/dict_0002_0147.uasset" 4724
"../../../Engine/Content/EngineMaterials/Substrate/Glints2/dict_0002_0134.uasset" 4725
"../../../Engine/Content/EngineMaterials/Substrate/Glints2/dict_0006_0081.uasset" 4726
"../../../Engine/Content/EngineMaterials/Substrate/Glints2/dict_0003_0183.uasset" 4727
"../../../Engine/Content/EngineMaterials/Substrate/Glints2/dict_0005_0207.uasset" 4728
"../../../Engine/Content/EngineMaterials/Substrate/Glints2/dict_0005_0184.uasset" 4729
"../../../Engine/Content/EngineMaterials/Substrate/Glints2/dict_0007_0204.uasset" 4730
"../../../Engine/Content/EngineMaterials/Substrate/Glints2/dict_0007_0023.uasset" 4731
"../../../Engine/Content/EngineMaterials/Substrate/Glints2/dict_0004_0246.uasset" 4732
"../../../Engine/Content/EngineMaterials/Substrate/Glints2/dict_0003_0169.uasset" 4733
"../../../Engine/Content/EngineMaterials/Substrate/Glints2/dict_0002_0108.uasset" 4734
"../../../Engine/Content/EngineMaterials/Substrate/Glints2/dict_0007_0187.uasset" 4735
"../../../Engine/Content/EngineMaterials/Substrate/Glints2/dict_0007_0086.uasset" 4736
"../../../Engine/Content/EngineMaterials/Substrate/Glints2/dict_0000_0029.uasset" 4737
"../../../Engine/Content/EngineMaterials/Substrate/Glints2/dict_0002_0092.uasset" 4738
"../../../Engine/Content/EngineMaterials/Substrate/Glints2/dict_0004_0058.uasset" 4739
"../../../Engine/Content/EngineMaterials/Substrate/Glints2/dict_0004_0215.uasset" 4740
"../../../Engine/Content/EngineMaterials/Substrate/Glints2/dict_0007_0062.uasset" 4741
"../../../Engine/Content/EngineMaterials/Substrate/Glints2/dict_0005_0067.uasset" 4742
"../../../Engine/Content/EngineMaterials/Substrate/Glints2/dict_0006_0098.uasset" 4743
"../../../Engine/Content/EngineMaterials/Substrate/Glints2/dict_0004_0179.uasset" 4744
"../../../Engine/Content/EngineMaterials/Substrate/Glints2/dict_0003_0119.uasset" 4745
"../../../Engine/Content/EngineMaterials/Substrate/Glints2/dict_0000_0153.uasset" 4746
"../../../Engine/Content/EngineMaterials/Substrate/Glints2/dict_0007_0199.uasset" 4747
"../../../Engine/Content/EngineMaterials/Substrate/Glints2/dict_0007_0185.uasset" 4748
"../../../Engine/Content/EngineMaterials/Substrate/Glints2/dict_0004_0052.uasset" 4749
"../../../Engine/Content/EngineMaterials/Substrate/Glints2/dict_0004_0028.uasset" 4750
"../../../Engine/Content/EngineMaterials/Substrate/Glints2/dict_0003_0088.uasset" 4751
"../../../Engine/Content/EngineMaterials/Substrate/Glints2/dict_0000_0175.uasset" 4752
"../../../Engine/Content/EngineMaterials/Substrate/Glints2/dict_0004_0242.uasset" 4753
"../../../Engine/Content/EngineMaterials/Substrate/Glints2/dict_0006_0176.uasset" 4754
"../../../Engine/Content/EngineMaterials/Substrate/Glints2/dict_0006_0043.uasset" 4755
"../../../Engine/Content/EngineMaterials/Substrate/Glints2/dict_0001_0190.uasset" 4756
"../../../Engine/Content/EngineMaterials/Substrate/Glints2/dict_0005_0220.uasset" 4757
"../../../Engine/Content/EngineMaterials/Substrate/Glints2/dict_0002_0014.uasset" 4758
"../../../Engine/Content/EngineMaterials/Substrate/Glints2/dict_0004_0074.uasset" 4759
"../../../Engine/Content/EngineMaterials/Substrate/Glints2/dict_0006_0219.uasset" 4760
"../../../Engine/Content/EngineMaterials/Substrate/Glints2/dict_0001_0232.uasset" 4761
"../../../Engine/Content/EngineMaterials/Substrate/Glints2/dict_0001_0124.uasset" 4762
"../../../Engine/Content/EngineMaterials/Substrate/Glints2/dict_0000_0246.uasset" 4763
"../../../Engine/Content/EngineMaterials/Substrate/Glints2/dict_0000_0189.uasset" 4764
"../../../Engine/Content/EngineMaterials/Substrate/Glints2/dict_0004_0190.uasset" 4765
"../../../Engine/Content/EngineMaterials/Substrate/Glints2/dict_0004_0157.uasset" 4766
"../../../Engine/Content/EngineMaterials/Substrate/Glints2/dict_0002_0098.uasset" 4767
"../../../Engine/Content/EngineMaterials/Substrate/Glints2/dict_0002_0066.uasset" 4768
"../../../Engine/Content/EngineMaterials/Substrate/Glints2/dict_0003_0205.uasset" 4769
"../../../Engine/Content/EngineMaterials/Substrate/Glints2/dict_0002_0171.uasset" 4770
"../../../Engine/Content/EngineMaterials/Substrate/Glints2/dict_0001_0133.uasset" 4771
"../../../Engine/Content/EngineMaterials/Substrate/Glints2/dict_0004_0205.uasset" 4772
"../../../Engine/Content/EngineMaterials/Substrate/Glints2/dict_0007_0168.uasset" 4773
"../../../Engine/Content/EngineMaterials/Substrate/Glints2/dict_0007_0117.uasset" 4774
"../../../Engine/Content/EngineMaterials/Substrate/Glints2/dict_0006_0089.uasset" 4775
"../../../Engine/Content/EngineMaterials/Substrate/Glints2/dict_0005_0211.uasset" 4776
"../../../Engine/Content/EngineMaterials/Substrate/Glints2/dict_0004_0174.uasset" 4777
"../../../Engine/Content/EngineMaterials/Substrate/Glints2/dict_0006_0204.uasset" 4778
"../../../Engine/Content/EngineMaterials/Substrate/Glints2/dict_0000_0107.uasset" 4779
"../../../Engine/Content/EngineMaterials/Substrate/Glints2/dict_0002_0039.uasset" 4780
"../../../Engine/Content/EngineMaterials/Substrate/Glints2/dict_0001_0122.uasset" 4781
"../../../Engine/Content/EngineMaterials/Substrate/Glints2/dict_0001_0105.uasset" 4782
"../../../Engine/Content/EngineMaterials/Substrate/Glints2/dict_0007_0026.uasset" 4783
"../../../Engine/Content/EngineMaterials/Substrate/Glints2/dict_0006_0222.uasset" 4784
"../../../Engine/Content/EngineMaterials/Substrate/Glints2/dict_0001_0150.uasset" 4785
"../../../Engine/Content/EngineMaterials/Substrate/Glints2/dict_0005_0077.uasset" 4786
"../../../Engine/Content/EngineMaterials/Substrate/Glints2/dict_0005_0036.uasset" 4787
"../../../Engine/Content/EngineMaterials/Substrate/Glints2/dict_0005_0085.uasset" 4788
"../../../Engine/Content/EngineMaterials/Substrate/Glints2/dict_0004_0122.uasset" 4789
"../../../Engine/Content/EngineMaterials/Substrate/Glints2/dict_0001_0235.uasset" 4790
"../../../Engine/Content/EngineMaterials/Substrate/Glints2/dict_0002_0051.uasset" 4791
"../../../Engine/Content/EngineMaterials/Substrate/Glints2/dict_0006_0225.uasset" 4792
"../../../Engine/Content/EngineMaterials/Substrate/Glints2/dict_0006_0183.uasset" 4793
"../../../Engine/Content/EngineMaterials/Substrate/Glints2/dict_0006_0022.uasset" 4794
"../../../Engine/Content/EngineMaterials/Substrate/Glints2/dict_0003_0163.uasset" 4795
"../../../Engine/Content/EngineMaterials/Substrate/Glints2/dict_0004_0237.uasset" 4796
"../../../Engine/Content/EngineMaterials/Substrate/Glints2/dict_0005_0003.uasset" 4797
"../../../Engine/Content/EngineMaterials/Substrate/Glints2/dict_0001_0197.uasset" 4798
"../../../Engine/Content/EngineMaterials/Substrate/Glints2/dict_0004_0009.uasset" 4799
"../../../Engine/Content/EngineMaterials/Substrate/Glints2/dict_0002_0185.uasset" 4800
"../../../Engine/Content/EngineMaterials/Substrate/Glints2/dict_0001_0164.uasset" 4801
"../../../Engine/Content/EngineMaterials/Substrate/Glints2/dict_0004_0168.uasset" 4802
"../../../Engine/Content/EngineMaterials/Substrate/Glints2/dict_0002_0050.uasset" 4803
"../../../Engine/Content/EngineMaterials/Substrate/Glints2/dict_0007_0059.uasset" 4804
"../../../Engine/Content/EngineMaterials/Substrate/Glints2/dict_0004_0169.uasset" 4805
"../../../Engine/Content/EngineMaterials/Substrate/Glints2/dict_0003_0232.uasset" 4806
"../../../Engine/Content/EngineMaterials/Substrate/Glints2/dict_0002_0141.uasset" 4807
"../../../Engine/Content/EngineMaterials/Substrate/Glints2/dict_0004_0199.uasset" 4808
"../../../Engine/Content/EngineMaterials/Substrate/Glints2/dict_0004_0164.uasset" 4809
"../../../Engine/Content/EngineMaterials/Substrate/Glints2/dict_0004_0061.uasset" 4810
"../../../Engine/Content/EngineMaterials/Substrate/Glints2/dict_0007_0040.uasset" 4811
"../../../Engine/Content/EngineMaterials/Substrate/Glints2/dict_0007_0028.uasset" 4812
"../../../Engine/Content/EngineMaterials/Substrate/Glints2/dict_0005_0230.uasset" 4813
"../../../Engine/Content/EngineMaterials/Substrate/Glints2/dict_0002_0146.uasset" 4814
"../../../Engine/Content/EngineMaterials/Substrate/Glints2/dict_0001_0170.uasset" 4815
"../../../Engine/Content/EngineMaterials/Substrate/Glints2/dict_0007_0049.uasset" 4816
"../../../Engine/Content/EngineMaterials/Substrate/Glints2/dict_0006_0223.uasset" 4817
"../../../Engine/Content/EngineMaterials/Substrate/Glints2/dict_0005_0253.uasset" 4818
"../../../Engine/Content/EngineMaterials/Substrate/Glints2/dict_0005_0199.uasset" 4819
"../../../Engine/Content/EngineMaterials/Substrate/Glints2/dict_0002_0012.uasset" 4820
"../../../Engine/Content/EngineMaterials/Substrate/Glints2/dict_0006_0008.uasset" 4821
"../../../Engine/Content/EngineMaterials/Substrate/Glints2/dict_0007_0202.uasset" 4822
"../../../Engine/Content/EngineMaterials/Substrate/Glints2/dict_0007_0110.uasset" 4823
"../../../Engine/Content/EngineMaterials/Substrate/Glints2/dict_0006_0072.uasset" 4824
"../../../Engine/Content/EngineMaterials/Substrate/Glints2/dict_0003_0214.uasset" 4825
"../../../Engine/Content/EngineMaterials/Substrate/Glints2/dict_0003_0078.uasset" 4826
"../../../Engine/Content/EngineMaterials/Substrate/Glints2/dict_0004_0015.uasset" 4827
"../../../Engine/Content/EngineMaterials/Substrate/Glints2/dict_0003_0121.uasset" 4828
"../../../Engine/Content/EngineMaterials/Substrate/Glints2/dict_0003_0023.uasset" 4829
"../../../Engine/Content/EngineMaterials/Substrate/Glints2/dict_0000_0241.uasset" 4830
"../../../Engine/Content/EngineMaterials/Substrate/Glints2/dict_0000_0232.uasset" 4831
"../../../Engine/Content/EngineMaterials/Substrate/Glints2/dict_0006_0136.uasset" 4832
"../../../Engine/Content/EngineMaterials/Substrate/Glints2/dict_0005_0243.uasset" 4833
"../../../Engine/Content/EngineMaterials/Substrate/Glints2/dict_0005_0074.uasset" 4834
"../../../Engine/Content/EngineMaterials/Substrate/Glints2/dict_0003_0080.uasset" 4835
"../../../Engine/Content/EngineMaterials/Substrate/Glints2/dict_0003_0001.uasset" 4836
"../../../Engine/Content/EngineMaterials/Substrate/Glints2/dict_0002_0162.uasset" 4837
"../../../Engine/Content/EngineMaterials/Substrate/Glints2/dict_0006_0069.uasset" 4838
"../../../Engine/Content/EngineMaterials/Substrate/Glints2/dict_0003_0126.uasset" 4839
"C:/Users/Abies/AppData/Local/UnrealEngine/Common/DerivedDataCache/Buckets/LegacyCARD/13/22/9b155169b7150b837184521f347563ad079f.udd" 4840
"../../../Engine/Content/EngineMaterials/Substrate/Glints2/dict_0003_0096.uasset" 4841
"C:/Users/Abies/AppData/Local/UnrealEngine/Common/DerivedDataCache/Buckets/LegacyDIST/c1/b8/39100a2203529a4e10d9a7b294fe99f52423.udd" 4842
"C:/Users/Abies/AppData/Local/UnrealEngine/Common/DerivedDataCache/Buckets/LegacyDIST/43/72/6441cf258edc86ef18540dc9f9d9bf336292.udd" 4843
"../../../Engine/Content/EngineMaterials/Substrate/Glints2/dict_0007_0140.uasset" 4844
"C:/Users/Abies/AppData/Local/UnrealEngine/Common/DerivedDataCache/Buckets/LegacyDIST/d8/45/cd16ab93f09c36789f8013e14067a671216a.udd" 4845
"C:/Users/Abies/AppData/Local/UnrealEngine/Common/DerivedDataCache/Buckets/LegacyDIST/1b/82/766eeb42894b1b85c6cd216492afddc071b0.udd" 4846
"../../../Engine/Content/EngineMaterials/Substrate/Glints2/dict_0000_0054.uasset" 4847
"../../../Engine/Content/EngineMaterials/Substrate/Glints2/dict_0004_0022.uasset" 4848
"../../../Engine/Content/EngineMaterials/Substrate/Glints2/dict_0002_0058.uasset" 4849
"../../../Engine/Content/EngineMaterials/Substrate/Glints2/dict_0002_0026.uasset" 4850
"../../../Engine/Content/EngineMaterials/Substrate/Glints2/dict_0004_0139.uasset" 4851
"../../../Engine/Content/EngineMaterials/Substrate/Glints2/dict_0000_0235.uasset" 4852
"../../../Engine/Content/EngineMaterials/Substrate/Glints2/dict_0007_0020.uasset" 4853
"../../../Engine/Content/EngineMaterials/Substrate/Glints2/dict_0005_0116.uasset" 4854
"C:/Users/Abies/AppData/Local/UnrealEngine/Common/DerivedDataCache/Buckets/LegacyDIST/6b/57/374353263c6439bbbd41f99579b79d5406eb.udd" 4855
"../../../Engine/Content/EngineMaterials/Substrate/Glints2/dict_0004_0104.uasset" 4856
"../../../Engine/Content/EngineMaterials/Substrate/Glints2/dict_0003_0153.uasset" 4857
"../../../Engine/Content/EngineMaterials/Substrate/Glints2/dict_0001_0183.uasset" 4858
"../../../Engine/Content/EngineMaterials/Substrate/Glints2/dict_0006_0206.uasset" 4859
"../../../Engine/Content/EngineMaterials/Substrate/Glints2/dict_0005_0180.uasset" 4860
"../../../Engine/Content/EngineMaterials/Substrate/Glints2/dict_0005_0094.uasset" 4861
"../../../Engine/Content/EngineMaterials/Substrate/Glints2/dict_0003_0244.uasset" 4862
"../../../Engine/Content/EngineMaterials/Substrate/Glints2/dict_0004_0093.uasset" 4863
"../../../Engine/Content/EngineMaterials/Substrate/Glints2/dict_0005_0254.uasset" 4864
"C:/Users/Abies/AppData/Local/UnrealEngine/Common/DerivedDataCache/Buckets/LegacyCARD/d7/3c/b65a66ffa1a3f38f3ca50b2f69cd6dbd4675.udd" 4865
"../../../Engine/Content/EngineMaterials/Substrate/Glints2/dict_0004_0233.uasset" 4866
"../../../Engine/Content/EngineMaterials/Substrate/Glints2/dict_0003_0182.uasset" 4867
"../../../Engine/Content/EngineMaterials/Substrate/Glints2/dict_0007_0015.uasset" 4868
"../../../Engine/Content/EngineMaterials/Substrate/Glints2/dict_0005_0147.uasset" 4869
"../../../Engine/Content/EngineMaterials/Substrate/Glints2/dict_0003_0144.uasset" 4870
"C:/Users/Abies/AppData/Local/UnrealEngine/Common/DerivedDataCache/Buckets/LegacyDIST/1c/97/6380f2724542058c4a306e5678804fb081cd.udd" 4871
"../../../Engine/Content/EngineMaterials/Substrate/Glints2/dict_0002_0154.uasset" 4872
"../../../Engine/Content/EngineMaterials/Substrate/Glints2/dict_0001_0222.uasset" 4873
"C:/Users/Abies/AppData/Local/UnrealEngine/Common/DerivedDataCache/Buckets/LegacyCARD/08/01/a8e4a193c2426405c8d34136e1bba844ca85.udd" 4874
"../../../Engine/Content/EngineMaterials/Substrate/Glints2/dict_0001_0199.uasset" 4875
"../../../Engine/Content/EngineMaterials/Substrate/Glints2/dict_0000_0218.uasset" 4876
"../../../Engine/Content/EngineMaterials/Substrate/Glints2/dict_0006_0203.uasset" 4877
"../../../Engine/Content/EngineMaterials/Substrate/Glints2/dict_0006_0151.uasset" 4878
"../../../Engine/Content/EngineMaterials/Substrate/Glints2/dict_0000_0172.uasset" 4879
"../../../Engine/Content/EngineMaterials/Substrate/Glints2/dict_0001_0187.uasset" 4880
"../../../Engine/Content/EngineMaterials/Substrate/Glints2/dict_0001_0045.uasset" 4881
"../../../Engine/Content/EngineMaterials/Substrate/Glints2/dict_0006_0007.uasset" 4882
"../../../Engine/Content/EngineMaterials/Substrate/Glints2/dict_0002_0130.uasset" 4883
"../../../Engine/Content/EngineMaterials/Substrate/Glints2/dict_0000_0237.uasset" 4884
"../../../Engine/Content/EngineMaterials/Substrate/Glints2/dict_0007_0236.uasset" 4885
"../../../Engine/Content/EngineMaterials/Substrate/Glints2/dict_0004_0083.uasset" 4886
"../../../Engine/Content/EngineMaterials/Substrate/Glints2/dict_0006_0252.uasset" 4887
"../../../Engine/Content/EngineMaterials/Substrate/Glints2/dict_0004_0081.uasset" 4888
"../../../Engine/Content/EngineMaterials/Substrate/Glints2/dict_0004_0133.uasset" 4889
"../../../Engine/Content/EngineMaterials/Substrate/Glints2/dict_0002_0148.uasset" 4890
"../../../Engine/Content/EngineMaterials/Substrate/Glints2/dict_0002_0083.uasset" 4891
"../../../Engine/Content/EngineMaterials/Substrate/Glints2/dict_0000_0015.uasset" 4892
"../../../Engine/Content/EngineMaterials/Substrate/Glints2/dict_0007_0254.uasset" 4893
"../../../Engine/Content/EngineMaterials/Substrate/Glints2/dict_0007_0113.uasset" 4894
"../../../Engine/Content/EngineMaterials/Substrate/Glints2/dict_0006_0037.uasset" 4895
"../../../Engine/Content/EngineMaterials/Substrate/Glints2/dict_0007_0179.uasset" 4896
"../../../Engine/Content/EngineMaterials/Substrate/Glints2/dict_0001_0027.uasset" 4897
"../../../Engine/Content/EngineMaterials/Substrate/Glints2/dict_0002_0145.uasset" 4898
"../../../Engine/Content/EngineMaterials/Substrate/Glints2/dict_0001_0138.uasset" 4899
"../../../Engine/Content/EngineMaterials/Substrate/Glints2/dict_0000_0177.uasset" 4900
"../../../Engine/Content/EngineMaterials/Substrate/Glints2/dict_0001_0149.uasset" 4901
"../../../Engine/Content/EngineMaterials/Substrate/Glints2/dict_0007_0228.uasset" 4902
"../../../Engine/Content/EngineMaterials/Substrate/Glints2/dict_0006_0172.uasset" 4903
"../../../Engine/Content/EngineMaterials/Substrate/Glints2/dict_0004_0099.uasset" 4904
"../../../Engine/Content/EngineMaterials/Substrate/Glints2/dict_0001_0192.uasset" 4905
"../../../Engine/Content/EngineMaterials/Substrate/Glints2/dict_0001_0083.uasset" 4906
"../../../Engine/Content/EngineMaterials/Substrate/Glints2/dict_0006_0023.uasset" 4907
"../../../Engine/Content/EngineMaterials/Substrate/Glints2/dict_0003_0014.uasset" 4908
"../../../Engine/Content/EngineMaterials/Substrate/Glints2/dict_0002_0135.uasset" 4909
"../../../Engine/Content/EngineMaterials/Substrate/Glints2/dict_0000_0243.uasset" 4910
"../../../Engine/Content/EngineMaterials/Substrate/Glints2/dict_0003_0058.uasset" 4911
"../../../Engine/Content/EngineMaterials/Substrate/Glints2/dict_0002_0031.uasset" 4912
"../../../Engine/Content/EngineMaterials/Substrate/Glints2/dict_0007_0131.uasset" 4913
"../../../Engine/Content/EngineMaterials/Substrate/Glints2/dict_0005_0131.uasset" 4914
"../../../Engine/Content/EngineMaterials/Substrate/Glints2/dict_0004_0018.uasset" 4915
"../../../Engine/Content/EngineMaterials/Substrate/Glints2/dict_0001_0131.uasset" 4916
"../../../Engine/Content/EngineMaterials/Substrate/Glints2/dict_0002_0104.uasset" 4917
"../../../Engine/Content/EngineMaterials/Substrate/Glints2/dict_0006_0177.uasset" 4918
"../../../Engine/Content/EngineMaterials/Substrate/Glints2/dict_0004_0203.uasset" 4919
"../../../Engine/Content/EngineMaterials/Substrate/Glints2/dict_0005_0144.uasset" 4920
"../../../Engine/Content/EngineMaterials/Substrate/Glints2/dict_0000_0201.uasset" 4921
"../../../Engine/Content/EngineMaterials/Substrate/Glints2/dict_0006_0111.uasset" 4922
"C:/Users/Abies/AppData/Local/UnrealEngine/Common/DerivedDataCache/Buckets/LegacyCARD/4c/07/ad0869b1198aeffe60c93d78958d81870d6a.udd" 4923
"C:/Users/Abies/AppData/Local/UnrealEngine/Common/DerivedDataCache/Buckets/LegacyDIST/c0/76/c7c7bd1ee11e41d97f5a69bde72f111fe803.udd" 4924
"../../../Engine/Content/EngineMaterials/Substrate/Glints2/dict_0005_0210.uasset" 4925
"../../../Engine/Content/EngineMaterials/Substrate/Glints2/dict_0007_0102.uasset" 4926
"../../../Engine/Content/EngineMaterials/Substrate/Glints2/dict_0007_0155.uasset" 4927
"../../../Engine/Content/EngineMaterials/Substrate/Glints2/dict_0006_0145.uasset" 4928
"../../../Engine/Content/EngineMaterials/Substrate/Glints2/dict_0006_0124.uasset" 4929
"../../../Engine/Content/EngineMaterials/Substrate/Glints2/dict_0002_0133.uasset" 4930
"../../../Engine/Content/EngineMaterials/Substrate/Glints2/dict_0000_0074.uasset" 4931
"../../../Engine/Content/EngineMaterials/Substrate/Glints2/dict_0001_0000.uasset" 4932
"../../../Engine/Content/EngineMaterials/Substrate/Glints2/dict_0002_0214.uasset" 4933
"../../../Engine/Content/EngineMaterials/Substrate/Glints2/dict_0005_0156.uasset" 4934
"../../../Engine/Content/EngineMaterials/Substrate/Glints2/dict_0007_0019.uasset" 4935
"../../../Engine/Content/EngineMaterials/Substrate/Glints2/dict_0004_0197.uasset" 4936
"../../../Engine/Content/EngineMaterials/Substrate/Glints2/dict_0002_0150.uasset" 4937
"../../../Engine/Content/EngineMaterials/Substrate/Glints2/dict_0005_0161.uasset" 4938
"../../../Engine/Content/EngineMaterials/Substrate/Glints2/dict_0005_0083.uasset" 4939
"../../../Engine/Content/EngineMaterials/Substrate/Glints2/dict_0004_0204.uasset" 4940
"../../../Engine/Content/EngineMaterials/Substrate/Glints2/dict_0004_0131.uasset" 4941
"../../../Engine/Content/EngineMaterials/Substrate/Glints2/dict_0003_0118.uasset" 4942
"../../../Engine/Content/EngineMaterials/Substrate/Glints2/dict_0002_0094.uasset" 4943
"../../../Engine/Content/EngineMaterials/Substrate/Glints2/dict_0003_0168.uasset" 4944
"../../../Engine/Content/EngineMaterials/Substrate/Glints2/dict_0006_0018.uasset" 4945
"../../../Engine/Content/EngineMaterials/Substrate/Glints2/dict_0002_0105.uasset" 4946
"../../../Engine/Content/EngineMaterials/Substrate/Glints2/dict_0007_0123.uasset" 4947
"../../../Engine/Content/EngineMaterials/Substrate/Glints2/dict_0003_0216.uasset" 4948
"../../../Engine/Content/EngineMaterials/Substrate/Glints2/dict_0006_0126.uasset" 4949
"../../../Engine/Content/EngineMaterials/Substrate/Glints2/dict_0003_0035.uasset" 4950
"../../../Engine/Content/EngineMaterials/Substrate/Glints2/dict_0005_0188.uasset" 4951
"../../../Engine/Content/EngineMaterials/Substrate/Glints2/dict_0006_0086.uasset" 4952
"../../../Engine/Content/EngineMaterials/Substrate/Glints2/dict_0004_0027.uasset" 4953
"../../../Engine/Content/EngineMaterials/Substrate/Glints2/dict_0004_0079.uasset" 4954
"../../../Engine/Content/EngineMaterials/Substrate/Glints2/dict_0002_0077.uasset" 4955
"../../../Engine/Content/EngineMaterials/Substrate/Glints2/dict_0000_0247.uasset" 4956
"../../../Engine/Content/EngineMaterials/Substrate/Glints2/dict_0006_0127.uasset" 4957
"../../../Engine/Content/EngineMaterials/Substrate/Glints2/dict_0003_0063.uasset" 4958
"../../../Engine/Content/EngineMaterials/Substrate/Glints2/dict_0001_0148.uasset" 4959
"../../../Engine/Content/EngineMaterials/Substrate/Glints2/dict_0000_0125.uasset" 4960
"../../../Engine/Content/EngineMaterials/Substrate/Glints2/dict_0005_0174.uasset" 4961
"../../../Engine/Content/EngineMaterials/Substrate/Glints2/dict_0002_0195.uasset" 4962
"../../../Engine/Content/EngineMaterials/Substrate/Glints2/dict_0001_0032.uasset" 4963
"../../../Engine/Content/EngineMaterials/Substrate/Glints2/dict_0004_0214.uasset" 4964
"../../../Engine/Content/EngineMaterials/Substrate/Glints2/dict_0002_0140.uasset" 4965
"../../../Engine/Content/EngineMaterials/Substrate/Glints2/dict_0000_0214.uasset" 4966
"../../../Engine/Content/EngineMaterials/Substrate/Glints2/dict_0005_0045.uasset" 4967
"../../../Engine/Content/EngineMaterials/Substrate/Glints2/dict_0005_0019.uasset" 4968
"../../../Engine/Content/EngineMaterials/Substrate/Glints2/dict_0003_0039.uasset" 4969
"../../../Engine/Content/EngineMaterials/Substrate/Glints2/dict_0001_0151.uasset" 4970
"../../../Engine/Content/EngineMaterials/Substrate/Glints2/dict_0000_0096.uasset" 4971
"../../../Engine/Content/EngineMaterials/Substrate/Glints2/dict_0006_0044.uasset" 4972
"../../../Engine/Content/EngineMaterials/Substrate/Glints2/dict_0006_0093.uasset" 4973
"../../../Engine/Content/EngineMaterials/Substrate/Glints2/dict_0005_0106.uasset" 4974
"../../../Engine/Content/EngineMaterials/Substrate/Glints2/dict_0003_0133.uasset" 4975
"../../../Engine/Content/EngineMaterials/Substrate/Glints2/dict_0003_0132.uasset" 4976
"../../../Engine/Content/EngineMaterials/Substrate/Glints2/dict_0002_0136.uasset" 4977
"../../../Engine/Content/EngineMaterials/Substrate/Glints2/dict_0002_0196.uasset" 4978
"../../../Engine/Content/EngineMaterials/Substrate/Glints2/dict_0000_0182.uasset" 4979
"../../../Engine/Content/EngineMaterials/Substrate/Glints2/dict_0007_0011.uasset" 4980
"../../../Engine/Content/EngineMaterials/Substrate/Glints2/dict_0005_0111.uasset" 4981
"../../../Engine/Content/EngineMaterials/Substrate/Glints2/dict_0004_0189.uasset" 4982
"../../../Engine/Content/EngineMaterials/Substrate/Glints2/dict_0001_0227.uasset" 4983
"../../../Engine/Content/EngineMaterials/Substrate/Glints2/dict_0001_0160.uasset" 4984
"../../../Engine/Content/EngineMaterials/Substrate/Glints2/dict_0001_0023.uasset" 4985
"../../../Engine/Content/EngineMaterials/Substrate/Glints2/dict_0000_0197.uasset" 4986
"../../../Engine/Content/EngineMaterials/Substrate/Glints2/dict_0006_0094.uasset" 4987
"../../../Engine/Content/EngineMaterials/Substrate/Glints2/dict_0005_0022.uasset" 4988
"../../../Engine/Content/EngineMaterials/Substrate/Glints2/dict_0004_0162.uasset" 4989
"../../../Engine/Content/EngineMaterials/Substrate/Glints2/dict_0004_0051.uasset" 4990
"../../../Engine/Content/EngineMaterials/Substrate/Glints2/dict_0006_0013.uasset" 4991
"../../../Engine/Content/EngineMaterials/Substrate/Glints2/dict_0004_0129.uasset" 4992
"../../../Engine/Content/EngineMaterials/Substrate/Glints2/dict_0002_0220.uasset" 4993
"../../../Engine/Content/EngineMaterials/Substrate/Glints2/dict_0006_0185.uasset" 4994
"../../../Engine/Content/EngineMaterials/Substrate/Glints2/dict_0005_0095.uasset" 4995
"../../../Engine/Content/EngineMaterials/Substrate/Glints2/dict_0003_0207.uasset" 4996
"../../../Engine/Content/EngineMaterials/Substrate/Glints2/dict_0002_0067.uasset" 4997
"../../../Engine/Content/EngineMaterials/Substrate/Glints2/dict_0001_0171.uasset" 4998
"../../../Engine/Content/EngineMaterials/Substrate/Glints2/dict_0000_0199.uasset" 4999
"../../../Engine/Content/EngineMaterials/Substrate/Glints2/dict_0003_0090.uasset" 5000
"../../../Engine/Content/EngineMaterials/Substrate/Glints2/dict_0005_0122.uasset" 5001
"../../../Engine/Content/EngineMaterials/Substrate/Glints2/dict_0003_0057.uasset" 5002
"../../../Engine/Content/EngineMaterials/Substrate/Glints2/dict_0003_0004.uasset" 5003
"../../../Engine/Content/EngineMaterials/Substrate/Glints2/dict_0000_0222.uasset" 5004
"../../../Engine/Content/EngineMaterials/Substrate/Glints2/dict_0003_0099.uasset" 5005
"../../../Engine/Content/EngineMaterials/Substrate/Glints2/dict_0002_0252.uasset" 5006
"../../../Engine/Content/EngineMaterials/Substrate/Glints2/dict_0005_0103.uasset" 5007
"../../../Engine/Content/EngineMaterials/Substrate/Glints2/dict_0007_0247.uasset" 5008
"../../../Engine/Content/EngineMaterials/Substrate/Glints2/dict_0006_0150.uasset" 5009
"../../../Engine/Content/EngineMaterials/Substrate/Glints2/dict_0006_0038.uasset" 5010
"../../../Engine/Content/EngineMaterials/Substrate/Glints2/dict_0004_0177.uasset" 5011
"../../../Engine/Content/EngineMaterials/Substrate/Glints2/dict_0000_0166.uasset" 5012
"../../../Engine/Content/EngineMaterials/Substrate/Glints2/dict_0006_0140.uasset" 5013
"../../../Engine/Content/EngineMaterials/Substrate/Glints2/dict_0006_0234.uasset" 5014
"../../../Engine/Content/EngineMaterials/Substrate/Glints2/dict_0003_0116.uasset" 5015
"../../../Engine/Content/EngineMaterials/Substrate/Glints2/dict_0004_0091.uasset" 5016
"../../../Engine/Content/EngineMaterials/Substrate/Glints2/dict_0001_0001.uasset" 5017
"../../../Engine/Content/EngineMaterials/Substrate/Glints2/dict_0004_0232.uasset" 5018
"../../../Engine/Content/EngineMaterials/Substrate/Glints2/dict_0002_0117.uasset" 5019
"../../../Engine/Content/EngineMaterials/Substrate/Glints2/dict_0002_0043.uasset" 5020
"../../../Engine/Content/EngineMaterials/Substrate/Glints2/dict_0001_0209.uasset" 5021
"../../../Engine/Content/EngineMaterials/Substrate/Glints2/dict_0001_0157.uasset" 5022
"../../../Engine/Content/EngineMaterials/Substrate/Glints2/dict_0000_0187.uasset" 5023
"../../../Engine/Content/EngineMaterials/Substrate/Glints2/dict_0007_0008.uasset" 5024
"../../../Engine/Content/EngineMaterials/Substrate/Glints2/dict_0001_0220.uasset" 5025
"../../../Engine/Content/EngineMaterials/Substrate/Glints2/dict_0002_0131.uasset" 5026
"../../../Engine/Content/EngineMaterials/Substrate/Glints2/dict_0001_0216.uasset" 5027
"../../../Engine/Content/EngineMaterials/Substrate/Glints2/dict_0001_0006.uasset" 5028
"../../../Engine/Content/EngineMaterials/Substrate/Glints2/dict_0005_0034.uasset" 5029
"../../../Engine/Content/EngineMaterials/Substrate/Glints2/dict_0004_0160.uasset" 5030
"../../../Engine/Content/EngineMaterials/Substrate/Glints2/dict_0004_0059.uasset" 5031
"../../../Engine/Content/EngineMaterials/Substrate/Glints2/dict_0003_0192.uasset" 5032
"../../../Engine/Content/EngineMaterials/Substrate/Glints2/dict_0003_0191.uasset" 5033
"../../../Engine/Content/EngineMaterials/Substrate/Glints2/dict_0000_0085.uasset" 5034
"../../../Engine/Content/EngineMaterials/Substrate/Glints2/dict_0005_0113.uasset" 5035
"../../../Engine/Content/EngineMaterials/Substrate/Glints2/dict_0005_0109.uasset" 5036
"../../../Engine/Content/EngineMaterials/Substrate/Glints2/dict_0003_0087.uasset" 5037
"../../../Engine/Content/EngineMaterials/Substrate/Glints2/dict_0003_0013.uasset" 5038
"../../../Engine/Content/EngineMaterials/Substrate/Glints2/dict_0002_0210.uasset" 5039
"../../../Engine/Content/EngineMaterials/Substrate/Glints2/dict_0002_0103.uasset" 5040
"../../../Engine/Content/EngineMaterials/Substrate/Glints2/dict_0006_0170.uasset" 5041
"../../../Engine/Content/EngineMaterials/Substrate/Glints2/dict_0004_0151.uasset" 5042
"../../../Engine/Content/EngineMaterials/Substrate/Glints2/dict_0007_0238.uasset" 5043
"../../../Engine/Content/EngineMaterials/Substrate/Glints2/dict_0007_0065.uasset" 5044
"../../../Engine/Content/EngineMaterials/Substrate/Glints2/dict_0005_0087.uasset" 5045
"../../../Engine/Content/EngineMaterials/Substrate/Glints2/dict_0003_0082.uasset" 5046
"../../../Engine/Content/EngineMaterials/Substrate/Glints2/dict_0000_0030.uasset" 5047
"../../../Engine/Content/EngineMaterials/Substrate/Glints2/dict_0007_0234.uasset" 5048
"../../../Engine/Content/EngineMaterials/Substrate/Glints2/dict_0004_0178.uasset" 5049
"../../../Engine/Content/EngineMaterials/Substrate/Glints2/dict_0004_0253.uasset" 5050
"../../../Engine/Content/EngineMaterials/Substrate/Glints2/dict_0004_0077.uasset" 5051
"../../../Engine/Content/EngineMaterials/Substrate/Glints2/dict_0006_0042.uasset" 5052
"../../../Engine/Content/EngineMaterials/Substrate/Glints2/dict_0000_0171.uasset" 5053
"../../../Engine/Content/EngineMaterials/Substrate/Glints2/dict_0007_0027.uasset" 5054
"../../../Engine/Content/EngineMaterials/Substrate/Glints2/dict_0005_0231.uasset" 5055
"../../../Engine/Content/EngineMaterials/Substrate/Glints2/dict_0007_0184.uasset" 5056
"../../../Engine/Content/EngineMaterials/Substrate/Glints2/dict_0000_0004.uasset" 5057
"../../../Engine/Content/EngineMaterials/Substrate/Glints2/dict_0006_0058.uasset" 5058
"../../../Engine/Content/EngineMaterials/Substrate/Glints2/dict_0005_0205.uasset" 5059
"../../../Engine/Content/EngineMaterials/Substrate/Glints2/dict_0000_0008.uasset" 5060
"../../../Engine/Content/EngineMaterials/Substrate/Glints2/dict_0007_0248.uasset" 5061
"../../../Engine/Content/EngineMaterials/Substrate/Glints2/dict_0006_0209.uasset" 5062
"../../../Engine/Content/EngineMaterials/Substrate/Glints2/dict_0005_0143.uasset" 5063
"../../../Engine/Content/EngineMaterials/Substrate/Glints2/dict_0004_0038.uasset" 5064
"../../../Engine/Content/EngineMaterials/Substrate/Glints2/dict_0001_0141.uasset" 5065
"../../../Engine/Content/EngineMaterials/Substrate/Glints2/dict_0000_0204.uasset" 5066
"../../../Engine/Content/EngineMaterials/Substrate/Glints2/dict_0006_0147.uasset" 5067
"../../../Engine/Content/EngineMaterials/Substrate/Glints2/dict_0001_0125.uasset" 5068
"../../../Engine/Content/EngineMaterials/Substrate/Glints2/dict_0000_0179.uasset" 5069
"../../../Engine/Content/EngineMaterials/Substrate/Glints2/dict_0007_0192.uasset" 5070
"../../../Engine/Content/EngineMaterials/Substrate/Glints2/dict_0007_0097.uasset" 5071
"../../../Engine/Content/EngineMaterials/Substrate/Glints2/dict_0002_0172.uasset" 5072
"../../../Engine/Content/EngineMaterials/Substrate/Glints2/dict_0005_0168.uasset" 5073
"../../../Engine/Content/EngineMaterials/Substrate/Glints2/dict_0001_0071.uasset" 5074
"../../../Engine/Content/EngineMaterials/Substrate/Glints2/dict_0001_0163.uasset" 5075
"../../../Engine/Content/EngineMaterials/Substrate/Glints2/dict_0006_0083.uasset" 5076
"../../../Engine/Content/EngineMaterials/Substrate/Glints2/dict_0000_0123.uasset" 5077
"../../../Engine/Content/EngineMaterials/Substrate/Glints2/dict_0005_0055.uasset" 5078
"../../../Engine/Content/EngineMaterials/Substrate/Glints2/dict_0004_0014.uasset" 5079
"../../../Engine/Content/EngineMaterials/Substrate/Glints2/dict_0002_0101.uasset" 5080
"../../../Engine/Content/EngineMaterials/Substrate/Glints2/dict_0002_0074.uasset" 5081
"../../../Engine/Content/EngineMaterials/Substrate/Glints2/dict_0000_0009.uasset" 5082
"../../../Engine/Content/EngineMaterials/Substrate/Glints2/dict_0006_0243.uasset" 5083
"../../../Engine/Content/EngineMaterials/Substrate/Glints2/dict_0002_0106.uasset" 5084
"../../../Engine/Content/EngineMaterials/Substrate/Glints2/dict_0001_0200.uasset" 5085
"../../../Engine/Content/EngineMaterials/Substrate/Glints2/dict_0000_0226.uasset" 5086
"../../../Engine/Content/EngineMaterials/Substrate/Glints2/dict_0005_0158.uasset" 5087
"../../../Engine/Content/EngineMaterials/Substrate/Glints2/dict_0001_0039.uasset" 5088
"../../../Engine/Content/EngineMaterials/Substrate/Glints2/dict_0000_0001.uasset" 5089
"../../../Engine/Content/EngineMaterials/Substrate/Glints2/dict_0003_0201.uasset" 5090
"../../../Engine/Content/EngineMaterials/Substrate/Glints2/dict_0005_0241.uasset" 5091
"../../../Engine/Content/EngineMaterials/Substrate/Glints2/dict_0007_0251.uasset" 5092
"../../../Engine/Content/EngineMaterials/Substrate/Glints2/dict_0007_0107.uasset" 5093
"../../../Engine/Content/EngineMaterials/Substrate/Glints2/dict_0005_0232.uasset" 5094
"../../../Engine/Content/EngineMaterials/Substrate/Glints2/dict_0002_0042.uasset" 5095
"../../../Engine/Content/EngineMaterials/Substrate/Glints2/dict_0000_0044.uasset" 5096
"../../../Engine/Content/EngineMaterials/Substrate/Glints2/dict_0004_0229.uasset" 5097
"../../../Engine/Content/EngineMaterials/Substrate/Glints2/dict_0003_0179.uasset" 5098
"../../../Engine/Content/EngineMaterials/Substrate/Glints2/dict_0007_0007.uasset" 5099
"../../../Engine/Content/EngineMaterials/Substrate/Glints2/dict_0007_0253.uasset" 5100
"../../../Engine/Content/EngineMaterials/Substrate/Glints2/dict_0004_0234.uasset" 5101
"../../../Engine/Content/EngineMaterials/Substrate/Glints2/dict_0002_0175.uasset" 5102
"../../../Engine/Content/EngineMaterials/Substrate/Glints2/dict_0005_0182.uasset" 5103
"../../../Engine/Content/EngineMaterials/Substrate/Glints2/dict_0000_0039.uasset" 5104
"../../../Engine/Content/EngineMaterials/Substrate/Glints2/dict_0000_0046.uasset" 5105
"../../../Engine/Content/EngineMaterials/Substrate/Glints2/dict_0002_0115.uasset" 5106
"../../../Engine/Content/EngineMaterials/Substrate/Glints2/dict_0000_0027.uasset" 5107
"../../../Engine/Content/EngineMaterials/Substrate/Glints2/dict_0004_0092.uasset" 5108
"../../../Engine/Content/EngineMaterials/Substrate/Glints2/dict_0003_0166.uasset" 5109
"../../../Engine/Content/EngineMaterials/Substrate/Glints2/dict_0004_0067.uasset" 5110
"../../../Engine/Content/EngineMaterials/Substrate/Glints2/dict_0003_0193.uasset" 5111
"../../../Engine/Content/EngineMaterials/Substrate/Glints2/dict_0000_0242.uasset" 5112
"../../../Engine/Content/EngineMaterials/Substrate/Glints2/dict_0000_0065.uasset" 5113
"../../../Engine/Content/EngineMaterials/Substrate/Glints2/dict_0005_0097.uasset" 5114
"../../../Engine/Content/EngineMaterials/Substrate/Glints2/dict_0001_0142.uasset" 5115
"../../../Engine/Content/EngineMaterials/Substrate/Glints2/dict_0005_0228.uasset" 5116
"../../../Engine/Content/EngineMaterials/Substrate/Glints2/dict_0004_0108.uasset" 5117
"../../../Engine/Content/EngineMaterials/Substrate/Glints2/dict_0006_0132.uasset" 5118
"../../../Engine/Content/EngineMaterials/Substrate/Glints2/dict_0001_0127.uasset" 5119
"../../../Engine/Content/EngineMaterials/Substrate/Glints2/dict_0000_0040.uasset" 5120
"../../../Engine/Content/EngineMaterials/Substrate/Glints2/dict_0004_0219.uasset" 5121
"../../../Engine/Content/EngineMaterials/Substrate/Glints2/dict_0003_0054.uasset" 5122
"../../../Engine/Content/EngineMaterials/Substrate/Glints2/dict_0002_0005.uasset" 5123
"../../../Engine/Content/EngineMaterials/Substrate/Glints2/dict_0007_0147.uasset" 5124
"../../../Engine/Content/EngineMaterials/Substrate/Glints2/dict_0004_0125.uasset" 5125
"../../../Engine/Content/EngineMaterials/Substrate/Glints2/dict_0003_0184.uasset" 5126
"../../../Engine/Content/EngineMaterials/Substrate/Glints2/dict_0006_0079.uasset" 5127
"../../../Engine/Content/EngineMaterials/Substrate/Glints2/dict_0004_0128.uasset" 5128
"../../../Engine/Content/EngineMaterials/Substrate/Glints2/dict_0005_0227.uasset" 5129
"../../../Engine/Content/EngineMaterials/Substrate/Glints2/dict_0004_0231.uasset" 5130
"../../../Engine/Content/EngineMaterials/Substrate/Glints2/dict_0003_0200.uasset" 5131
"../../../Engine/Content/EngineMaterials/Substrate/Glints2/dict_0001_0254.uasset" 5132
"../../../Engine/Content/EngineMaterials/Substrate/Glints2/dict_0001_0189.uasset" 5133
"../../../Engine/Content/EngineMaterials/Substrate/Glints2/dict_0000_0160.uasset" 5134
"../../../Engine/Content/EngineMaterials/Substrate/Glints2/dict_0001_0050.uasset" 5135
"../../../Engine/Content/EngineMaterials/Substrate/Glints2/dict_0006_0033.uasset" 5136
"../../../Engine/Content/EngineMaterials/Substrate/Glints2/dict_0004_0010.uasset" 5137
"../../../Engine/Content/EngineMaterials/Substrate/Glints2/dict_0001_0098.uasset" 5138
"../../../Engine/Content/EngineMaterials/Substrate/Glints2/dict_0004_0161.uasset" 5139
"../../../Engine/Content/EngineMaterials/Substrate/Glints2/dict_0001_0024.uasset" 5140
"../../../Engine/Content/EngineMaterials/Substrate/Glints2/dict_0007_0135.uasset" 5141
"../../../Engine/Content/EngineMaterials/Substrate/Glints2/dict_0006_0068.uasset" 5142
"../../../Engine/Content/EngineMaterials/Substrate/Glints2/dict_0004_0209.uasset" 5143
"../../../Engine/Content/EngineMaterials/Substrate/Glints2/dict_0004_0080.uasset" 5144
"../../../Engine/Content/EngineMaterials/Substrate/Glints2/dict_0000_0124.uasset" 5145
"../../../Engine/Content/EngineMaterials/Substrate/Glints2/dict_0006_0020.uasset" 5146
"../../../Engine/Content/EngineMaterials/Substrate/Glints2/dict_0007_0237.uasset" 5147
"../../../Engine/Content/EngineMaterials/Substrate/Glints2/dict_0002_0107.uasset" 5148
"../../../Engine/Content/EngineMaterials/Substrate/Glints2/dict_0005_0221.uasset" 5149
"../../../Engine/Content/EngineMaterials/Substrate/Glints2/dict_0003_0138.uasset" 5150
"../../../Engine/Content/EngineMaterials/Substrate/Glints2/dict_0003_0047.uasset" 5151
"../../../Engine/Content/EngineMaterials/Substrate/Glints2/dict_0002_0110.uasset" 5152
"../../../Engine/Content/EngineMaterials/Substrate/Glints2/dict_0002_0069.uasset" 5153
"../../../Engine/Content/EngineMaterials/Substrate/Glints2/dict_0007_0154.uasset" 5154
"../../../Engine/Content/EngineMaterials/Substrate/Glints2/dict_0006_0251.uasset" 5155
"../../../Engine/Content/EngineMaterials/Substrate/Glints2/dict_0001_0072.uasset" 5156
"../../../Engine/Content/EngineMaterials/Substrate/Glints2/dict_0000_0234.uasset" 5157
"../../../Engine/Content/EngineMaterials/Substrate/Glints2/dict_0000_0084.uasset" 5158
"../../../Engine/Content/EngineMaterials/Substrate/Glints2/dict_0006_0158.uasset" 5159
"../../../Engine/Content/EngineMaterials/Substrate/Glints2/dict_0004_0062.uasset" 5160
"../../../Engine/Content/EngineMaterials/Substrate/Glints2/dict_0003_0239.uasset" 5161
"../../../Engine/Content/EngineMaterials/Substrate/Glints2/dict_0003_0062.uasset" 5162
"../../../Engine/Content/EngineMaterials/Substrate/Glints2/dict_0007_0132.uasset" 5163
"../../../Engine/Content/EngineMaterials/Substrate/Glints2/dict_0006_0179.uasset" 5164
"../../../Engine/Content/EngineMaterials/Substrate/Glints2/dict_0006_0114.uasset" 5165
"../../../Engine/Content/EngineMaterials/Substrate/Glints2/dict_0002_0206.uasset" 5166
"../../../Engine/Content/EngineMaterials/Substrate/Glints2/dict_0000_0151.uasset" 5167
"../../../Engine/Content/EngineMaterials/Substrate/Glints2/dict_0000_0042.uasset" 5168
"../../../Engine/Content/EngineMaterials/Substrate/Glints2/dict_0007_0133.uasset" 5169
"../../../Engine/Content/EngineMaterials/Substrate/Glints2/dict_0001_0057.uasset" 5170
"../../../Engine/Content/EngineMaterials/Substrate/Glints2/dict_0000_0079.uasset" 5171
"../../../Engine/Content/EngineMaterials/Substrate/Glints2/dict_0007_0054.uasset" 5172
"../../../Engine/Content/EngineMaterials/Substrate/Glints2/dict_0004_0068.uasset" 5173
"../../../Engine/Content/EngineMaterials/Substrate/Glints2/dict_0003_0075.uasset" 5174
"../../../Engine/Content/EngineMaterials/Substrate/Glints2/dict_0007_0002.uasset" 5175
"../../../Engine/Content/EngineMaterials/Substrate/Glints2/dict_0002_0113.uasset" 5176
"../../../Engine/Content/EngineMaterials/Substrate/Glints2/dict_0000_0186.uasset" 5177
"../../../Engine/Content/EngineMaterials/Substrate/Glints2/dict_0005_0196.uasset" 5178
"../../../Engine/Content/EngineMaterials/Substrate/Glints2/dict_0005_0025.uasset" 5179
"../../../Engine/Content/EngineMaterials/Substrate/Glints2/dict_0004_0222.uasset" 5180
"../../../Engine/Content/EngineMaterials/Substrate/Glints2/dict_0001_0188.uasset" 5181
"../../../Engine/Content/EngineMaterials/Substrate/Glints2/dict_0003_0221.uasset" 5182
"../../../Engine/Content/EngineMaterials/Substrate/Glints2/dict_0001_0036.uasset" 5183
"../../../Engine/Content/EngineMaterials/Substrate/Glints2/dict_0004_0226.uasset" 5184
"../../../Engine/Content/EngineMaterials/Substrate/Glints2/dict_0000_0138.uasset" 5185
"../../../Engine/Content/EngineMaterials/Substrate/Glints2/dict_0006_0212.uasset" 5186
"../../../Engine/Content/EngineMaterials/Substrate/Glints2/dict_0004_0095.uasset" 5187
"../../../Engine/Content/EngineMaterials/Substrate/Glints2/dict_0007_0093.uasset" 5188
"../../../Engine/Content/EngineMaterials/Substrate/Glints2/dict_0004_0037.uasset" 5189
"../../../Engine/Content/EngineMaterials/Substrate/Glints2/dict_0000_0194.uasset" 5190
"../../../Engine/Content/EngineMaterials/Substrate/Glints2/dict_0005_0214.uasset" 5191
"../../../Engine/Content/EngineMaterials/Substrate/Glints2/dict_0003_0072.uasset" 5192
"../../../Engine/Content/EngineMaterials/Substrate/Glints2/dict_0007_0036.uasset" 5193
"../../../Engine/Content/EngineMaterials/Substrate/Glints2/dict_0005_0216.uasset" 5194
"../../../Engine/Content/EngineMaterials/Substrate/Glints2/dict_0004_0211.uasset" 5195
"../../../Engine/Content/EngineMaterials/Substrate/Glints2/dict_0004_0183.uasset" 5196
"../../../Engine/Content/EngineMaterials/Substrate/Glints2/dict_0004_0155.uasset" 5197
"../../../Engine/Content/EngineMaterials/Substrate/Glints2/dict_0002_0033.uasset" 5198
"../../../Engine/Content/EngineMaterials/Substrate/Glints2/dict_0002_0038.uasset" 5199
"../../../Engine/Content/EngineMaterials/Substrate/Glints2/dict_0007_0024.uasset" 5200
"../../../Engine/Content/EngineMaterials/Substrate/Glints2/dict_0004_0184.uasset" 5201
"../../../Engine/Content/EngineMaterials/Substrate/Glints2/dict_0004_0224.uasset" 5202
"../../../Engine/Content/EngineMaterials/Substrate/Glints2/dict_0003_0172.uasset" 5203
"../../../Engine/Content/EngineMaterials/Substrate/Glints2/dict_0003_0066.uasset" 5204
"../../../Engine/Content/EngineMaterials/Substrate/Glints2/dict_0007_0207.uasset" 5205
"../../../Engine/Content/EngineMaterials/Substrate/Glints2/dict_0007_0056.uasset" 5206
"../../../Engine/Content/EngineMaterials/Substrate/Glints2/dict_0003_0098.uasset" 5207
"../../../Engine/Content/EngineMaterials/Substrate/Glints2/dict_0000_0000.uasset" 5208
"../../../Engine/Content/EngineMaterials/Substrate/Glints2/dict_0007_0078.uasset" 5209
"../../../Engine/Content/EngineMaterials/Substrate/Glints2/dict_0000_0033.uasset" 5210
"../../../Engine/Content/EngineMaterials/Substrate/Glints2/dict_0006_0122.uasset" 5211
"../../../Engine/Content/EngineMaterials/Substrate/Glints2/dict_0002_0208.uasset" 5212
"../../../Engine/Content/EngineMaterials/Substrate/Glints2/dict_0000_0097.uasset" 5213
"../../../Engine/Content/EngineMaterials/Substrate/Glints2/dict_0007_0178.uasset" 5214
"../../../Engine/Content/EngineMaterials/Substrate/Glints2/dict_0003_0249.uasset" 5215
"../../../Engine/Content/EngineMaterials/Substrate/Glints2/dict_0007_0159.uasset" 5216
"../../../Engine/Content/EngineMaterials/Substrate/Glints2/dict_0006_0133.uasset" 5217
"../../../Engine/Content/EngineMaterials/Substrate/Glints2/dict_0004_0087.uasset" 5218
"../../../Engine/Content/EngineMaterials/Substrate/Glints2/dict_0006_0125.uasset" 5219
"../../../Engine/Content/EngineMaterials/Substrate/Glints2/dict_0006_0119.uasset" 5220
"../../../Engine/Content/EngineMaterials/Substrate/Glints2/dict_0005_0027.uasset" 5221
"../../../Engine/Content/EngineMaterials/Substrate/Glints2/dict_0001_0224.uasset" 5222
"../../../Engine/Content/EngineMaterials/Substrate/Glints2/dict_0006_0004.uasset" 5223
"../../../Engine/Content/EngineMaterials/Substrate/Glints2/dict_0000_0112.uasset" 5224
"../../../Engine/Content/EngineMaterials/Substrate/Glints2/dict_0004_0019.uasset" 5225
"../../../Engine/Content/EngineMaterials/Substrate/Glints2/dict_0003_0217.uasset" 5226
"../../../Engine/Content/EngineMaterials/Substrate/Glints2/dict_0003_0197.uasset" 5227
"../../../Engine/Content/EngineMaterials/Substrate/Glints2/dict_0001_0137.uasset" 5228
"../../../Engine/Content/EngineMaterials/Substrate/Glints2/dict_0000_0048.uasset" 5229
"../../../Engine/Content/EngineMaterials/Substrate/Glints2/dict_0005_0080.uasset" 5230
"../../../Engine/Content/EngineMaterials/Substrate/Glints2/dict_0003_0148.uasset" 5231
"../../../Engine/Content/EngineMaterials/Substrate/Glints2/dict_0000_0230.uasset" 5232
"../../../Engine/Content/EngineMaterials/Substrate/Glints2/dict_0002_0138.uasset" 5233
"../../../Engine/Content/EngineMaterials/Substrate/Glints2/dict_0000_0043.uasset" 5234
"../../../Engine/Content/EngineMaterials/Substrate/Glints2/dict_0006_0213.uasset" 5235
"../../../Engine/Content/EngineMaterials/Substrate/Glints2/dict_0007_0108.uasset" 5236
"../../../Engine/Content/EngineMaterials/Substrate/Glints2/dict_0007_0006.uasset" 5237
"../../../Engine/Content/EngineMaterials/Substrate/Glints2/dict_0002_0204.uasset" 5238
"../../../Engine/Content/EngineMaterials/Substrate/Glints2/dict_0006_0063.uasset" 5239
"../../../Engine/Content/EngineMaterials/Substrate/Glints2/dict_0004_0235.uasset" 5240
"../../../Engine/Content/EngineMaterials/Substrate/Glints2/dict_0001_0020.uasset" 5241
"../../../Engine/Content/EngineMaterials/Substrate/Glints2/dict_0000_0120.uasset" 5242
"../../../Engine/Content/EngineMaterials/Substrate/Glints2/dict_0002_0011.uasset" 5243
"../../../Engine/Content/EngineMaterials/Substrate/Glints2/dict_0001_0176.uasset" 5244
"../../../Engine/Content/EngineMaterials/Substrate/Glints2/dict_0000_0136.uasset" 5245
"../../../Engine/Content/EngineMaterials/Substrate/Glints2/dict_0007_0209.uasset" 5246
"../../../Engine/Content/EngineMaterials/Substrate/Glints2/dict_0004_0137.uasset" 5247
"../../../Engine/Content/EngineMaterials/Substrate/Glints2/dict_0007_0158.uasset" 5248
"../../../Engine/Content/EngineMaterials/Substrate/Glints2/dict_0001_0135.uasset" 5249
"../../../Engine/Content/EngineMaterials/Substrate/Glints2/dict_0002_0109.uasset" 5250
"../../../Engine/Content/EngineMaterials/Substrate/Glints2/dict_0001_0249.uasset" 5251
"../../../Engine/Content/EngineMaterials/Substrate/Glints2/dict_0007_0052.uasset" 5252
"../../../Engine/Content/EngineMaterials/Substrate/Glints2/dict_0005_0138.uasset" 5253
"../../../Engine/Content/EngineMaterials/Substrate/Glints2/dict_0000_0193.uasset" 5254
"../../../Engine/Content/EngineMaterials/Substrate/Glints2/dict_0005_0028.uasset" 5255
"../../../Engine/Content/EngineMaterials/Substrate/Glints2/dict_0007_0172.uasset" 5256
"../../../Engine/Content/EngineMaterials/Substrate/Glints2/dict_0005_0222.uasset" 5257
"../../../Engine/Content/EngineMaterials/Substrate/Glints2/dict_0005_0193.uasset" 5258
"../../../Engine/Content/EngineMaterials/Substrate/Glints2/dict_0000_0060.uasset" 5259
"../../../Engine/Content/EngineMaterials/Substrate/Glints2/dict_0006_0246.uasset" 5260
"../../../Engine/Content/EngineMaterials/Substrate/Glints2/dict_0006_0102.uasset" 5261
"../../../Engine/Content/EngineMaterials/Substrate/Glints2/dict_0000_0019.uasset" 5262
"../../../Engine/Content/EngineMaterials/Substrate/Glints2/dict_0006_0190.uasset" 5263
"../../../Engine/Content/EngineMaterials/Substrate/Glints2/dict_0006_0182.uasset" 5264
"../../../Engine/Content/EngineMaterials/Substrate/Glints2/dict_0004_0055.uasset" 5265
"../../../Engine/Content/EngineMaterials/Substrate/Glints2/dict_0000_0052.uasset" 5266
"../../../Engine/Content/EngineMaterials/Substrate/Glints2/dict_0000_0014.uasset" 5267
"../../../Engine/Content/EngineMaterials/Substrate/Glints2/dict_0001_0191.uasset" 5268
"../../../Engine/Content/EngineMaterials/Substrate/Glints2/dict_0007_0053.uasset" 5269
"../../../Engine/Content/EngineMaterials/Substrate/Glints2/dict_0002_0139.uasset" 5270
"../../../Engine/Content/EngineMaterials/Substrate/Glints2/dict_0007_0029.uasset" 5271
"../../../Engine/Content/EngineMaterials/Substrate/Glints2/dict_0002_0164.uasset" 5272
"../../../Engine/Content/EngineMaterials/Substrate/Glints2/dict_0006_0148.uasset" 5273
"../../../Engine/Content/EngineMaterials/Substrate/Glints2/dict_0004_0202.uasset" 5274
"../../../Engine/Content/EngineMaterials/Substrate/Glints2/dict_0000_0011.uasset" 5275
"../../../Engine/Content/EngineMaterials/Substrate/Glints2/dict_0004_0002.uasset" 5276
"../../../Engine/Content/EngineMaterials/Substrate/Glints2/dict_0003_0242.uasset" 5277
"../../../Engine/Content/EngineMaterials/Substrate/Glints2/dict_0001_0015.uasset" 5278
"../../../Engine/Content/EngineMaterials/Substrate/Glints2/dict_0006_0230.uasset" 5279
"../../../Engine/Content/EngineMaterials/Substrate/Glints2/dict_0003_0024.uasset" 5280
"../../../Engine/Content/EngineMaterials/Substrate/Glints2/dict_0001_0156.uasset" 5281
"../../../Engine/Content/EngineMaterials/Substrate/Glints2/dict_0000_0223.uasset" 5282
"../../../Engine/Content/EngineMaterials/Substrate/Glints2/dict_0003_0124.uasset" 5283
"../../../Engine/Content/EngineMaterials/Substrate/Glints2/dict_0005_0224.uasset" 5284
"../../../Engine/Content/EngineMaterials/Substrate/Glints2/dict_0001_0111.uasset" 5285
"../../../Engine/Content/EngineMaterials/Substrate/Glints2/dict_0004_0182.uasset" 5286
"../../../Engine/Content/EngineMaterials/Substrate/Glints2/dict_0002_0221.uasset" 5287
"../../../Engine/Content/EngineMaterials/Substrate/Glints2/dict_0002_0086.uasset" 5288
"../../../Engine/Content/EngineMaterials/Substrate/Glints2/dict_0005_0172.uasset" 5289
"../../../Engine/Content/EngineMaterials/Substrate/Glints2/dict_0005_0118.uasset" 5290
"../../../Engine/Content/EngineMaterials/Substrate/Glints2/dict_0003_0223.uasset" 5291
"../../../Engine/Content/EngineMaterials/Substrate/Glints2/dict_0007_0033.uasset" 5292
"../../../Engine/Content/EngineMaterials/Substrate/Glints2/dict_0003_0152.uasset" 5293
"../../../Engine/Content/EngineMaterials/Substrate/Glints2/dict_0005_0135.uasset" 5294
"../../../Engine/Content/EngineMaterials/Substrate/Glints2/dict_0004_0096.uasset" 5295
"../../../Engine/Content/EngineMaterials/Substrate/Glints2/dict_0003_0220.uasset" 5296
"../../../Engine/Content/EngineMaterials/Substrate/Glints2/dict_0003_0084.uasset" 5297
"../../../Engine/Content/EngineMaterials/Substrate/Glints2/dict_0007_0016.uasset" 5298
"../../../Engine/Content/EngineMaterials/Substrate/Glints2/dict_0002_0233.uasset" 5299
"../../../Engine/Content/EngineMaterials/Substrate/Glints2/dict_0006_0121.uasset" 5300
"../../../Engine/Content/EngineMaterials/Substrate/Glints2/dict_0006_0049.uasset" 5301
"../../../Engine/Content/EngineMaterials/Substrate/Glints2/dict_0006_0027.uasset" 5302
"../../../Engine/Content/EngineMaterials/Substrate/GLints/dict_16_192_64_0p5_0p02_0047_0010.uasset" 5303
"../../../Engine/Content/EngineMaterials/Substrate/GLints/dict_16_192_64_0p5_0p02_0039_0007.uasset" 5304
"../../../Engine/Content/EngineMaterials/Substrate/GLints/dict_16_192_64_0p5_0p02_0023_0009.uasset" 5305
"../../../Engine/Content/EngineMaterials/Substrate/GLints/dict_16_192_64_0p5_0p02_0028_0008.uasset" 5306
"../../../Engine/Content/EngineMaterials/Substrate/GLints/dict_16_192_64_0p5_0p02_0052_0015.uasset" 5307
"../../../Engine/Content/EngineMaterials/Substrate/GLints/dict_16_192_64_0p5_0p02_0025_0007.uasset" 5308
"../../../Engine/Content/EngineMaterials/Substrate/GLints/dict_16_192_64_0p5_0p02_0061_0004.uasset" 5309
"../../../Engine/Content/EngineMaterials/Substrate/GLints/dict_16_192_64_0p5_0p02_0022_0011.uasset" 5310
"../../../Engine/Content/EngineMaterials/Substrate/GLints/dict_16_192_64_0p5_0p02_0048_0011.uasset" 5311
"../../../Engine/Content/EngineMaterials/Substrate/GLints/dict_16_192_64_0p5_0p02_0010_0002.uasset" 5312
"../../../Engine/Content/EngineMaterials/Substrate/GLints/dict_16_192_64_0p5_0p02_0057_0000.uasset" 5313
"../../../Engine/Content/EngineMaterials/Substrate/GLints/dict_16_192_64_0p5_0p02_0058_0012.uasset" 5314
"../../../Engine/Content/EngineMaterials/Substrate/GLints/dict_16_192_64_0p5_0p02_0050_0014.uasset" 5315
"../../../Engine/Content/EngineMaterials/Substrate/GLints/dict_16_192_64_0p5_0p02_0014_0014.uasset" 5316
"../../../Engine/Content/EngineMaterials/Substrate/GLints/dict_16_192_64_0p5_0p02_0017_0006.uasset" 5317
"../../../Engine/Content/EngineMaterials/Substrate/GLints/dict_16_192_64_0p5_0p02_0038_0014.uasset" 5318
"../../../Engine/Content/EngineMaterials/Substrate/GLints/dict_16_192_64_0p5_0p02_0050_0006.uasset" 5319
"../../../Engine/Content/EngineMaterials/Substrate/GLints/dict_16_192_64_0p5_0p02_0027_0003.uasset" 5320
"../../../Engine/Content/EngineMaterials/Substrate/GLints/dict_16_192_64_0p5_0p02_0056_0006.uasset" 5321
"../../../Engine/Content/EngineMaterials/Substrate/GLints/dict_16_192_64_0p5_0p02_0014_0008.uasset" 5322
"../../../Engine/Content/EngineMaterials/Substrate/GLints/dict_16_192_64_0p5_0p02_0023_0013.uasset" 5323
"../../../Engine/Content/EngineMaterials/Substrate/GLints/dict_16_192_64_0p5_0p02_0000_0007.uasset" 5324
"../../../Engine/Content/EngineMaterials/Substrate/GLints/dict_16_192_64_0p5_0p02_0043_0015.uasset" 5325
"../../../Engine/Content/EngineMaterials/Substrate/GLints/dict_16_192_64_0p5_0p02_0032_0010.uasset" 5326
"../../../Engine/Content/EngineMaterials/Substrate/GLints/dict_16_192_64_0p5_0p02_0002_0001.uasset" 5327
"../../../Engine/Content/EngineMaterials/Substrate/GLints/dict_16_192_64_0p5_0p02_0063_0001.uasset" 5328
"../../../Engine/Content/EngineMaterials/Substrate/GLints/dict_16_192_64_0p5_0p02_0058_0009.uasset" 5329
"../../../Engine/Content/EngineMaterials/Substrate/GLints/dict_16_192_64_0p5_0p02_0060_0003.uasset" 5330
"../../../Engine/Content/EngineMaterials/Substrate/GLints/dict_16_192_64_0p5_0p02_0062_0006.uasset" 5331
"../../../Engine/Content/EngineMaterials/Substrate/GLints/dict_16_192_64_0p5_0p02_0013_0011.uasset" 5332
"../../../Engine/Content/EngineMaterials/Substrate/GLints/dict_16_192_64_0p5_0p02_0008_0007.uasset" 5333
"../../../Engine/Content/EngineMaterials/Substrate/GLints/dict_16_192_64_0p5_0p02_0007_0014.uasset" 5334
"../../../Engine/Content/EngineMaterials/Substrate/GLints/dict_16_192_64_0p5_0p02_0060_0000.uasset" 5335
"../../../Engine/Content/EngineMaterials/Substrate/GLints/dict_16_192_64_0p5_0p02_0033_0015.uasset" 5336
"../../../Engine/Content/EngineMaterials/Substrate/GLints/dict_16_192_64_0p5_0p02_0020_0015.uasset" 5337
"../../../Engine/Content/EngineMaterials/Substrate/GLints/dict_16_192_64_0p5_0p02_0006_0013.uasset" 5338
"../../../Engine/Content/EngineMaterials/Substrate/GLints/dict_16_192_64_0p5_0p02_0057_0008.uasset" 5339
"../../../Engine/Content/EngineMaterials/Substrate/GLints/dict_16_192_64_0p5_0p02_0042_0013.uasset" 5340
"../../../Engine/Content/EngineMaterials/Substrate/GLints/dict_16_192_64_0p5_0p02_0040_0009.uasset" 5341
"../../../Engine/Content/EngineMaterials/Substrate/GLints/dict_16_192_64_0p5_0p02_0026_0014.uasset" 5342
"../../../Engine/Content/EngineMaterials/Substrate/GLints/dict_16_192_64_0p5_0p02_0002_0011.uasset" 5343
"../../../Engine/Content/EngineMaterials/Substrate/GLints/dict_16_192_64_0p5_0p02_0001_0000.uasset" 5344
"../../../Engine/Content/EngineMaterials/Substrate/GLints/dict_16_192_64_0p5_0p02_0045_0013.uasset" 5345
"../../../Engine/Content/EngineMaterials/Substrate/GLints/dict_16_192_64_0p5_0p02_0034_0000.uasset" 5346
"../../../Engine/Content/EngineMaterials/Substrate/GLints/dict_16_192_64_0p5_0p02_0004_0007.uasset" 5347
"../../../Engine/Content/EngineMaterials/Substrate/GLints/dict_16_192_64_0p5_0p02_0042_0006.uasset" 5348
"../../../Engine/Content/EngineMaterials/Substrate/GLints/dict_16_192_64_0p5_0p02_0016_0009.uasset" 5349
"../../../Engine/Content/EngineMaterials/Substrate/GLints/dict_16_192_64_0p5_0p02_0006_0001.uasset" 5350
"../../../Engine/Content/EngineMaterials/Substrate/GLints/dict_16_192_64_0p5_0p02_0030_0013.uasset" 5351
"../../../Engine/Content/EngineMaterials/Substrate/GLints/dict_16_192_64_0p5_0p02_0041_0007.uasset" 5352
"../../../Engine/Content/EngineMaterials/Substrate/GLints/dict_16_192_64_0p5_0p02_0015_0009.uasset" 5353
"../../../Engine/Content/EngineMaterials/Substrate/GLints/dict_16_192_64_0p5_0p02_0016_0005.uasset" 5354
"../../../Engine/Content/EngineMaterials/Substrate/GLints/dict_16_192_64_0p5_0p02_0040_0006.uasset" 5355
"../../../Engine/Content/EngineMaterials/Substrate/GLints/dict_16_192_64_0p5_0p02_0036_0000.uasset" 5356
"../../../Engine/Content/EngineMaterials/Substrate/GLints/dict_16_192_64_0p5_0p02_0054_0005.uasset" 5357
"../../../Engine/Content/EngineMaterials/Substrate/GLints/dict_16_192_64_0p5_0p02_0052_0011.uasset" 5358
"../../../Engine/Content/EngineMaterials/Substrate/GLints/dict_16_192_64_0p5_0p02_0042_0008.uasset" 5359
"../../../Engine/Content/EngineMaterials/Substrate/GLints/dict_16_192_64_0p5_0p02_0002_0012.uasset" 5360
"../../../Engine/Content/EngineMaterials/Substrate/GLints/dict_16_192_64_0p5_0p02_0061_0007.uasset" 5361
"../../../Engine/Content/EngineMaterials/Substrate/GLints/dict_16_192_64_0p5_0p02_0016_0006.uasset" 5362
"../../../Engine/Content/EngineMaterials/Substrate/GLints/dict_16_192_64_0p5_0p02_0057_0014.uasset" 5363
"../../../Engine/Content/EngineMaterials/Substrate/GLints/dict_16_192_64_0p5_0p02_0035_0009.uasset" 5364
"../../../Engine/Content/EngineMaterials/Substrate/GLints/dict_16_192_64_0p5_0p02_0012_0003.uasset" 5365
"../../../Engine/Content/EngineMaterials/Substrate/GLints/dict_16_192_64_0p5_0p02_0035_0000.uasset" 5366
"../../../Engine/Content/EngineMaterials/Substrate/GLints/dict_16_192_64_0p5_0p02_0056_0003.uasset" 5367
"../../../Engine/Content/EngineMaterials/Substrate/GLints/dict_16_192_64_0p5_0p02_0017_0002.uasset" 5368
"../../../Engine/Content/EngineMaterials/Substrate/GLints/dict_16_192_64_0p5_0p02_0024_0000.uasset" 5369
"../../../Engine/Content/EngineMaterials/Substrate/GLints/dict_16_192_64_0p5_0p02_0036_0002.uasset" 5370
"../../../Engine/Content/EngineMaterials/Substrate/GLints/dict_16_192_64_0p5_0p02_0000_0010.uasset" 5371
"../../../Engine/Content/EngineMaterials/Substrate/GLints/dict_16_192_64_0p5_0p02_0024_0014.uasset" 5372
"../../../Engine/Content/EngineMaterials/Substrate/GLints/dict_16_192_64_0p5_0p02_0046_0002.uasset" 5373
"../../../Engine/Content/EngineMaterials/Substrate/GLints/dict_16_192_64_0p5_0p02_0025_0011.uasset" 5374
"../../../Engine/Content/EngineMaterials/Substrate/GLints/dict_16_192_64_0p5_0p02_0003_0009.uasset" 5375
"../../../Engine/Content/EngineMaterials/Substrate/GLints/dict_16_192_64_0p5_0p02_0024_0006.uasset" 5376
"../../../Engine/Content/EngineMaterials/Substrate/GLints/dict_16_192_64_0p5_0p02_0030_0015.uasset" 5377
"../../../Engine/Content/EngineMaterials/Substrate/GLints/dict_16_192_64_0p5_0p02_0025_0000.uasset" 5378
"../../../Engine/Content/EngineMaterials/Substrate/GLints/dict_16_192_64_0p5_0p02_0039_0005.uasset" 5379
"../../../Engine/Content/EngineMaterials/Substrate/GLints/dict_16_192_64_0p5_0p02_0039_0002.uasset" 5380
"../../../Engine/Content/EngineMaterials/Substrate/GLints/dict_16_192_64_0p5_0p02_0047_0000.uasset" 5381
"../../../Engine/Content/EngineMaterials/Substrate/GLints/dict_16_192_64_0p5_0p02_0008_0006.uasset" 5382
"../../../Engine/Content/EngineMaterials/Substrate/GLints/dict_16_192_64_0p5_0p02_0039_0012.uasset" 5383
"../../../Engine/Content/EngineMaterials/Substrate/GLints/dict_16_192_64_0p5_0p02_0056_0008.uasset" 5384
"../../../Engine/Content/EngineMaterials/Substrate/GLints/dict_16_192_64_0p5_0p02_0029_0008.uasset" 5385
"../../../Engine/Content/EngineMaterials/Substrate/GLints/dict_16_192_64_0p5_0p02_0002_0007.uasset" 5386
"../../../Engine/Content/EngineMaterials/Substrate/GLints/dict_16_192_64_0p5_0p02_0006_0012.uasset" 5387
"../../../Engine/Content/EngineMaterials/Substrate/GLints/dict_16_192_64_0p5_0p02_0044_0000.uasset" 5388
"../../../Engine/Content/EngineMaterials/Substrate/GLints/dict_16_192_64_0p5_0p02_0045_0009.uasset" 5389
"../../../Engine/Content/EngineMaterials/Substrate/GLints/dict_16_192_64_0p5_0p02_0057_0006.uasset" 5390
"../../../Engine/Content/EngineMaterials/Substrate/GLints/dict_16_192_64_0p5_0p02_0032_0013.uasset" 5391
"../../../Engine/Content/EngineMaterials/Substrate/GLints/dict_16_192_64_0p5_0p02_0020_0008.uasset" 5392
"../../../Engine/Content/EngineMaterials/Substrate/GLints/dict_16_192_64_0p5_0p02_0019_0005.uasset" 5393
"../../../Engine/Content/EngineMaterials/Substrate/GLints/dict_16_192_64_0p5_0p02_0005_0005.uasset" 5394
"../../../Engine/Content/EngineMaterials/Substrate/GLints/dict_16_192_64_0p5_0p02_0002_0013.uasset" 5395
"../../../Engine/Content/EngineMaterials/Substrate/GLints/dict_16_192_64_0p5_0p02_0047_0003.uasset" 5396
"../../../Engine/Content/EngineMaterials/Substrate/GLints/dict_16_192_64_0p5_0p02_0006_0000.uasset" 5397
"../../../Engine/Content/EngineMaterials/Substrate/GLints/dict_16_192_64_0p5_0p02_0061_0001.uasset" 5398
"../../../Engine/Content/EngineMaterials/Substrate/GLints/dict_16_192_64_0p5_0p02_0004_0012.uasset" 5399
"../../../Engine/Content/EngineMaterials/Substrate/GLints/dict_16_192_64_0p5_0p02_0044_0014.uasset" 5400
"../../../Engine/Content/EngineMaterials/Substrate/GLints/dict_16_192_64_0p5_0p02_0027_0015.uasset" 5401
"../../../Engine/Content/EngineMaterials/Substrate/GLints/dict_16_192_64_0p5_0p02_0054_0006.uasset" 5402
"../../../Engine/Content/EngineMaterials/Substrate/GLints/dict_16_192_64_0p5_0p02_0027_0011.uasset" 5403
"../../../Engine/Content/EngineMaterials/Substrate/GLints/dict_16_192_64_0p5_0p02_0044_0003.uasset" 5404
"../../../Engine/Content/EngineMaterials/Substrate/GLints/dict_16_192_64_0p5_0p02_0018_0014.uasset" 5405
"../../../Engine/Content/EngineMaterials/Substrate/GLints/dict_16_192_64_0p5_0p02_0038_0010.uasset" 5406
"../../../Engine/Content/EngineMaterials/Substrate/GLints/dict_16_192_64_0p5_0p02_0018_0003.uasset" 5407
"../../../Engine/Content/EngineMaterials/Substrate/GLints/dict_16_192_64_0p5_0p02_0010_0013.uasset" 5408
"../../../Engine/Content/EngineMaterials/Substrate/GLints/dict_16_192_64_0p5_0p02_0035_0013.uasset" 5409
"../../../Engine/Content/EngineMaterials/Substrate/GLints/dict_16_192_64_0p5_0p02_0007_0015.uasset" 5410
"../../../Engine/Content/EngineMaterials/Substrate/GLints/dict_16_192_64_0p5_0p02_0012_0006.uasset" 5411
"../../../Engine/Content/EngineMaterials/Substrate/GLints/dict_16_192_64_0p5_0p02_0056_0001.uasset" 5412
"../../../Engine/Content/EngineMaterials/Substrate/GLints/dict_16_192_64_0p5_0p02_0042_0007.uasset" 5413
"../../../Engine/Content/EngineMaterials/Substrate/GLints/dict_16_192_64_0p5_0p02_0054_0013.uasset" 5414
"../../../Engine/Content/EngineMaterials/Substrate/GLints/dict_16_192_64_0p5_0p02_0045_0005.uasset" 5415
"../../../Engine/Content/EngineMaterials/Substrate/GLints/dict_16_192_64_0p5_0p02_0022_0005.uasset" 5416
"../../../Engine/Content/EngineMaterials/Substrate/GLints/dict_16_192_64_0p5_0p02_0020_0004.uasset" 5417
"../../../Engine/Content/EngineMaterials/Substrate/GLints/dict_16_192_64_0p5_0p02_0035_0008.uasset" 5418
"../../../Engine/Content/EngineMaterials/Substrate/GLints/dict_16_192_64_0p5_0p02_0053_0014.uasset" 5419
"../../../Engine/Content/EngineMaterials/Substrate/GLints/dict_16_192_64_0p5_0p02_0036_0008.uasset" 5420
"../../../Engine/Content/EngineMaterials/Substrate/GLints/dict_16_192_64_0p5_0p02_0061_0015.uasset" 5421
"../../../Engine/Content/EngineMaterials/Substrate/GLints/dict_16_192_64_0p5_0p02_0009_0007.uasset" 5422
"../../../Engine/Content/EngineMaterials/Substrate/GLints/dict_16_192_64_0p5_0p02_0063_0003.uasset" 5423
"../../../Engine/Content/EngineMaterials/Substrate/GLints/dict_16_192_64_0p5_0p02_0049_0009.uasset" 5424
"../../../Engine/Content/EngineMaterials/Substrate/GLints/dict_16_192_64_0p5_0p02_0027_0010.uasset" 5425
"../../../Engine/Content/EngineMaterials/Substrate/GLints/dict_16_192_64_0p5_0p02_0053_0012.uasset" 5426
"../../../Engine/Content/EngineMaterials/Substrate/GLints/dict_16_192_64_0p5_0p02_0024_0003.uasset" 5427
"../../../Engine/Content/EngineMaterials/Substrate/GLints/dict_16_192_64_0p5_0p02_0007_0008.uasset" 5428
"../../../Engine/Content/EngineMaterials/Substrate/GLints/dict_16_192_64_0p5_0p02_0020_0011.uasset" 5429
"../../../Engine/Content/EngineMaterials/Substrate/GLints/dict_16_192_64_0p5_0p02_0035_0004.uasset" 5430
"../../../Engine/Content/EngineMaterials/Substrate/GLints/dict_16_192_64_0p5_0p02_0032_0012.uasset" 5431
"../../../Engine/Content/EngineMaterials/Substrate/GLints/dict_16_192_64_0p5_0p02_0004_0013.uasset" 5432
"../../../Engine/Content/EngineMaterials/Substrate/GLints/dict_16_192_64_0p5_0p02_0047_0002.uasset" 5433
"../../../Engine/Content/EngineMaterials/Substrate/GLints/dict_16_192_64_0p5_0p02_0015_0002.uasset" 5434
"../../../Engine/Content/EngineMaterials/Substrate/GLints/dict_16_192_64_0p5_0p02_0018_0012.uasset" 5435
"../../../Engine/Content/EngineMaterials/Substrate/GLints/dict_16_192_64_0p5_0p02_0045_0002.uasset" 5436
"../../../Engine/Content/EngineMaterials/Substrate/GLints/dict_16_192_64_0p5_0p02_0010_0000.uasset" 5437
"../../../Engine/Content/EngineMaterials/Substrate/GLints/dict_16_192_64_0p5_0p02_0050_0008.uasset" 5438
"../../../Engine/Content/EngineMaterials/Substrate/GLints/dict_16_192_64_0p5_0p02_0051_0005.uasset" 5439
"../../../Engine/Content/EngineMaterials/Substrate/GLints/dict_16_192_64_0p5_0p02_0035_0001.uasset" 5440
"../../../Engine/Content/EngineMaterials/Substrate/GLints/dict_16_192_64_0p5_0p02_0020_0007.uasset" 5441
"../../../Engine/Content/EngineMaterials/Substrate/GLints/dict_16_192_64_0p5_0p02_0024_0009.uasset" 5442
"../../../Engine/Content/EngineMaterials/Substrate/GLints/dict_16_192_64_0p5_0p02_0003_0000.uasset" 5443
"../../../Engine/Content/EngineMaterials/Substrate/GLints/dict_16_192_64_0p5_0p02_0058_0002.uasset" 5444
"../../../Engine/Content/EngineMaterials/Substrate/GLints/dict_16_192_64_0p5_0p02_0040_0003.uasset" 5445
"../../../Engine/Content/EngineMaterials/Substrate/GLints/dict_16_192_64_0p5_0p02_0006_0008.uasset" 5446
"../../../Engine/Content/EngineMaterials/Substrate/GLints/dict_16_192_64_0p5_0p02_0042_0000.uasset" 5447
"../../../Engine/Content/EngineMaterials/Substrate/GLints/dict_16_192_64_0p5_0p02_0058_0014.uasset" 5448
"../../../Engine/Content/EngineMaterials/Substrate/GLints/dict_16_192_64_0p5_0p02_0053_0015.uasset" 5449
"../../../Engine/Content/EngineMaterials/Substrate/GLints/dict_16_192_64_0p5_0p02_0060_0004.uasset" 5450
"../../../Engine/Content/EngineMaterials/Substrate/GLints/dict_16_192_64_0p5_0p02_0017_0009.uasset" 5451
"../../../Engine/Content/EngineMaterials/Substrate/GLints/dict_16_192_64_0p5_0p02_0015_0006.uasset" 5452
"../../../Engine/Content/EngineMaterials/Substrate/GLints/dict_16_192_64_0p5_0p02_0043_0014.uasset" 5453
"../../../Engine/Content/EngineMaterials/Substrate/GLints/dict_16_192_64_0p5_0p02_0022_0000.uasset" 5454
"../../../Engine/Content/EngineMaterials/Substrate/GLints/dict_16_192_64_0p5_0p02_0054_0002.uasset" 5455
"../../../Engine/Content/EngineMaterials/Substrate/GLints/dict_16_192_64_0p5_0p02_0040_0012.uasset" 5456
"../../../Engine/Content/EngineMaterials/Substrate/GLints/dict_16_192_64_0p5_0p02_0056_0009.uasset" 5457
"../../../Engine/Content/EngineMaterials/Substrate/GLints/dict_16_192_64_0p5_0p02_0000_0004.uasset" 5458
"../../../Engine/Content/EngineMaterials/Substrate/GLints/dict_16_192_64_0p5_0p02_0052_0004.uasset" 5459
"../../../Engine/Content/EngineMaterials/Substrate/GLints/dict_16_192_64_0p5_0p02_0000_0002.uasset" 5460
"../../../Engine/Content/EngineMaterials/Substrate/GLints/dict_16_192_64_0p5_0p02_0029_0014.uasset" 5461
"../../../Engine/Content/EngineMaterials/Substrate/GLints/dict_16_192_64_0p5_0p02_0003_0008.uasset" 5462
"../../../Engine/Content/EngineMaterials/Substrate/GLints/dict_16_192_64_0p5_0p02_0023_0014.uasset" 5463
"../../../Engine/Content/EngineMaterials/Substrate/GLints/dict_16_192_64_0p5_0p02_0016_0012.uasset" 5464
"../../../Engine/Content/EngineMaterials/Substrate/GLints/dict_16_192_64_0p5_0p02_0057_0004.uasset" 5465
"../../../Engine/Content/EngineMaterials/Substrate/GLints/dict_16_192_64_0p5_0p02_0053_0002.uasset" 5466
"../../../Engine/Content/EngineMaterials/Substrate/GLints/dict_16_192_64_0p5_0p02_0045_0000.uasset" 5467
"../../../Engine/Content/EngineMaterials/Substrate/GLints/dict_16_192_64_0p5_0p02_0033_0006.uasset" 5468
"../../../Engine/Content/EngineMaterials/Substrate/GLints/dict_16_192_64_0p5_0p02_0026_0012.uasset" 5469
"../../../Engine/Content/EngineMaterials/Substrate/GLints/dict_16_192_64_0p5_0p02_0002_0003.uasset" 5470
"../../../Engine/Content/EngineMaterials/Substrate/GLints/dict_16_192_64_0p5_0p02_0052_0006.uasset" 5471
"../../../Engine/Content/EngineMaterials/Substrate/GLints/dict_16_192_64_0p5_0p02_0003_0007.uasset" 5472
"../../../Engine/Content/EngineMaterials/Substrate/GLints/dict_16_192_64_0p5_0p02_0015_0011.uasset" 5473
"../../../Engine/Content/EngineMaterials/Substrate/GLints/dict_16_192_64_0p5_0p02_0054_0004.uasset" 5474
"../../../Engine/Content/EngineMaterials/Substrate/GLints/dict_16_192_64_0p5_0p02_0055_0007.uasset" 5475
"../../../Engine/Content/EngineMaterials/Substrate/GLints/dict_16_192_64_0p5_0p02_0061_0010.uasset" 5476
"../../../Engine/Content/EngineMaterials/Substrate/GLints/dict_16_192_64_0p5_0p02_0021_0015.uasset" 5477
"../../../Engine/Content/EngineMaterials/Substrate/GLints/dict_16_192_64_0p5_0p02_0036_0004.uasset" 5478
"../../../Engine/Content/EngineMaterials/Substrate/GLints/dict_16_192_64_0p5_0p02_0025_0013.uasset" 5479
"../../../Engine/Content/EngineMaterials/Substrate/GLints/dict_16_192_64_0p5_0p02_0012_0011.uasset" 5480
"../../../Engine/Content/EngineMaterials/Substrate/GLints/dict_16_192_64_0p5_0p02_0005_0002.uasset" 5481
"../../../Engine/Content/EngineMaterials/Substrate/GLints/dict_16_192_64_0p5_0p02_0039_0013.uasset" 5482
"../../../Engine/Content/EngineMaterials/Substrate/GLints/dict_16_192_64_0p5_0p02_0061_0012.uasset" 5483
"../../../Engine/Content/EngineMaterials/Substrate/GLints/dict_16_192_64_0p5_0p02_0016_0008.uasset" 5484
"../../../Engine/Content/EngineMaterials/Substrate/GLints/dict_16_192_64_0p5_0p02_0034_0002.uasset" 5485
"../../../Engine/Content/EngineMaterials/Substrate/GLints/dict_16_192_64_0p5_0p02_0025_0010.uasset" 5486
"../../../Engine/Content/EngineMaterials/Substrate/GLints/dict_16_192_64_0p5_0p02_0010_0001.uasset" 5487
"../../../Engine/Content/EngineMaterials/Substrate/GLints/dict_16_192_64_0p5_0p02_0057_0011.uasset" 5488
"../../../Engine/Content/EngineMaterials/Substrate/GLints/dict_16_192_64_0p5_0p02_0049_0000.uasset" 5489
"../../../Engine/Content/EngineMaterials/Substrate/GLints/dict_16_192_64_0p5_0p02_0056_0005.uasset" 5490
"../../../Engine/Content/EngineMaterials/Substrate/GLints/dict_16_192_64_0p5_0p02_0052_0005.uasset" 5491
"../../../Engine/Content/EngineMaterials/Substrate/GLints/dict_16_192_64_0p5_0p02_0001_0015.uasset" 5492
"../../../Engine/Content/EngineMaterials/Substrate/GLints/dict_16_192_64_0p5_0p02_0031_0006.uasset" 5493
"../../../Engine/Content/EngineMaterials/Substrate/GLints/dict_16_192_64_0p5_0p02_0022_0009.uasset" 5494
"../../../Engine/Content/EngineMaterials/Substrate/GLints/dict_16_192_64_0p5_0p02_0005_0004.uasset" 5495
"../../../Engine/Content/EngineMaterials/Substrate/GLints/dict_16_192_64_0p5_0p02_0025_0003.uasset" 5496
"../../../Engine/Content/EngineMaterials/Substrate/GLints/dict_16_192_64_0p5_0p02_0016_0011.uasset" 5497
"../../../Engine/Content/EngineMaterials/Substrate/GLints/dict_16_192_64_0p5_0p02_0043_0002.uasset" 5498
"../../../Engine/Content/EngineMaterials/Substrate/GLints/dict_16_192_64_0p5_0p02_0012_0002.uasset" 5499
"../../../Engine/Content/EngineMaterials/Substrate/GLints/dict_16_192_64_0p5_0p02_0012_0001.uasset" 5500
"../../../Engine/Content/EngineMaterials/Substrate/GLints/dict_16_192_64_0p5_0p02_0023_0010.uasset" 5501
"../../../Engine/Content/EngineMaterials/Substrate/GLints/dict_16_192_64_0p5_0p02_0043_0006.uasset" 5502
"../../../Engine/Content/EngineMaterials/Substrate/GLints/dict_16_192_64_0p5_0p02_0034_0009.uasset" 5503
"../../../Engine/Content/EngineMaterials/Substrate/GLints/dict_16_192_64_0p5_0p02_0033_0008.uasset" 5504
"../../../Engine/Content/EngineMaterials/Substrate/GLints/dict_16_192_64_0p5_0p02_0063_0011.uasset" 5505
"../../../Engine/Content/EngineMaterials/Substrate/GLints/dict_16_192_64_0p5_0p02_0052_0001.uasset" 5506
"../../../Engine/Content/EngineMaterials/Substrate/GLints/dict_16_192_64_0p5_0p02_0042_0002.uasset" 5507
"../../../Engine/Content/EngineMaterials/Substrate/GLints/dict_16_192_64_0p5_0p02_0022_0002.uasset" 5508
"../../../Engine/Content/EngineMaterials/Substrate/GLints/dict_16_192_64_0p5_0p02_0017_0001.uasset" 5509
"../../../Engine/Content/EngineMaterials/Substrate/GLints/dict_16_192_64_0p5_0p02_0044_0013.uasset" 5510
"../../../Engine/Content/EngineMaterials/Substrate/GLints/dict_16_192_64_0p5_0p02_0051_0011.uasset" 5511
"../../../Engine/Content/EngineMaterials/Substrate/GLints/dict_16_192_64_0p5_0p02_0029_0004.uasset" 5512
"../../../Engine/Content/EngineMaterials/Substrate/GLints/dict_16_192_64_0p5_0p02_0031_0004.uasset" 5513
"../../../Engine/Content/EngineMaterials/Substrate/GLints/dict_16_192_64_0p5_0p02_0049_0004.uasset" 5514
"../../../Engine/Content/EngineMaterials/Substrate/GLints/dict_16_192_64_0p5_0p02_0045_0004.uasset" 5515
"../../../Engine/Content/EngineMaterials/Substrate/GLints/dict_16_192_64_0p5_0p02_0026_0003.uasset" 5516
"../../../Engine/Content/EngineMaterials/Substrate/GLints/dict_16_192_64_0p5_0p02_0008_0013.uasset" 5517
"../../../Engine/Content/EngineMaterials/Substrate/GLints/dict_16_192_64_0p5_0p02_0057_0001.uasset" 5518
"../../../Engine/Content/EngineMaterials/Substrate/GLints/dict_16_192_64_0p5_0p02_0043_0012.uasset" 5519
"../../../Engine/Content/EngineMaterials/Substrate/GLints/dict_16_192_64_0p5_0p02_0059_0003.uasset" 5520
"../../../Engine/Content/EngineMaterials/Substrate/GLints/dict_16_192_64_0p5_0p02_0031_0015.uasset" 5521
"../../../Engine/Content/EngineMaterials/Substrate/GLints/dict_16_192_64_0p5_0p02_0032_0001.uasset" 5522
"../../../Engine/Content/EngineMaterials/Substrate/GLints/dict_16_192_64_0p5_0p02_0004_0002.uasset" 5523
"../../../Engine/Content/EngineMaterials/Substrate/GLints/dict_16_192_64_0p5_0p02_0000_0015.uasset" 5524
"../../../Engine/Content/EngineMaterials/Substrate/GLints/dict_16_192_64_0p5_0p02_0035_0014.uasset" 5525
"../../../Engine/Content/EngineMaterials/Substrate/GLints/dict_16_192_64_0p5_0p02_0006_0006.uasset" 5526
"../../../Engine/Content/EngineMaterials/Substrate/GLints/dict_16_192_64_0p5_0p02_0034_0007.uasset" 5527
"../../../Engine/Content/EngineMaterials/Substrate/GLints/dict_16_192_64_0p5_0p02_0013_0002.uasset" 5528
"../../../Engine/Content/EngineMaterials/Substrate/GLints/dict_16_192_64_0p5_0p02_0013_0004.uasset" 5529
"../../../Engine/Content/EngineMaterials/Substrate/GLints/dict_16_192_64_0p5_0p02_0008_0011.uasset" 5530
"../../../Engine/Content/EngineMaterials/Substrate/GLints/dict_16_192_64_0p5_0p02_0029_0007.uasset" 5531
"../../../Engine/Content/EngineMaterials/Substrate/GLints/dict_16_192_64_0p5_0p02_0014_0005.uasset" 5532
"../../../Engine/Content/EngineMaterials/Substrate/GLints/dict_16_192_64_0p5_0p02_0047_0015.uasset" 5533
"../../../Engine/Content/EngineMaterials/Substrate/GLints/dict_16_192_64_0p5_0p02_0043_0008.uasset" 5534
"../../../Engine/Content/EngineMaterials/Substrate/GLints/dict_16_192_64_0p5_0p02_0059_0015.uasset" 5535
"../../../Engine/Content/EngineMaterials/Substrate/GLints/dict_16_192_64_0p5_0p02_0048_0006.uasset" 5536
"../../../Engine/Content/EngineMaterials/Substrate/GLints/dict_16_192_64_0p5_0p02_0041_0012.uasset" 5537
"../../../Engine/Content/EngineMaterials/Substrate/GLints/dict_16_192_64_0p5_0p02_0016_0015.uasset" 5538
"../../../Engine/Content/EngineMaterials/Substrate/GLints/dict_16_192_64_0p5_0p02_0007_0011.uasset" 5539
"../../../Engine/Content/EngineMaterials/Substrate/GLints/dict_16_192_64_0p5_0p02_0049_0005.uasset" 5540
"../../../Engine/Content/EngineMaterials/Substrate/GLints/dict_16_192_64_0p5_0p02_0048_0003.uasset" 5541
"../../../Engine/Content/EngineMaterials/Substrate/GLints/dict_16_192_64_0p5_0p02_0059_0001.uasset" 5542
"../../../Engine/Content/EngineMaterials/Substrate/GLints/dict_16_192_64_0p5_0p02_0024_0011.uasset" 5543
"../../../Engine/Content/EngineMaterials/Substrate/GLints/dict_16_192_64_0p5_0p02_0035_0005.uasset" 5544
"../../../Engine/Content/EngineMaterials/Substrate/GLints/dict_16_192_64_0p5_0p02_0019_0013.uasset" 5545
"../../../Engine/Content/EngineMaterials/Substrate/GLints/dict_16_192_64_0p5_0p02_0029_0006.uasset" 5546
"../../../Engine/Content/EngineMaterials/Substrate/GLints/dict_16_192_64_0p5_0p02_0049_0006.uasset" 5547
"../../../Engine/Content/EngineMaterials/Substrate/GLints/dict_16_192_64_0p5_0p02_0020_0001.uasset" 5548
"../../../Engine/Content/EngineMaterials/Substrate/GLints/dict_16_192_64_0p5_0p02_0011_0013.uasset" 5549
"../../../Engine/Content/EngineMaterials/Substrate/GLints/dict_16_192_64_0p5_0p02_0038_0004.uasset" 5550
"../../../Engine/Content/EngineMaterials/Substrate/GLints/dict_16_192_64_0p5_0p02_0034_0003.uasset" 5551
"../../../Engine/Content/EngineMaterials/Substrate/GLints/dict_16_192_64_0p5_0p02_0033_0013.uasset" 5552
"../../../Engine/Content/EngineMaterials/Substrate/GLints/dict_16_192_64_0p5_0p02_0000_0011.uasset" 5553
"../../../Engine/Content/EngineMaterials/Substrate/GLints/dict_16_192_64_0p5_0p02_0028_0010.uasset" 5554
"../../../Engine/Content/EngineMaterials/Substrate/GLints/dict_16_192_64_0p5_0p02_0049_0003.uasset" 5555
"../../../Engine/Content/EngineMaterials/Substrate/GLints/dict_16_192_64_0p5_0p02_0003_0013.uasset" 5556
"../../../Engine/Content/EngineMaterials/Substrate/GLints/dict_16_192_64_0p5_0p02_0041_0013.uasset" 5557
"../../../Engine/Content/EngineMaterials/Substrate/GLints/dict_16_192_64_0p5_0p02_0038_0008.uasset" 5558
"../../../Engine/Content/EngineMaterials/Substrate/GLints/dict_16_192_64_0p5_0p02_0023_0008.uasset" 5559
"../../../Engine/Content/EngineMaterials/Substrate/GLints/dict_16_192_64_0p5_0p02_0009_0004.uasset" 5560
"../../../Engine/Content/EngineMaterials/Substrate/GLints/dict_16_192_64_0p5_0p02_0007_0003.uasset" 5561
"../../../Engine/Content/EngineMaterials/Substrate/GLints/dict_16_192_64_0p5_0p02_0051_0014.uasset" 5562
"../../../Engine/Content/EngineMaterials/Substrate/GLints/dict_16_192_64_0p5_0p02_0031_0011.uasset" 5563
"../../../Engine/Content/EngineMaterials/Substrate/GLints/dict_16_192_64_0p5_0p02_0059_0000.uasset" 5564
"../../../Engine/Content/EngineMaterials/Substrate/GLints/dict_16_192_64_0p5_0p02_0008_0014.uasset" 5565
"../../../Engine/Content/EngineMaterials/Substrate/GLints/dict_16_192_64_0p5_0p02_0014_0006.uasset" 5566
"../../../Engine/Content/EngineMaterials/Substrate/GLints/dict_16_192_64_0p5_0p02_0036_0012.uasset" 5567
"../../../Engine/Content/EngineMaterials/Substrate/GLints/dict_16_192_64_0p5_0p02_0014_0007.uasset" 5568
"../../../Engine/Content/EngineMaterials/Substrate/GLints/dict_16_192_64_0p5_0p02_0022_0010.uasset" 5569
"../../../Engine/Content/EngineMaterials/Substrate/GLints/dict_16_192_64_0p5_0p02_0011_0006.uasset" 5570
"../../../Engine/Content/EngineMaterials/Substrate/GLints/dict_16_192_64_0p5_0p02_0014_0000.uasset" 5571
"../../../Engine/Content/EngineMaterials/Substrate/GLints/dict_16_192_64_0p5_0p02_0053_0001.uasset" 5572
"../../../Engine/Content/EngineMaterials/Substrate/GLints/dict_16_192_64_0p5_0p02_0061_0006.uasset" 5573
"../../../Engine/Content/EngineMaterials/Substrate/GLints/dict_16_192_64_0p5_0p02_0058_0005.uasset" 5574
"../../../Engine/Content/EngineMaterials/Substrate/GLints/dict_16_192_64_0p5_0p02_0046_0014.uasset" 5575
"../../../Engine/Content/EngineMaterials/Substrate/GLints/dict_16_192_64_0p5_0p02_0044_0005.uasset" 5576
"../../../Engine/Content/EngineMaterials/Substrate/GLints/dict_16_192_64_0p5_0p02_0051_0003.uasset" 5577
"../../../Engine/Content/EngineMaterials/Substrate/GLints/dict_16_192_64_0p5_0p02_0044_0008.uasset" 5578
"../../../Engine/Content/EngineMaterials/Substrate/GLints/dict_16_192_64_0p5_0p02_0006_0015.uasset" 5579
"../../../Engine/Content/EngineMaterials/Substrate/GLints/dict_16_192_64_0p5_0p02_0037_0002.uasset" 5580
"../../../Engine/Content/EngineMaterials/Substrate/GLints/dict_16_192_64_0p5_0p02_0001_0011.uasset" 5581
"../../../Engine/Content/EngineMaterials/Substrate/GLints/dict_16_192_64_0p5_0p02_0046_0006.uasset" 5582
"../../../Engine/Content/EngineMaterials/Substrate/GLints/dict_16_192_64_0p5_0p02_0042_0004.uasset" 5583
"../../../Engine/Content/EngineMaterials/Substrate/GLints/dict_16_192_64_0p5_0p02_0045_0008.uasset" 5584
"../../../Engine/Content/EngineMaterials/Substrate/GLints/dict_16_192_64_0p5_0p02_0002_0008.uasset" 5585
"../../../Engine/Content/EngineMaterials/Substrate/GLints/dict_16_192_64_0p5_0p02_0034_0001.uasset" 5586
"../../../Engine/Content/EngineMaterials/Substrate/GLints/dict_16_192_64_0p5_0p02_0046_0011.uasset" 5587
"../../../Engine/Content/EngineMaterials/Substrate/GLints/dict_16_192_64_0p5_0p02_0043_0009.uasset" 5588
"../../../Engine/Content/EngineMaterials/Substrate/GLints/dict_16_192_64_0p5_0p02_0063_0014.uasset" 5589
"../../../Engine/Content/EngineMaterials/Substrate/GLints/dict_16_192_64_0p5_0p02_0057_0005.uasset" 5590
"../../../Engine/Content/EngineMaterials/Substrate/GLints/dict_16_192_64_0p5_0p02_0031_0010.uasset" 5591
"../../../Engine/Content/EngineMaterials/Substrate/GLints/dict_16_192_64_0p5_0p02_0055_0004.uasset" 5592
"../../../Engine/Content/EngineMaterials/Substrate/GLints/dict_16_192_64_0p5_0p02_0042_0012.uasset" 5593
"../../../Engine/Content/EngineMaterials/Substrate/GLints/dict_16_192_64_0p5_0p02_0028_0000.uasset" 5594
"../../../Engine/Content/EngineMaterials/Substrate/GLints/dict_16_192_64_0p5_0p02_0016_0004.uasset" 5595
"../../../Engine/Content/EngineMaterials/Substrate/GLints/dict_16_192_64_0p5_0p02_0014_0015.uasset" 5596
"../../../Engine/Content/EngineMaterials/Substrate/GLints/dict_16_192_64_0p5_0p02_0056_0007.uasset" 5597
"../../../Engine/Content/EngineMaterials/Substrate/GLints/dict_16_192_64_0p5_0p02_0041_0015.uasset" 5598
"../../../Engine/Content/EngineMaterials/Substrate/GLints/dict_16_192_64_0p5_0p02_0004_0004.uasset" 5599
"../../../Engine/Content/EngineMaterials/Substrate/GLints/dict_16_192_64_0p5_0p02_0028_0001.uasset" 5600
"../../../Engine/Content/EngineMaterials/Substrate/GLints/dict_16_192_64_0p5_0p02_0035_0015.uasset" 5601
"../../../Engine/Content/EngineMaterials/Substrate/GLints/dict_16_192_64_0p5_0p02_0055_0003.uasset" 5602
"../../../Engine/Content/EngineMaterials/Substrate/GLints/dict_16_192_64_0p5_0p02_0010_0008.uasset" 5603
"../../../Engine/Content/EngineMaterials/Substrate/GLints/dict_16_192_64_0p5_0p02_0016_0000.uasset" 5604
"../../../Engine/Content/EngineMaterials/Substrate/GLints/dict_16_192_64_0p5_0p02_0001_0002.uasset" 5605
"../../../Engine/Content/EngineMaterials/Substrate/GLints/dict_16_192_64_0p5_0p02_0026_0002.uasset" 5606
"../../../Engine/Content/EngineMaterials/Substrate/GLints/dict_16_192_64_0p5_0p02_0012_0015.uasset" 5607
"../../../Engine/Content/EngineMaterials/Substrate/GLints/dict_16_192_64_0p5_0p02_0009_0003.uasset" 5608
"../../../Engine/Content/EngineMaterials/Substrate/GLints/dict_16_192_64_0p5_0p02_0022_0004.uasset" 5609
"../../../Engine/Content/EngineMaterials/Substrate/GLints/dict_16_192_64_0p5_0p02_0063_0007.uasset" 5610
"../../../Engine/Content/EngineMaterials/Substrate/GLints/dict_16_192_64_0p5_0p02_0010_0003.uasset" 5611
"../../../Engine/Content/EngineMaterials/Substrate/GLints/dict_16_192_64_0p5_0p02_0061_0014.uasset" 5612
"../../../Engine/Content/EngineMaterials/Substrate/GLints/dict_16_192_64_0p5_0p02_0056_0013.uasset" 5613
"../../../Engine/Content/EngineMaterials/Substrate/GLints/dict_16_192_64_0p5_0p02_0033_0005.uasset" 5614
"../../../Engine/Content/EngineMaterials/Substrate/GLints/dict_16_192_64_0p5_0p02_0054_0007.uasset" 5615
"../../../Engine/Content/EngineMaterials/Substrate/GLints/dict_16_192_64_0p5_0p02_0050_0001.uasset" 5616
"../../../Engine/Content/EngineMaterials/Substrate/GLints/dict_16_192_64_0p5_0p02_0004_0000.uasset" 5617
"../../../Engine/Content/EngineMaterials/Substrate/GLints/dict_16_192_64_0p5_0p02_0010_0006.uasset" 5618
"../../../Engine/Content/EngineMaterials/Substrate/GLints/dict_16_192_64_0p5_0p02_0019_0007.uasset" 5619
"../../../Engine/Content/EngineMaterials/Substrate/GLints/dict_16_192_64_0p5_0p02_0050_0003.uasset" 5620
"../../../Engine/Content/EngineMaterials/Substrate/GLints/dict_16_192_64_0p5_0p02_0041_0001.uasset" 5621
"../../../Engine/Content/EngineMaterials/Substrate/GLints/dict_16_192_64_0p5_0p02_0025_0014.uasset" 5622
"../../../Engine/Content/EngineMaterials/Substrate/GLints/dict_16_192_64_0p5_0p02_0008_0004.uasset" 5623
"../../../Engine/Content/EngineMaterials/Substrate/GLints/dict_16_192_64_0p5_0p02_0027_0008.uasset" 5624
"../../../Engine/Content/EngineMaterials/Substrate/GLints/dict_16_192_64_0p5_0p02_0020_0009.uasset" 5625
"../../../Engine/Content/EngineMaterials/Substrate/GLints/dict_16_192_64_0p5_0p02_0062_0011.uasset" 5626
"../../../Engine/Content/EngineMaterials/Substrate/GLints/dict_16_192_64_0p5_0p02_0025_0015.uasset" 5627
"../../../Engine/Content/EngineMaterials/Substrate/GLints/dict_16_192_64_0p5_0p02_0010_0011.uasset" 5628
"../../../Engine/Content/EngineMaterials/Substrate/GLints/dict_16_192_64_0p5_0p02_0010_0004.uasset" 5629
"../../../Engine/Content/EngineMaterials/Substrate/GLints/dict_16_192_64_0p5_0p02_0033_0009.uasset" 5630
"../../../Engine/Content/EngineMaterials/Substrate/GLints/dict_16_192_64_0p5_0p02_0033_0003.uasset" 5631
"../../../Engine/Content/EngineMaterials/Substrate/GLints/dict_16_192_64_0p5_0p02_0005_0009.uasset" 5632
"../../../Engine/Content/EngineMaterials/Substrate/GLints/dict_16_192_64_0p5_0p02_0059_0014.uasset" 5633
"../../../Engine/Content/EngineMaterials/Substrate/GLints/dict_16_192_64_0p5_0p02_0056_0012.uasset" 5634
"../../../Engine/Content/EngineMaterials/Substrate/GLints/dict_16_192_64_0p5_0p02_0055_0005.uasset" 5635
"../../../Engine/Content/EngineMaterials/Substrate/GLints/dict_16_192_64_0p5_0p02_0023_0002.uasset" 5636
"../../../Engine/Content/EngineMaterials/Substrate/GLints/dict_16_192_64_0p5_0p02_0012_0004.uasset" 5637
"../../../Engine/Content/EngineMaterials/Substrate/GLints/dict_16_192_64_0p5_0p02_0048_0002.uasset" 5638
"../../../Engine/Content/EngineMaterials/Substrate/GLints/dict_16_192_64_0p5_0p02_0055_0006.uasset" 5639
"../../../Engine/Content/EngineMaterials/Substrate/GLints/dict_16_192_64_0p5_0p02_0013_0003.uasset" 5640
"../../../Engine/Content/EngineMaterials/Substrate/GLints/dict_16_192_64_0p5_0p02_0032_0002.uasset" 5641
"../../../Engine/Content/EngineMaterials/Substrate/GLints/dict_16_192_64_0p5_0p02_0032_0014.uasset" 5642
"../../../Engine/Content/EngineMaterials/Substrate/GLints/dict_16_192_64_0p5_0p02_0030_0000.uasset" 5643
"../../../Engine/Content/EngineMaterials/Substrate/GLints/dict_16_192_64_0p5_0p02_0028_0014.uasset" 5644
"../../../Engine/Content/EngineMaterials/Substrate/GLints/dict_16_192_64_0p5_0p02_0013_0008.uasset" 5645
"../../../Engine/Content/EngineMaterials/Substrate/GLints/dict_16_192_64_0p5_0p02_0018_0001.uasset" 5646
"../../../Engine/Content/EngineMaterials/Substrate/GLints/dict_16_192_64_0p5_0p02_0014_0012.uasset" 5647
"../../../Engine/Content/EngineMaterials/Substrate/GLints/dict_16_192_64_0p5_0p02_0020_0013.uasset" 5648
"../../../Engine/Content/EngineMaterials/Substrate/GLints/dict_16_192_64_0p5_0p02_0005_0000.uasset" 5649
"../../../Engine/Content/EngineMaterials/Substrate/GLints/dict_16_192_64_0p5_0p02_0034_0010.uasset" 5650
"../../../Engine/Content/EngineMaterials/Substrate/GLints/dict_16_192_64_0p5_0p02_0059_0004.uasset" 5651
"../../../Engine/Content/EngineMaterials/Substrate/GLints/dict_16_192_64_0p5_0p02_0038_0015.uasset" 5652
"../../../Engine/Content/EngineMaterials/Substrate/GLints/dict_16_192_64_0p5_0p02_0018_0010.uasset" 5653
"../../../Engine/Content/EngineMaterials/Substrate/GLints/dict_16_192_64_0p5_0p02_0046_0004.uasset" 5654
"../../../Engine/Content/EngineMaterials/Substrate/GLints/dict_16_192_64_0p5_0p02_0004_0001.uasset" 5655
"../../../Engine/Content/EngineMaterials/Substrate/GLints/dict_16_192_64_0p5_0p02_0048_0004.uasset" 5656
"../../../Engine/Content/EngineMaterials/Substrate/GLints/dict_16_192_64_0p5_0p02_0044_0011.uasset" 5657
"../../../Engine/Content/EngineMaterials/Substrate/GLints/dict_16_192_64_0p5_0p02_0047_0001.uasset" 5658
"../../../Engine/Content/EngineMaterials/Substrate/GLints/dict_16_192_64_0p5_0p02_0020_0010.uasset" 5659
"../../../Engine/Content/EngineMaterials/Substrate/GLints/dict_16_192_64_0p5_0p02_0003_0003.uasset" 5660
"../../../Engine/Content/EngineMaterials/Substrate/GLints/dict_16_192_64_0p5_0p02_0011_0014.uasset" 5661
"../../../Engine/Content/EngineMaterials/Substrate/GLints/dict_16_192_64_0p5_0p02_0030_0003.uasset" 5662
"../../../Engine/Content/EngineMaterials/Substrate/GLints/dict_16_192_64_0p5_0p02_0011_0002.uasset" 5663
"../../../Engine/Content/EngineMaterials/Substrate/GLints/dict_16_192_64_0p5_0p02_0028_0005.uasset" 5664
"../../../Engine/Content/EngineMaterials/Substrate/GLints/dict_16_192_64_0p5_0p02_0020_0003.uasset" 5665
"../../../Engine/Content/EngineMaterials/Substrate/GLints/dict_16_192_64_0p5_0p02_0012_0005.uasset" 5666
"../../../Engine/Content/EngineMaterials/Substrate/GLints/dict_16_192_64_0p5_0p02_0008_0015.uasset" 5667
"../../../Engine/Content/EngineMaterials/Substrate/GLints/dict_16_192_64_0p5_0p02_0013_0012.uasset" 5668
"../../../Engine/Content/EngineMaterials/Substrate/GLints/dict_16_192_64_0p5_0p02_0011_0007.uasset" 5669
"../../../Engine/Content/EngineMaterials/Substrate/GLints/dict_16_192_64_0p5_0p02_0024_0002.uasset" 5670
"../../../Engine/Content/EngineMaterials/Substrate/GLints/dict_16_192_64_0p5_0p02_0003_0010.uasset" 5671
"../../../Engine/Content/EngineMaterials/Substrate/GLints/dict_16_192_64_0p5_0p02_0003_0001.uasset" 5672
"../../../Engine/Content/EngineMaterials/Substrate/GLints/dict_16_192_64_0p5_0p02_0051_0013.uasset" 5673
"../../../Engine/Content/EngineMaterials/Substrate/GLints/dict_16_192_64_0p5_0p02_0001_0008.uasset" 5674
"../../../Engine/Content/EngineMaterials/Substrate/GLints/dict_16_192_64_0p5_0p02_0017_0007.uasset" 5675
"../../../Engine/Content/EngineMaterials/Substrate/GLints/dict_16_192_64_0p5_0p02_0024_0012.uasset" 5676
"../../../Engine/Content/EngineMaterials/Substrate/GLints/dict_16_192_64_0p5_0p02_0054_0001.uasset" 5677
"../../../Engine/Content/EngineMaterials/Substrate/GLints/dict_16_192_64_0p5_0p02_0038_0006.uasset" 5678
"../../../Engine/Content/EngineMaterials/Substrate/GLints/dict_16_192_64_0p5_0p02_0029_0011.uasset" 5679
"../../../Engine/Content/EngineMaterials/Substrate/GLints/dict_16_192_64_0p5_0p02_0008_0012.uasset" 5680
"../../../Engine/Content/EngineMaterials/Substrate/GLints/dict_16_192_64_0p5_0p02_0029_0000.uasset" 5681
"../../../Engine/Content/EngineMaterials/Substrate/GLints/dict_16_192_64_0p5_0p02_0054_0010.uasset" 5682
"../../../Engine/Content/EngineMaterials/Substrate/GLints/dict_16_192_64_0p5_0p02_0051_0006.uasset" 5683
"../../../Engine/Content/EngineMaterials/Substrate/GLints/dict_16_192_64_0p5_0p02_0012_0007.uasset" 5684
"../../../Engine/Content/EngineMaterials/Substrate/GLints/dict_16_192_64_0p5_0p02_0054_0003.uasset" 5685
"../../../Engine/Content/EngineMaterials/Substrate/GLints/dict_16_192_64_0p5_0p02_0040_0000.uasset" 5686
"../../../Engine/Content/EngineMaterials/Substrate/GLints/dict_16_192_64_0p5_0p02_0021_0003.uasset" 5687
"../../../Engine/Content/EngineMaterials/Substrate/GLints/dict_16_192_64_0p5_0p02_0030_0008.uasset" 5688
"../../../Engine/Content/EngineMaterials/Substrate/GLints/dict_16_192_64_0p5_0p02_0063_0010.uasset" 5689
"../../../Engine/Content/EngineMaterials/Substrate/GLints/dict_16_192_64_0p5_0p02_0060_0008.uasset" 5690
"../../../Engine/Content/EngineMaterials/Substrate/GLints/dict_16_192_64_0p5_0p02_0037_0013.uasset" 5691
"../../../Engine/Content/EngineMaterials/Substrate/GLints/dict_16_192_64_0p5_0p02_0061_0003.uasset" 5692
"../../../Engine/Content/EngineMaterials/Substrate/GLints/dict_16_192_64_0p5_0p02_0048_0007.uasset" 5693
"../../../Engine/Content/EngineMaterials/Substrate/GLints/dict_16_192_64_0p5_0p02_0062_0000.uasset" 5694
"../../../Engine/Content/EngineMaterials/Substrate/GLints/dict_16_192_64_0p5_0p02_0038_0000.uasset" 5695
"../../../Engine/Content/EngineMaterials/Substrate/GLints/dict_16_192_64_0p5_0p02_0058_0011.uasset" 5696
"../../../Engine/Content/EngineMaterials/Substrate/GLints/dict_16_192_64_0p5_0p02_0051_0010.uasset" 5697
"../../../Engine/Content/EngineMaterials/Substrate/GLints/dict_16_192_64_0p5_0p02_0014_0002.uasset" 5698
"../../../Engine/Content/EngineMaterials/Substrate/GLints/dict_16_192_64_0p5_0p02_0052_0010.uasset" 5699
"../../../Engine/Content/EngineMaterials/Substrate/GLints/dict_16_192_64_0p5_0p02_0027_0004.uasset" 5700
"../../../Engine/Content/EngineMaterials/Substrate/GLints/dict_16_192_64_0p5_0p02_0037_0003.uasset" 5701
"../../../Engine/Content/EngineMaterials/Substrate/GLints/dict_16_192_64_0p5_0p02_0024_0013.uasset" 5702
"../../../Engine/Content/EngineMaterials/Substrate/GLints/dict_16_192_64_0p5_0p02_0017_0011.uasset" 5703
"../../../Engine/Content/EngineMaterials/Substrate/GLints/dict_16_192_64_0p5_0p02_0016_0003.uasset" 5704
"../../../Engine/Content/EngineMaterials/Substrate/GLints/dict_16_192_64_0p5_0p02_0003_0011.uasset" 5705
"../../../Engine/Content/EngineMaterials/Substrate/GLints/dict_16_192_64_0p5_0p02_0050_0010.uasset" 5706
"../../../Engine/Content/EngineMaterials/Substrate/GLints/dict_16_192_64_0p5_0p02_0035_0006.uasset" 5707
"../../../Engine/Content/EngineMaterials/Substrate/GLints/dict_16_192_64_0p5_0p02_0003_0005.uasset" 5708
"../../../Engine/Content/EngineMaterials/Substrate/GLints/dict_16_192_64_0p5_0p02_0037_0010.uasset" 5709
"../../../Engine/Content/EngineMaterials/Substrate/GLints/dict_16_192_64_0p5_0p02_0036_0011.uasset" 5710
"../../../Engine/Content/EngineMaterials/Substrate/GLints/dict_16_192_64_0p5_0p02_0019_0011.uasset" 5711
"../../../Engine/Content/EngineMaterials/Substrate/GLints/dict_16_192_64_0p5_0p02_0060_0007.uasset" 5712
"../../../Engine/Content/EngineMaterials/Substrate/GLints/dict_16_192_64_0p5_0p02_0042_0001.uasset" 5713
"../../../Engine/Content/EngineMaterials/Substrate/GLints/dict_16_192_64_0p5_0p02_0017_0012.uasset" 5714
"../../../Engine/Content/EngineMaterials/Substrate/GLints/dict_16_192_64_0p5_0p02_0021_0000.uasset" 5715
"../../../Engine/Content/EngineMaterials/Substrate/GLints/dict_16_192_64_0p5_0p02_0055_0000.uasset" 5716
"../../../Engine/Content/EngineMaterials/Substrate/GLints/dict_16_192_64_0p5_0p02_0032_0015.uasset" 5717
"../../../Engine/Content/EngineMaterials/Substrate/GLints/dict_16_192_64_0p5_0p02_0026_0013.uasset" 5718
"../../../Engine/Content/EngineMaterials/Substrate/GLints/dict_16_192_64_0p5_0p02_0018_0015.uasset" 5719
"../../../Engine/Content/EngineMaterials/Substrate/GLints/dict_16_192_64_0p5_0p02_0028_0002.uasset" 5720
"../../../Engine/Content/EngineMaterials/Substrate/GLints/dict_16_192_64_0p5_0p02_0058_0001.uasset" 5721
"../../../Engine/Content/EngineMaterials/Substrate/GLints/dict_16_192_64_0p5_0p02_0052_0014.uasset" 5722
"../../../Engine/Content/EngineMaterials/Substrate/GLints/dict_16_192_64_0p5_0p02_0020_0005.uasset" 5723
"../../../Engine/Content/EngineMaterials/Substrate/GLints/dict_16_192_64_0p5_0p02_0016_0002.uasset" 5724
"../../../Engine/Content/EngineMaterials/Substrate/GLints/dict_16_192_64_0p5_0p02_0001_0004.uasset" 5725
"../../../Engine/Content/EngineMaterials/Substrate/GLints/dict_16_192_64_0p5_0p02_0048_0010.uasset" 5726
"../../../Engine/Content/EngineMaterials/Substrate/GLints/dict_16_192_64_0p5_0p02_0043_0005.uasset" 5727
"../../../Engine/Content/EngineMaterials/Substrate/GLints/dict_16_192_64_0p5_0p02_0002_0002.uasset" 5728
"../../../Engine/Content/EngineMaterials/Substrate/GLints/dict_16_192_64_0p5_0p02_0019_0001.uasset" 5729
"../../../Engine/Content/EngineMaterials/Substrate/GLints/dict_16_192_64_0p5_0p02_0058_0013.uasset" 5730
"../../../Engine/Content/EngineMaterials/Substrate/GLints/dict_16_192_64_0p5_0p02_0052_0003.uasset" 5731
"../../../Engine/Content/EngineMaterials/Substrate/GLints/dict_16_192_64_0p5_0p02_0038_0001.uasset" 5732
"../../../Engine/Content/EngineMaterials/Substrate/GLints/dict_16_192_64_0p5_0p02_0027_0001.uasset" 5733
"../../../Engine/Content/EngineMaterials/Substrate/GLints/dict_16_192_64_0p5_0p02_0025_0001.uasset" 5734
"../../../Engine/Content/EngineMaterials/Substrate/GLints/dict_16_192_64_0p5_0p02_0023_0003.uasset" 5735
"../../../Engine/Content/EngineMaterials/Substrate/GLints/dict_16_192_64_0p5_0p02_0063_0006.uasset" 5736
"../../../Engine/Content/EngineMaterials/Substrate/GLints/dict_16_192_64_0p5_0p02_0044_0007.uasset" 5737
"../../../Engine/Content/EngineMaterials/Substrate/GLints/dict_16_192_64_0p5_0p02_0005_0015.uasset" 5738
"../../../Engine/Content/EngineMaterials/Substrate/GLints/dict_16_192_64_0p5_0p02_0002_0000.uasset" 5739
"../../../Engine/Content/EngineMaterials/Substrate/GLints/dict_16_192_64_0p5_0p02_0042_0005.uasset" 5740
"../../../Engine/Content/EngineMaterials/Substrate/GLints/dict_16_192_64_0p5_0p02_0008_0001.uasset" 5741
"../../../Engine/Content/EngineMaterials/Substrate/GLints/dict_16_192_64_0p5_0p02_0049_0002.uasset" 5742
"../../../Engine/Content/EngineMaterials/Substrate/GLints/dict_16_192_64_0p5_0p02_0046_0013.uasset" 5743
"../../../Engine/Content/EngineMaterials/Substrate/GLints/dict_16_192_64_0p5_0p02_0033_0012.uasset" 5744
"../../../Engine/Content/EngineMaterials/Substrate/GLints/dict_16_192_64_0p5_0p02_0026_0004.uasset" 5745
"../../../Engine/Content/EngineMaterials/Substrate/GLints/dict_16_192_64_0p5_0p02_0057_0012.uasset" 5746
"../../../Engine/Content/EngineMaterials/Substrate/GLints/dict_16_192_64_0p5_0p02_0028_0011.uasset" 5747
"../../../Engine/Content/EngineMaterials/Substrate/GLints/dict_16_192_64_0p5_0p02_0022_0007.uasset" 5748
"../../../Engine/Content/EngineMaterials/Substrate/GLints/dict_16_192_64_0p5_0p02_0031_0002.uasset" 5749
"../../../Engine/Content/EngineMaterials/Substrate/GLints/dict_16_192_64_0p5_0p02_0028_0007.uasset" 5750
"../../../Engine/Content/EngineMaterials/Substrate/GLints/dict_16_192_64_0p5_0p02_0055_0002.uasset" 5751
"../../../Engine/Content/EngineMaterials/Substrate/GLints/dict_16_192_64_0p5_0p02_0043_0007.uasset" 5752
"../../../Engine/Content/EngineMaterials/Substrate/GLints/dict_16_192_64_0p5_0p02_0014_0011.uasset" 5753
"../../../Engine/Content/EngineMaterials/Substrate/GLints/dict_16_192_64_0p5_0p02_0010_0015.uasset" 5754
"../../../Engine/Content/EngineMaterials/Substrate/GLints/dict_16_192_64_0p5_0p02_0060_0013.uasset" 5755
"../../../Engine/Content/EngineMaterials/Substrate/GLints/dict_16_192_64_0p5_0p02_0032_0007.uasset" 5756
"../../../Engine/Content/EngineMaterials/Substrate/GLints/dict_16_192_64_0p5_0p02_0030_0007.uasset" 5757
"../../../Engine/Content/EngineMaterials/Substrate/GLints/dict_16_192_64_0p5_0p02_0029_0005.uasset" 5758
"../../../Engine/Content/EngineMaterials/Substrate/GLints/dict_16_192_64_0p5_0p02_0059_0012.uasset" 5759
"C:/Users/Abies/AppData/Local/UnrealEngine/Common/DerivedDataCache/Buckets/LegacyTEXTURE/01/7d/2555aa292690837305ec0e2c234a10a1e6c5.udd" 5760
"C:/Users/Abies/AppData/Local/UnrealEngine/Common/DerivedDataCache/Buckets/LegacyTEXTURE/dd/83/5f1f688472c3ab8eb4b118e362a12b5c91fb.udd" 5761
"C:/Users/Abies/AppData/Local/UnrealEngine/Common/DerivedDataCache/Buckets/LegacyTEXTURE/6a/e1/3c5e6a9624f5b346e4a051fe8265137c07c9.udd" 5762
"C:/Users/Abies/AppData/Local/UnrealEngine/Common/DerivedDataCache/Buckets/LegacyTEXTURE/50/3c/a57528ae5f0d8f7aeb8c00619452d2b47e59.udd" 5763
"../../../Engine/Content/EngineMaterials/Substrate/GLints/dict_16_192_64_0p5_0p02_0052_0002.uasset" 5764
"../../../Engine/Content/EngineMaterials/Substrate/GLints/dict_16_192_64_0p5_0p02_0058_0007.uasset" 5765
"../../../Engine/Content/EngineMaterials/Substrate/GLints/dict_16_192_64_0p5_0p02_0024_0001.uasset" 5766
"../../../Engine/Content/EngineMaterials/Substrate/GLints/dict_16_192_64_0p5_0p02_0021_0008.uasset" 5767
"../../../Engine/Content/EngineMaterials/Substrate/GLints/dict_16_192_64_0p5_0p02_0018_0007.uasset" 5768
"../../../Engine/Content/EngineMaterials/Substrate/GLints/dict_16_192_64_0p5_0p02_0046_0012.uasset" 5769
"../../../Engine/Content/EngineMaterials/Substrate/GLints/dict_16_192_64_0p5_0p02_0030_0001.uasset" 5770
"../../../Engine/Content/EngineMaterials/Substrate/GLints/dict_16_192_64_0p5_0p02_0023_0005.uasset" 5771
"../../../Engine/Content/EngineMaterials/Substrate/GLints/dict_16_192_64_0p5_0p02_0008_0009.uasset" 5772
"../../../Engine/Content/EngineMaterials/Substrate/GLints/dict_16_192_64_0p5_0p02_0002_0010.uasset" 5773
"../../../Engine/Content/EngineMaterials/Substrate/GLints/dict_16_192_64_0p5_0p02_0058_0008.uasset" 5774
"../../../Engine/Content/EngineMaterials/Substrate/GLints/dict_16_192_64_0p5_0p02_0051_0008.uasset" 5775
"../../../Engine/Content/EngineMaterials/Substrate/GLints/dict_16_192_64_0p5_0p02_0050_0009.uasset" 5776
"C:/Users/Abies/AppData/Local/UnrealEngine/Common/DerivedDataCache/Buckets/LegacyDIST/d8/7d/3be4e2623c7e72b0e0f3594c84dee6dae4f0.udd" 5777
"C:/Users/Abies/AppData/Local/UnrealEngine/Common/DerivedDataCache/Buckets/LegacyDIST/44/19/08c19c9373a00469e92d9778248afbaed824.udd" 5778
"C:/Users/Abies/AppData/Local/UnrealEngine/Common/DerivedDataCache/Buckets/LegacyCARD/66/7e/192e10bccc413d18ee5492b97ea99118c342.udd" 5779
"../../../Engine/Content/EngineMaterials/Substrate/GLints/dict_16_192_64_0p5_0p02_0027_0006.uasset" 5780
"../../../Engine/Content/EngineMaterials/Substrate/GLints/dict_16_192_64_0p5_0p02_0028_0006.uasset" 5781
"../../../Engine/Content/EngineMaterials/Substrate/GLints/dict_16_192_64_0p5_0p02_0048_0001.uasset" 5782
"../../../Engine/Content/EngineMaterials/Substrate/GLints/dict_16_192_64_0p5_0p02_0014_0001.uasset" 5783
"../../../Engine/Content/EngineMaterials/Substrate/GLints/dict_16_192_64_0p5_0p02_0001_0014.uasset" 5784
"../../../Engine/Content/EngineMaterials/Substrate/GLints/dict_16_192_64_0p5_0p02_0062_0008.uasset" 5785
"../../../Engine/Content/EngineMaterials/Substrate/GLints/dict_16_192_64_0p5_0p02_0061_0009.uasset" 5786
"../../../Engine/Content/EngineMaterials/Substrate/GLints/dict_16_192_64_0p5_0p02_0022_0013.uasset" 5787
"../../../Engine/Content/EngineMaterials/Substrate/GLints/dict_16_192_64_0p5_0p02_0060_0010.uasset" 5788
"../../../Engine/Content/EngineMaterials/Substrate/GLints/dict_16_192_64_0p5_0p02_0015_0015.uasset" 5789
"../../../Engine/Content/EngineMaterials/Substrate/GLints/dict_16_192_64_0p5_0p02_0034_0004.uasset" 5790
"../../../Engine/Content/EngineMaterials/Substrate/GLints/dict_16_192_64_0p5_0p02_0044_0010.uasset" 5791
"../../../Engine/Content/EngineMaterials/Substrate/GLints/dict_16_192_64_0p5_0p02_0051_0009.uasset" 5792
"../../../Engine/Content/EngineMaterials/Substrate/GLints/dict_16_192_64_0p5_0p02_0036_0005.uasset" 5793
"../../../Engine/Content/EngineMaterials/Substrate/GLints/dict_16_192_64_0p5_0p02_0047_0013.uasset" 5794
"../../../Engine/Content/EngineMaterials/Substrate/GLints/dict_16_192_64_0p5_0p02_0037_0007.uasset" 5795
"C:/Users/Abies/AppData/Local/UnrealEngine/Common/DerivedDataCache/Buckets/LegacyDIST/eb/3a/99c265eba393e8a78f3c2c62a3ef4004830a.udd" 5796
"../../../Engine/Content/EngineMaterials/Substrate/GLints/dict_16_192_64_0p5_0p02_0018_0009.uasset" 5797
"C:/Users/Abies/AppData/Local/UnrealEngine/Common/DerivedDataCache/Buckets/LegacyDIST/31/42/abe2c413c70320addd5c8ba07a8a7d56db6f.udd" 5798
"../../../Engine/Content/EngineMaterials/Substrate/GLints/dict_16_192_64_0p5_0p02_0035_0002.uasset" 5799
"../../../Engine/Content/EngineMaterials/Substrate/GLints/dict_16_192_64_0p5_0p02_0008_0003.uasset" 5800
"../../../Engine/Content/EngineMaterials/Substrate/GLints/dict_16_192_64_0p5_0p02_0022_0001.uasset" 5801
"../../../Engine/Content/EngineMaterials/Substrate/GLints/dict_16_192_64_0p5_0p02_0000_0000.uasset" 5802
"../../../Engine/Content/EngineMaterials/Substrate/GLints/dict_16_192_64_0p5_0p02_0034_0008.uasset" 5803
"../../../Engine/Content/EngineMaterials/Substrate/GLints/dict_16_192_64_0p5_0p02_0017_0003.uasset" 5804
"../../../Engine/Content/EngineMaterials/Substrate/GLints/dict_16_192_64_0p5_0p02_0002_0005.uasset" 5805
"../../../Engine/Content/EngineMaterials/Substrate/GLints/dict_16_192_64_0p5_0p02_0043_0001.uasset" 5806
"../../../Engine/Content/EngineMaterials/Substrate/GLints/dict_16_192_64_0p5_0p02_0026_0006.uasset" 5807
"../../../Engine/Content/EngineMaterials/Substrate/GLints/dict_16_192_64_0p5_0p02_0041_0008.uasset" 5808
"../../../Engine/Content/EngineMaterials/Substrate/GLints/dict_16_192_64_0p5_0p02_0028_0009.uasset" 5809
"../../../Engine/Content/EngineMaterials/Substrate/GLints/dict_16_192_64_0p5_0p02_0049_0007.uasset" 5810
"../../../Engine/Content/EngineMaterials/Substrate/GLints/dict_16_192_64_0p5_0p02_0021_0010.uasset" 5811
"../../../Engine/Content/EngineMaterials/Substrate/GLints/dict_16_192_64_0p5_0p02_0015_0000.uasset" 5812
"../../../Engine/Content/EngineMaterials/Substrate/GLints/dict_16_192_64_0p5_0p02_0046_0008.uasset" 5813
"../../../Engine/Content/EngineMaterials/Substrate/GLints/dict_16_192_64_0p5_0p02_0052_0012.uasset" 5814
"../../../Engine/Content/EngineMaterials/Substrate/GLints/dict_16_192_64_0p5_0p02_0040_0011.uasset" 5815
"../../../Engine/Content/EngineMaterials/Substrate/GLints/dict_16_192_64_0p5_0p02_0023_0012.uasset" 5816
"../../../Engine/Content/EngineMaterials/Substrate/GLints/dict_16_192_64_0p5_0p02_0019_0003.uasset" 5817
"../../../Engine/Content/EngineMaterials/Substrate/GLints/dict_16_192_64_0p5_0p02_0005_0007.uasset" 5818
"../../../Engine/Content/EngineMaterials/Substrate/GLints/dict_16_192_64_0p5_0p02_0032_0009.uasset" 5819
"../../../Engine/Content/EngineMaterials/Substrate/GLints/dict_16_192_64_0p5_0p02_0031_0001.uasset" 5820
"../../../Engine/Content/EngineMaterials/Substrate/GLints/dict_16_192_64_0p5_0p02_0056_0010.uasset" 5821
"../../../Engine/Content/EngineMaterials/Substrate/GLints/dict_16_192_64_0p5_0p02_0051_0000.uasset" 5822
"../../../Engine/Content/EngineMaterials/Substrate/GLints/dict_16_192_64_0p5_0p02_0041_0014.uasset" 5823
"../../../Engine/Content/EngineMaterials/Substrate/GLints/dict_16_192_64_0p5_0p02_0046_0007.uasset" 5824
"../../../Engine/Content/EngineMaterials/Substrate/GLints/dict_16_192_64_0p5_0p02_0037_0001.uasset" 5825
"../../../Engine/Content/EngineMaterials/Substrate/GLints/dict_16_192_64_0p5_0p02_0022_0008.uasset" 5826
"../../../Engine/Content/EngineMaterials/Substrate/GLints/dict_16_192_64_0p5_0p02_0047_0014.uasset" 5827
"../../../Engine/Content/EngineMaterials/Substrate/GLints/dict_16_192_64_0p5_0p02_0004_0003.uasset" 5828
"../../../Engine/Content/EngineMaterials/Substrate/GLints/dict_16_192_64_0p5_0p02_0038_0013.uasset" 5829
"../../../Engine/Content/EngineMaterials/Substrate/GLints/dict_16_192_64_0p5_0p02_0045_0006.uasset" 5830
"../../../Engine/Content/EngineMaterials/Substrate/GLints/dict_16_192_64_0p5_0p02_0063_0002.uasset" 5831
"../../../Engine/Content/EngineMaterials/Substrate/GLints/dict_16_192_64_0p5_0p02_0021_0001.uasset" 5832
"../../../Engine/Content/EngineMaterials/Substrate/GLints/dict_16_192_64_0p5_0p02_0062_0013.uasset" 5833
"../../../Engine/Content/EngineMaterials/Substrate/GLints/dict_16_192_64_0p5_0p02_0056_0000.uasset" 5834
"../../../Engine/Content/EngineMaterials/Substrate/GLints/dict_16_192_64_0p5_0p02_0053_0003.uasset" 5835
"../../../Engine/Content/EngineMaterials/Substrate/GLints/dict_16_192_64_0p5_0p02_0022_0012.uasset" 5836
"../../../Engine/Content/EngineMaterials/Substrate/GLints/dict_16_192_64_0p5_0p02_0000_0013.uasset" 5837
"../../../Engine/Content/EngineMaterials/Substrate/GLints/dict_16_192_64_0p5_0p02_0062_0007.uasset" 5838
"../../../Engine/Content/EngineMaterials/Substrate/GLints/dict_16_192_64_0p5_0p02_0055_0001.uasset" 5839
"../../../Engine/Content/EngineMaterials/Substrate/GLints/dict_16_192_64_0p5_0p02_0051_0012.uasset" 5840
"../../../Engine/Content/EngineMaterials/Substrate/GLints/dict_16_192_64_0p5_0p02_0019_0010.uasset" 5841
"../../../Engine/Content/EngineMaterials/Substrate/GLints/dict_16_192_64_0p5_0p02_0005_0008.uasset" 5842
"../../../Engine/Content/EngineMaterials/Substrate/GLints/dict_16_192_64_0p5_0p02_0004_0010.uasset" 5843
"../../../Engine/Content/EngineMaterials/Substrate/GLints/dict_16_192_64_0p5_0p02_0057_0002.uasset" 5844
"../../../Engine/Content/EngineMaterials/Substrate/GLints/dict_16_192_64_0p5_0p02_0020_0006.uasset" 5845
"../../../Engine/Content/EngineMaterials/Substrate/GLints/dict_16_192_64_0p5_0p02_0062_0004.uasset" 5846
"../../../Engine/Content/EngineMaterials/Substrate/GLints/dict_16_192_64_0p5_0p02_0039_0015.uasset" 5847
"../../../Engine/Content/EngineMaterials/Substrate/GLints/dict_16_192_64_0p5_0p02_0041_0011.uasset" 5848
"../../../Engine/Content/EngineMaterials/Substrate/GLints/dict_16_192_64_0p5_0p02_0032_0000.uasset" 5849
"../../../Engine/Content/EngineMaterials/Substrate/GLints/dict_16_192_64_0p5_0p02_0030_0012.uasset" 5850
"../../../Engine/Content/EngineMaterials/Substrate/GLints/dict_16_192_64_0p5_0p02_0016_0013.uasset" 5851
"../../../Engine/Content/EngineMaterials/Substrate/GLints/dict_16_192_64_0p5_0p02_0009_0002.uasset" 5852
"../../../Engine/Content/EngineMaterials/Substrate/GLints/dict_16_192_64_0p5_0p02_0039_0004.uasset" 5853
"../../../Engine/Content/EngineMaterials/Substrate/GLints/dict_16_192_64_0p5_0p02_0003_0002.uasset" 5854
"../../../Engine/Content/EngineMaterials/Substrate/GLints/dict_16_192_64_0p5_0p02_0004_0015.uasset" 5855
"../../../Engine/Content/EngineMaterials/Substrate/GLints/dict_16_192_64_0p5_0p02_0030_0004.uasset" 5856
"../../../Engine/Content/EngineMaterials/Substrate/GLints/dict_16_192_64_0p5_0p02_0045_0007.uasset" 5857
"../../../Engine/Content/EngineMaterials/Substrate/GLints/dict_16_192_64_0p5_0p02_0053_0009.uasset" 5858
"../../../Engine/Content/EngineMaterials/Substrate/GLints/dict_16_192_64_0p5_0p02_0044_0002.uasset" 5859
"../../../Engine/Content/EngineMaterials/Substrate/GLints/dict_16_192_64_0p5_0p02_0050_0005.uasset" 5860
"../../../Engine/Content/EngineMaterials/Substrate/GLints/dict_16_192_64_0p5_0p02_0018_0013.uasset" 5861
"../../../Engine/Content/EngineMaterials/Substrate/GLints/dict_16_192_64_0p5_0p02_0040_0015.uasset" 5862
"../../../Engine/Content/EngineMaterials/Substrate/GLints/dict_16_192_64_0p5_0p02_0033_0010.uasset" 5863
"../../../Engine/Content/EngineMaterials/Substrate/GLints/dict_16_192_64_0p5_0p02_0055_0008.uasset" 5864
"../../../Engine/Content/EngineMaterials/Substrate/GLints/dict_16_192_64_0p5_0p02_0048_0014.uasset" 5865
"../../../Engine/Content/EngineMaterials/Substrate/GLints/dict_16_192_64_0p5_0p02_0000_0014.uasset" 5866
"../../../Engine/Content/EngineMaterials/Substrate/GLints/dict_16_192_64_0p5_0p02_0050_0011.uasset" 5867
"../../../Engine/Content/EngineMaterials/Substrate/GLints/dict_16_192_64_0p5_0p02_0055_0009.uasset" 5868
"../../../Engine/Content/EngineMaterials/Substrate/GLints/dict_16_192_64_0p5_0p02_0030_0002.uasset" 5869
"../../../Engine/Content/EngineMaterials/Substrate/GLints/dict_16_192_64_0p5_0p02_0060_0014.uasset" 5870
"../../../Engine/Content/EngineMaterials/Substrate/GLints/dict_16_192_64_0p5_0p02_0037_0014.uasset" 5871
"../../../Engine/Content/EngineMaterials/Substrate/GLints/dict_16_192_64_0p5_0p02_0044_0009.uasset" 5872
"../../../Engine/Content/EngineMaterials/Substrate/GLints/dict_16_192_64_0p5_0p02_0038_0003.uasset" 5873
"../../../Engine/Content/EngineMaterials/Substrate/GLints/dict_16_192_64_0p5_0p02_0035_0011.uasset" 5874
"../../../Engine/Content/EngineMaterials/Substrate/GLints/dict_16_192_64_0p5_0p02_0014_0003.uasset" 5875
"../../../Engine/Content/EngineMaterials/Substrate/GLints/dict_16_192_64_0p5_0p02_0053_0008.uasset" 5876
"../../../Engine/Content/EngineMaterials/Substrate/GLints/dict_16_192_64_0p5_0p02_0013_0000.uasset" 5877
"../../../Engine/Content/EngineMaterials/Substrate/GLints/dict_16_192_64_0p5_0p02_0026_0015.uasset" 5878
"../../../Engine/Content/EngineMaterials/Substrate/GLints/dict_16_192_64_0p5_0p02_0009_0000.uasset" 5879
"../../../Engine/Content/EngineMaterials/Substrate/GLints/dict_16_192_64_0p5_0p02_0045_0001.uasset" 5880
"../../../Engine/Content/EngineMaterials/Substrate/GLints/dict_16_192_64_0p5_0p02_0009_0010.uasset" 5881
"../../../Engine/Content/EngineMaterials/Substrate/GLints/dict_16_192_64_0p5_0p02_0021_0013.uasset" 5882
"../../../Engine/Content/EngineMaterials/Substrate/GLints/dict_16_192_64_0p5_0p02_0032_0008.uasset" 5883
"../../../Engine/Content/EngineMaterials/Substrate/GLints/dict_16_192_64_0p5_0p02_0015_0010.uasset" 5884
"../../../Engine/Content/EngineMaterials/Substrate/GLints/dict_16_192_64_0p5_0p02_0007_0010.uasset" 5885
"../../../Engine/Content/EngineMaterials/Substrate/GLints/dict_16_192_64_0p5_0p02_0031_0007.uasset" 5886
"../../../Engine/Content/EngineMaterials/Substrate/GLints/dict_16_192_64_0p5_0p02_0054_0014.uasset" 5887
"../../../Engine/Content/EngineMaterials/Substrate/GLints/dict_16_192_64_0p5_0p02_0044_0015.uasset" 5888
"../../../Engine/Content/EngineMaterials/Substrate/GLints/dict_16_192_64_0p5_0p02_0021_0009.uasset" 5889
"../../../Engine/Content/EngineMaterials/Substrate/GLints/dict_16_192_64_0p5_0p02_0006_0010.uasset" 5890
"../../../Engine/Content/EngineMaterials/Substrate/GLints/dict_16_192_64_0p5_0p02_0034_0013.uasset" 5891
"../../../Engine/Content/EngineMaterials/Substrate/GLints/dict_16_192_64_0p5_0p02_0003_0012.uasset" 5892
"../../../Engine/Content/EngineMaterials/Substrate/GLints/dict_16_192_64_0p5_0p02_0044_0006.uasset" 5893
"../../../Engine/Content/EngineMaterials/Substrate/GLints/dict_16_192_64_0p5_0p02_0036_0009.uasset" 5894
"../../../Engine/Content/EngineMaterials/Substrate/GLints/dict_16_192_64_0p5_0p02_0026_0001.uasset" 5895
"../../../Engine/Content/EngineMaterials/Substrate/GLints/dict_16_192_64_0p5_0p02_0016_0001.uasset" 5896
"../../../Engine/Content/EngineMaterials/Substrate/GLints/dict_16_192_64_0p5_0p02_0021_0007.uasset" 5897
"../../../Engine/Content/EngineMaterials/Substrate/GLints/dict_16_192_64_0p5_0p02_0059_0006.uasset" 5898
"../../../Engine/Content/EngineMaterials/Substrate/GLints/dict_16_192_64_0p5_0p02_0042_0015.uasset" 5899
"../../../Engine/Content/EngineMaterials/Substrate/GLints/dict_16_192_64_0p5_0p02_0042_0010.uasset" 5900
"../../../Engine/Content/EngineMaterials/Substrate/GLints/dict_16_192_64_0p5_0p02_0027_0012.uasset" 5901
"../../../Engine/Content/EngineMaterials/Substrate/GLints/dict_16_192_64_0p5_0p02_0031_0012.uasset" 5902
"../../../Engine/Content/EngineMaterials/Substrate/GLints/dict_16_192_64_0p5_0p02_0037_0008.uasset" 5903
"../../../Engine/Content/EngineMaterials/Substrate/GLints/dict_16_192_64_0p5_0p02_0014_0013.uasset" 5904
"../../../Engine/Content/EngineMaterials/Substrate/GLints/dict_16_192_64_0p5_0p02_0002_0014.uasset" 5905
"../../../Engine/Content/EngineMaterials/Substrate/GLints/dict_16_192_64_0p5_0p02_0002_0009.uasset" 5906
"../../../Engine/Content/EngineMaterials/Substrate/GLints/dict_16_192_64_0p5_0p02_0048_0009.uasset" 5907
"../../../Engine/Content/EngineMaterials/Substrate/GLints/dict_16_192_64_0p5_0p02_0053_0011.uasset" 5908
"../../../Engine/Content/EngineMaterials/Substrate/GLints/dict_16_192_64_0p5_0p02_0013_0006.uasset" 5909
"../../../Engine/Content/EngineMaterials/Substrate/GLints/dict_16_192_64_0p5_0p02_0018_0005.uasset" 5910
"../../../Engine/Content/EngineMaterials/Substrate/GLints/dict_16_192_64_0p5_0p02_0040_0010.uasset" 5911
"../../../Engine/Content/EngineMaterials/Substrate/GLints/dict_16_192_64_0p5_0p02_0027_0009.uasset" 5912
"../../../Engine/Content/EngineMaterials/Substrate/GLints/dict_16_192_64_0p5_0p02_0051_0002.uasset" 5913
"../../../Engine/Content/EngineMaterials/Substrate/GLints/dict_16_192_64_0p5_0p02_0011_0009.uasset" 5914
"../../../Engine/Content/EngineMaterials/Substrate/GLints/dict_16_192_64_0p5_0p02_0050_0012.uasset" 5915
"../../../Engine/Content/EngineMaterials/Substrate/GLints/dict_16_192_64_0p5_0p02_0035_0007.uasset" 5916
"../../../Engine/Content/EngineMaterials/Substrate/GLints/dict_16_192_64_0p5_0p02_0001_0010.uasset" 5917
"../../../Engine/Content/EngineMaterials/Substrate/GLints/dict_16_192_64_0p5_0p02_0000_0005.uasset" 5918
"../../../Engine/Content/EngineMaterials/Substrate/GLints/dict_16_192_64_0p5_0p02_0054_0009.uasset" 5919
"../../../Engine/Content/EngineMaterials/Substrate/GLints/dict_16_192_64_0p5_0p02_0048_0012.uasset" 5920
"../../../Engine/Content/EngineMaterials/Substrate/GLints/dict_16_192_64_0p5_0p02_0028_0004.uasset" 5921
"../../../Engine/Content/EngineMaterials/Substrate/GLints/dict_16_192_64_0p5_0p02_0009_0011.uasset" 5922
"../../../Engine/Content/EngineMaterials/Substrate/GLints/dict_16_192_64_0p5_0p02_0009_0006.uasset" 5923
"../../../Engine/Content/EngineMaterials/Substrate/GLints/dict_16_192_64_0p5_0p02_0009_0001.uasset" 5924
"../../../Engine/Content/EngineMaterials/Substrate/GLints/dict_16_192_64_0p5_0p02_0020_0000.uasset" 5925
"../../../Engine/Content/EngineMaterials/Substrate/GLints/dict_16_192_64_0p5_0p02_0010_0007.uasset" 5926
"../../../Engine/Content/EngineMaterials/Substrate/GLints/dict_16_192_64_0p5_0p02_0042_0011.uasset" 5927
"../../../Engine/Content/EngineMaterials/Substrate/GLints/dict_16_192_64_0p5_0p02_0001_0007.uasset" 5928
"../../../Engine/Content/EngineMaterials/Substrate/GLints/dict_16_192_64_0p5_0p02_0036_0014.uasset" 5929
"../../../Engine/Content/EngineMaterials/Substrate/GLints/dict_16_192_64_0p5_0p02_0033_0002.uasset" 5930
"../../../Engine/Content/EngineMaterials/Substrate/GLints/dict_16_192_64_0p5_0p02_0037_0004.uasset" 5931
"../../../Engine/Content/EngineMaterials/Substrate/GLints/dict_16_192_64_0p5_0p02_0022_0015.uasset" 5932
"../../../Engine/Content/EngineMaterials/Substrate/GLints/dict_16_192_64_0p5_0p02_0029_0015.uasset" 5933
"../../../Engine/Content/EngineMaterials/Substrate/GLints/dict_16_192_64_0p5_0p02_0019_0006.uasset" 5934
"../../../Engine/Content/EngineMaterials/Substrate/GLints/dict_16_192_64_0p5_0p02_0000_0008.uasset" 5935
"../../../Engine/Content/EngineMaterials/Substrate/GLints/dict_16_192_64_0p5_0p02_0062_0003.uasset" 5936
"../../../Engine/Content/EngineMaterials/Substrate/GLints/dict_16_192_64_0p5_0p02_0013_0010.uasset" 5937
"../../../Engine/Content/EngineMaterials/Substrate/GLints/dict_16_192_64_0p5_0p02_0007_0000.uasset" 5938
"../../../Engine/Content/EngineMaterials/Substrate/GLints/dict_16_192_64_0p5_0p02_0003_0004.uasset" 5939
"../../../Engine/Content/EngineMaterials/Substrate/GLints/dict_16_192_64_0p5_0p02_0040_0002.uasset" 5940
"../../../Engine/Content/EngineMaterials/Substrate/GLints/dict_16_192_64_0p5_0p02_0011_0015.uasset" 5941
"../../../Engine/Content/EngineMaterials/Substrate/GLints/dict_16_192_64_0p5_0p02_0033_0004.uasset" 5942
"../../../Engine/Content/EngineMaterials/Substrate/GLints/dict_16_192_64_0p5_0p02_0029_0002.uasset" 5943
"../../../Engine/Content/EngineMaterials/Substrate/GLints/dict_16_192_64_0p5_0p02_0055_0013.uasset" 5944
"../../../Engine/Content/EngineMaterials/Substrate/GLints/dict_16_192_64_0p5_0p02_0037_0009.uasset" 5945
"../../../Engine/Content/EngineMaterials/Substrate/GLints/dict_16_192_64_0p5_0p02_0011_0003.uasset" 5946
"../../../Engine/Content/EngineMaterials/Substrate/GLints/dict_16_192_64_0p5_0p02_0052_0008.uasset" 5947
"../../../Engine/Content/EngineMaterials/Substrate/GLints/dict_16_192_64_0p5_0p02_0008_0005.uasset" 5948
"../../../Engine/Content/EngineMaterials/Substrate/GLints/dict_16_192_64_0p5_0p02_0059_0005.uasset" 5949
"../../../Engine/Content/EngineMaterials/Substrate/GLints/dict_16_192_64_0p5_0p02_0052_0009.uasset" 5950
"../../../Engine/Content/EngineMaterials/Substrate/GLints/dict_16_192_64_0p5_0p02_0057_0015.uasset" 5951
"../../../Engine/Content/EngineMaterials/Substrate/GLints/dict_16_192_64_0p5_0p02_0039_0009.uasset" 5952
"../../../Engine/Content/EngineMaterials/Substrate/GLints/dict_16_192_64_0p5_0p02_0009_0008.uasset" 5953
"../../../Engine/Content/EngineMaterials/Substrate/GLints/dict_16_192_64_0p5_0p02_0037_0006.uasset" 5954
"../../../Engine/Content/EngineMaterials/Substrate/GLints/dict_16_192_64_0p5_0p02_0032_0003.uasset" 5955
"../../../Engine/Content/EngineMaterials/Substrate/GLints/dict_16_192_64_0p5_0p02_0047_0007.uasset" 5956
"../../../Engine/Content/EngineMaterials/Substrate/GLints/dict_16_192_64_0p5_0p02_0055_0012.uasset" 5957
"../../../Engine/Content/EngineMaterials/Substrate/GLints/dict_16_192_64_0p5_0p02_0037_0011.uasset" 5958
"../../../Engine/Content/EngineMaterials/Substrate/GLints/dict_16_192_64_0p5_0p02_0027_0013.uasset" 5959
"../../../Engine/Content/EngineMaterials/Substrate/GLints/dict_16_192_64_0p5_0p02_0019_0009.uasset" 5960
"../../../Engine/Content/EngineMaterials/Substrate/GLints/dict_16_192_64_0p5_0p02_0008_0000.uasset" 5961
"../../../Engine/Content/EngineMaterials/Substrate/GLints/dict_16_192_64_0p5_0p02_0034_0012.uasset" 5962
"../../../Engine/Content/EngineMaterials/Substrate/GLints/dict_16_192_64_0p5_0p02_0010_0005.uasset" 5963
"../../../Engine/Content/EngineMaterials/Substrate/GLints/dict_16_192_64_0p5_0p02_0005_0013.uasset" 5964
"../../../Engine/Content/EngineMaterials/Substrate/GLints/dict_16_192_64_0p5_0p02_0026_0008.uasset" 5965
"../../../Engine/Content/EngineMaterials/Substrate/GLints/dict_16_192_64_0p5_0p02_0058_0015.uasset" 5966
"../../../Engine/Content/EngineMaterials/Substrate/GLints/dict_16_192_64_0p5_0p02_0038_0012.uasset" 5967
"../../../Engine/Content/EngineMaterials/Substrate/GLints/dict_16_192_64_0p5_0p02_0038_0011.uasset" 5968
"../../../Engine/Content/EngineMaterials/Substrate/GLints/dict_16_192_64_0p5_0p02_0012_0012.uasset" 5969
"../../../Engine/Content/EngineMaterials/Substrate/GLints/dict_16_192_64_0p5_0p02_0059_0002.uasset" 5970
"../../../Engine/Content/EngineMaterials/Substrate/GLints/dict_16_192_64_0p5_0p02_0037_0012.uasset" 5971
"../../../Engine/Content/EngineMaterials/Substrate/GLints/dict_16_192_64_0p5_0p02_0040_0014.uasset" 5972
"../../../Engine/Content/EngineMaterials/Substrate/GLints/dict_16_192_64_0p5_0p02_0058_0006.uasset" 5973
"../../../Engine/Content/EngineMaterials/Substrate/GLints/dict_16_192_64_0p5_0p02_0060_0002.uasset" 5974
"../../../Engine/Content/EngineMaterials/Substrate/GLints/dict_16_192_64_0p5_0p02_0040_0008.uasset" 5975
"../../../Engine/Content/EngineMaterials/Substrate/GLints/dict_16_192_64_0p5_0p02_0005_0014.uasset" 5976
"../../../Engine/Content/EngineMaterials/Substrate/GLints/dict_16_192_64_0p5_0p02_0050_0015.uasset" 5977
"../../../Engine/Content/EngineMaterials/Substrate/GLints/dict_16_192_64_0p5_0p02_0007_0001.uasset" 5978
"../../../Engine/Content/EngineMaterials/Substrate/GLints/dict_16_192_64_0p5_0p02_0059_0013.uasset" 5979
"../../../Engine/Content/EngineMaterials/Substrate/GLints/dict_16_192_64_0p5_0p02_0048_0013.uasset" 5980
"../../../Engine/Content/EngineMaterials/Substrate/GLints/dict_16_192_64_0p5_0p02_0030_0011.uasset" 5981
"../../../Engine/Content/EngineMaterials/Substrate/GLints/dict_16_192_64_0p5_0p02_0008_0002.uasset" 5982
"../../../Engine/Content/EngineMaterials/Substrate/GLints/dict_16_192_64_0p5_0p02_0029_0012.uasset" 5983
"../../../Engine/Content/EngineMaterials/Substrate/GLints/dict_16_192_64_0p5_0p02_0032_0004.uasset" 5984
"../../../Engine/Content/EngineMaterials/Substrate/GLints/dict_16_192_64_0p5_0p02_0018_0011.uasset" 5985
"../../../Engine/Content/EngineMaterials/Substrate/GLints/dict_16_192_64_0p5_0p02_0041_0006.uasset" 5986
"../../../Engine/Content/EngineMaterials/Substrate/GLints/dict_16_192_64_0p5_0p02_0044_0001.uasset" 5987
"../../../Engine/Content/EngineMaterials/Substrate/GLints/dict_16_192_64_0p5_0p02_0025_0006.uasset" 5988
"../../../Engine/Content/EngineMaterials/Substrate/GLints/dict_16_192_64_0p5_0p02_0013_0005.uasset" 5989
"../../../Engine/Content/EngineMaterials/Substrate/GLints/dict_16_192_64_0p5_0p02_0004_0006.uasset" 5990
"../../../Engine/Content/EngineMaterials/Substrate/GLints/dict_16_192_64_0p5_0p02_0049_0012.uasset" 5991
"../../../Engine/Content/EngineMaterials/Substrate/GLints/dict_16_192_64_0p5_0p02_0041_0005.uasset" 5992
"../../../Engine/Content/EngineMaterials/Substrate/GLints/dict_16_192_64_0p5_0p02_0047_0005.uasset" 5993
"../../../Engine/Content/EngineMaterials/Substrate/GLints/dict_16_192_64_0p5_0p02_0041_0002.uasset" 5994
"../../../Engine/Content/EngineMaterials/Substrate/GLints/dict_16_192_64_0p5_0p02_0036_0007.uasset" 5995
"../../../Engine/Content/EngineMaterials/Substrate/GLints/dict_16_192_64_0p5_0p02_0011_0005.uasset" 5996
"../../../Engine/Content/EngineMaterials/Substrate/GLints/dict_16_192_64_0p5_0p02_0001_0001.uasset" 5997
"../../../Engine/Content/EngineMaterials/Substrate/GLints/dict_16_192_64_0p5_0p02_0050_0002.uasset" 5998
"../../../Engine/Content/EngineMaterials/Substrate/GLints/dict_16_192_64_0p5_0p02_0018_0002.uasset" 5999
"../../../Engine/Content/EngineMaterials/Substrate/GLints/dict_16_192_64_0p5_0p02_0028_0013.uasset" 6000
"../../../Engine/Content/EngineMaterials/Substrate/GLints/dict_16_192_64_0p5_0p02_0027_0014.uasset" 6001
"../../../Engine/Content/EngineMaterials/Substrate/GLints/dict_16_192_64_0p5_0p02_0023_0011.uasset" 6002
"../../../Engine/Content/EngineMaterials/Substrate/GLints/dict_16_192_64_0p5_0p02_0021_0014.uasset" 6003
"../../../Engine/Content/EngineMaterials/Substrate/GLints/dict_16_192_64_0p5_0p02_0020_0014.uasset" 6004
"../../../Engine/Content/EngineMaterials/Substrate/GLints/dict_16_192_64_0p5_0p02_0004_0009.uasset" 6005
"../../../Engine/Content/EngineMaterials/Substrate/GLints/dict_16_192_64_0p5_0p02_0059_0009.uasset" 6006
"../../../Engine/Content/EngineMaterials/Substrate/GLints/dict_16_192_64_0p5_0p02_0011_0000.uasset" 6007
"../../../Engine/Content/EngineMaterials/Substrate/GLints/dict_16_192_64_0p5_0p02_0059_0010.uasset" 6008
"../../../Engine/Content/EngineMaterials/Substrate/GLints/dict_16_192_64_0p5_0p02_0052_0007.uasset" 6009
"../../../Engine/Content/EngineMaterials/Substrate/GLints/dict_16_192_64_0p5_0p02_0035_0012.uasset" 6010
"../../../Engine/Content/EngineMaterials/Substrate/GLints/dict_16_192_64_0p5_0p02_0031_0009.uasset" 6011
"../../../Engine/Content/EngineMaterials/Substrate/GLints/dict_16_192_64_0p5_0p02_0022_0003.uasset" 6012
"../../../Engine/Content/EngineMaterials/Substrate/GLints/dict_16_192_64_0p5_0p02_0017_0013.uasset" 6013
"../../../Engine/Content/EngineMaterials/Substrate/GLints/dict_16_192_64_0p5_0p02_0033_0001.uasset" 6014
"../../../Engine/Content/EngineMaterials/Substrate/GLints/dict_16_192_64_0p5_0p02_0063_0013.uasset" 6015
"../../../Engine/Content/EngineMaterials/Substrate/GLints/dict_16_192_64_0p5_0p02_0062_0009.uasset" 6016
"../../../Engine/Content/EngineMaterials/Substrate/GLints/dict_16_192_64_0p5_0p02_0058_0010.uasset" 6017
"../../../Engine/Content/EngineMaterials/Substrate/GLints/dict_16_192_64_0p5_0p02_0043_0003.uasset" 6018
"../../../Engine/Content/EngineMaterials/Substrate/GLints/dict_16_192_64_0p5_0p02_0041_0004.uasset" 6019
"../../../Engine/Content/EngineMaterials/Substrate/GLints/dict_16_192_64_0p5_0p02_0061_0005.uasset" 6020
"../../../Engine/Content/EngineMaterials/Substrate/GLints/dict_16_192_64_0p5_0p02_0063_0004.uasset" 6021
"../../../Engine/Content/EngineMaterials/Substrate/GLints/dict_16_192_64_0p5_0p02_0025_0005.uasset" 6022
"../../../Engine/Content/EngineMaterials/Substrate/GLints/dict_16_192_64_0p5_0p02_0009_0012.uasset" 6023
"../../../Engine/Content/EngineMaterials/Substrate/GLints/dict_16_192_64_0p5_0p02_0003_0006.uasset" 6024
"../../../Engine/Content/EngineMaterials/Substrate/GLints/dict_16_192_64_0p5_0p02_0007_0009.uasset" 6025
"../../../Engine/Content/EngineMaterials/Substrate/GLints/dict_16_192_64_0p5_0p02_0038_0005.uasset" 6026
"../../../Engine/Content/EngineMaterials/Substrate/GLints/dict_16_192_64_0p5_0p02_0023_0015.uasset" 6027
"../../../Engine/Content/EngineMaterials/Substrate/GLints/dict_16_192_64_0p5_0p02_0011_0001.uasset" 6028
"../../../Engine/Content/EngineMaterials/Substrate/GLints/dict_16_192_64_0p5_0p02_0024_0005.uasset" 6029
"../../../Engine/Content/EngineMaterials/Substrate/GLints/dict_16_192_64_0p5_0p02_0017_0014.uasset" 6030
"../../../Engine/Content/EngineMaterials/Substrate/GLints/dict_16_192_64_0p5_0p02_0006_0004.uasset" 6031
"../../../Engine/Content/EngineMaterials/Substrate/GLints/dict_16_192_64_0p5_0p02_0036_0013.uasset" 6032
"../../../Engine/Content/EngineMaterials/Substrate/GLints/dict_16_192_64_0p5_0p02_0033_0007.uasset" 6033
"../../../Engine/Content/EngineMaterials/Substrate/GLints/dict_16_192_64_0p5_0p02_0000_0001.uasset" 6034
"../../../Engine/Content/EngineMaterials/Substrate/GLints/dict_16_192_64_0p5_0p02_0040_0013.uasset" 6035
"../../../Engine/Content/EngineMaterials/Substrate/GLints/dict_16_192_64_0p5_0p02_0037_0000.uasset" 6036
"../../../Engine/Content/EngineMaterials/Substrate/GLints/dict_16_192_64_0p5_0p02_0012_0013.uasset" 6037
"../../../Engine/Content/EngineMaterials/Substrate/GLints/dict_16_192_64_0p5_0p02_0019_0012.uasset" 6038
"../../../Engine/Content/EngineMaterials/Substrate/GLints/dict_16_192_64_0p5_0p02_0047_0009.uasset" 6039
"../../../Engine/Content/EngineMaterials/Substrate/GLints/dict_16_192_64_0p5_0p02_0027_0002.uasset" 6040
"../../../Engine/Content/EngineMaterials/Substrate/GLints/dict_16_192_64_0p5_0p02_0062_0002.uasset" 6041
"../../../Engine/Content/EngineMaterials/Substrate/GLints/dict_16_192_64_0p5_0p02_0035_0003.uasset" 6042
"../../../Engine/Content/EngineMaterials/Substrate/GLints/dict_16_192_64_0p5_0p02_0010_0009.uasset" 6043
"../../../Engine/Content/EngineMaterials/Substrate/GLints/dict_16_192_64_0p5_0p02_0031_0005.uasset" 6044
"../../../Engine/Content/EngineMaterials/Substrate/GLints/dict_16_192_64_0p5_0p02_0054_0012.uasset" 6045
"../../../Engine/Content/EngineMaterials/Substrate/GLints/dict_16_192_64_0p5_0p02_0024_0015.uasset" 6046
"../../../Engine/Content/EngineMaterials/Substrate/GLints/dict_16_192_64_0p5_0p02_0012_0000.uasset" 6047
"../../../Engine/Content/EngineMaterials/Substrate/GLints/dict_16_192_64_0p5_0p02_0015_0005.uasset" 6048
"../../../Engine/Content/EngineMaterials/Substrate/GLints/dict_16_192_64_0p5_0p02_0062_0005.uasset" 6049
"../../../Engine/Content/EngineMaterials/Substrate/GLints/dict_16_192_64_0p5_0p02_0007_0005.uasset" 6050
"../../../Engine/Content/EngineMaterials/Substrate/GLints/dict_16_192_64_0p5_0p02_0046_0015.uasset" 6051
"../../../Engine/Content/EngineMaterials/Substrate/GLints/dict_16_192_64_0p5_0p02_0031_0008.uasset" 6052
"../../../Engine/Content/EngineMaterials/Substrate/GLints/dict_16_192_64_0p5_0p02_0029_0013.uasset" 6053
"../../../Engine/Content/EngineMaterials/Substrate/GLints/dict_16_192_64_0p5_0p02_0025_0008.uasset" 6054
"../../../Engine/Content/EngineMaterials/Substrate/GLints/dict_16_192_64_0p5_0p02_0016_0014.uasset" 6055
"../../../Engine/Content/EngineMaterials/Substrate/GLints/dict_16_192_64_0p5_0p02_0060_0012.uasset" 6056
"../../../Engine/Content/EngineMaterials/Substrate/GLints/dict_16_192_64_0p5_0p02_0026_0007.uasset" 6057
"../../../Engine/Content/EngineMaterials/Substrate/GLints/dict_16_192_64_0p5_0p02_0024_0010.uasset" 6058
"../../../Engine/Content/EngineMaterials/Substrate/GLints/dict_16_192_64_0p5_0p02_0059_0007.uasset" 6059
"../../../Engine/Content/EngineMaterials/Substrate/GLints/dict_16_192_64_0p5_0p02_0050_0000.uasset" 6060
"../../../Engine/Content/EngineMaterials/Substrate/GLints/dict_16_192_64_0p5_0p02_0021_0002.uasset" 6061
"../../../Engine/Content/EngineMaterials/Substrate/GLints/dict_16_192_64_0p5_0p02_0019_0004.uasset" 6062
"../../../Engine/Content/EngineMaterials/Substrate/GLints/dict_16_192_64_0p5_0p02_0062_0001.uasset" 6063
"../../../Engine/Content/EngineMaterials/Substrate/GLints/dict_16_192_64_0p5_0p02_0052_0000.uasset" 6064
"../../../Engine/Content/EngineMaterials/Substrate/GLints/dict_16_192_64_0p5_0p02_0009_0015.uasset" 6065
"../../../Engine/Content/EngineMaterials/Substrate/GLints/dict_16_192_64_0p5_0p02_0062_0012.uasset" 6066
"../../../Engine/Content/EngineMaterials/Substrate/GLints/dict_16_192_64_0p5_0p02_0050_0004.uasset" 6067
"../../../Engine/Content/EngineMaterials/Substrate/GLints/dict_16_192_64_0p5_0p02_0062_0010.uasset" 6068
"../../../Engine/Content/EngineMaterials/Substrate/GLints/dict_16_192_64_0p5_0p02_0039_0001.uasset" 6069
"../../../Engine/Content/EngineMaterials/Substrate/GLints/dict_16_192_64_0p5_0p02_0048_0015.uasset" 6070
"../../../Engine/Content/EngineMaterials/Substrate/GLints/dict_16_192_64_0p5_0p02_0063_0015.uasset" 6071
"../../../Engine/Content/EngineMaterials/Substrate/GLints/dict_16_192_64_0p5_0p02_0043_0010.uasset" 6072
"../../../Engine/Content/EngineMaterials/Substrate/GLints/dict_16_192_64_0p5_0p02_0053_0010.uasset" 6073
"../../../Engine/Content/EngineMaterials/Substrate/GLints/dict_16_192_64_0p5_0p02_0017_0010.uasset" 6074
"../../../Engine/Content/EngineMaterials/Substrate/GLints/dict_16_192_64_0p5_0p02_0004_0008.uasset" 6075
"../../../Engine/Content/EngineMaterials/Substrate/GLints/dict_16_192_64_0p5_0p02_0036_0003.uasset" 6076
"../../../Engine/Content/EngineMaterials/Substrate/GLints/dict_16_192_64_0p5_0p02_0033_0000.uasset" 6077
"../../../Engine/Content/EngineMaterials/Substrate/GLints/dict_16_192_64_0p5_0p02_0008_0008.uasset" 6078
"../../../Engine/Content/EngineMaterials/Substrate/GLints/dict_16_192_64_0p5_0p02_0060_0009.uasset" 6079
"../../../Engine/Content/EngineMaterials/Substrate/GLints/dict_16_192_64_0p5_0p02_0031_0000.uasset" 6080
"../../../Engine/Content/EngineMaterials/Substrate/GLints/dict_16_192_64_0p5_0p02_0025_0012.uasset" 6081
"../../../Engine/Content/EngineMaterials/Substrate/GLints/dict_16_192_64_0p5_0p02_0004_0011.uasset" 6082
"../../../Engine/Content/EngineMaterials/Substrate/GLints/dict_16_192_64_0p5_0p02_0056_0011.uasset" 6083
"../../../Engine/Content/EngineMaterials/Substrate/GLints/dict_16_192_64_0p5_0p02_0063_0009.uasset" 6084
"../../../Engine/Content/EngineMaterials/Substrate/GLints/dict_16_192_64_0p5_0p02_0024_0007.uasset" 6085
"../../../Engine/Content/EngineMaterials/Substrate/GLints/dict_16_192_64_0p5_0p02_0001_0006.uasset" 6086
"../../../Engine/Content/EngineMaterials/Substrate/GLints/dict_16_192_64_0p5_0p02_0010_0014.uasset" 6087
"../../../Engine/Content/EngineMaterials/Substrate/GLints/dict_16_192_64_0p5_0p02_0006_0005.uasset" 6088
"../../../Engine/Content/EngineMaterials/Substrate/GLints/dict_16_192_64_0p5_0p02_0044_0012.uasset" 6089
"../../../Engine/Content/EngineMaterials/Substrate/GLints/dict_16_192_64_0p5_0p02_0036_0015.uasset" 6090
"../../../Engine/Content/EngineMaterials/Substrate/GLints/dict_16_192_64_0p5_0p02_0063_0012.uasset" 6091
"../../../Engine/Content/EngineMaterials/Substrate/GLints/dict_16_192_64_0p5_0p02_0054_0000.uasset" 6092
"../../../Engine/Content/EngineMaterials/Substrate/GLints/dict_16_192_64_0p5_0p02_0063_0005.uasset" 6093
"../../../Engine/Content/EngineMaterials/Substrate/GLints/dict_16_192_64_0p5_0p02_0061_0000.uasset" 6094
"../../../Engine/Content/EngineMaterials/Substrate/GLints/dict_16_192_64_0p5_0p02_0042_0014.uasset" 6095
"../../../Engine/Content/EngineMaterials/Substrate/GLints/dict_16_192_64_0p5_0p02_0036_0001.uasset" 6096
"../../../Engine/Content/EngineMaterials/Substrate/GLints/dict_16_192_64_0p5_0p02_0022_0014.uasset" 6097
"../../../Engine/Content/EngineMaterials/Substrate/GLints/dict_16_192_64_0p5_0p02_0055_0014.uasset" 6098
"../../../Engine/Content/EngineMaterials/Substrate/GLints/dict_16_192_64_0p5_0p02_0058_0000.uasset" 6099
"../../../Engine/Content/EngineMaterials/Substrate/GLints/dict_16_192_64_0p5_0p02_0034_0005.uasset" 6100
"../../../Engine/Content/EngineMaterials/Substrate/GLints/dict_16_192_64_0p5_0p02_0053_0005.uasset" 6101
"../../../Engine/Content/EngineMaterials/Substrate/GLints/dict_16_192_64_0p5_0p02_0003_0014.uasset" 6102
"../../../Engine/Content/EngineMaterials/Substrate/GLints/dict_16_192_64_0p5_0p02_0042_0009.uasset" 6103
"../../../Engine/Content/EngineMaterials/Substrate/GLints/dict_16_192_64_0p5_0p02_0021_0005.uasset" 6104
"../../../Engine/Content/EngineMaterials/Substrate/GLints/dict_16_192_64_0p5_0p02_0054_0015.uasset" 6105
"../../../Engine/Content/EngineMaterials/Substrate/GLints/dict_16_192_64_0p5_0p02_0039_0008.uasset" 6106
"../../../Engine/Content/EngineMaterials/Substrate/GLints/dict_16_192_64_0p5_0p02_0009_0005.uasset" 6107
"../../../Engine/Content/EngineMaterials/Substrate/GLints/dict_16_192_64_0p5_0p02_0010_0010.uasset" 6108
"../../../Engine/Content/EngineMaterials/Substrate/GLints/dict_16_192_64_0p5_0p02_0027_0000.uasset" 6109
"../../../Engine/Content/EngineMaterials/Substrate/GLints/dict_16_192_64_0p5_0p02_0007_0007.uasset" 6110
"../../../Engine/Content/EngineMaterials/Substrate/GLints/dict_16_192_64_0p5_0p02_0006_0014.uasset" 6111
"../../../Engine/Content/EngineMaterials/Substrate/GLints/dict_16_192_64_0p5_0p02_0047_0011.uasset" 6112
"../../../Engine/Content/EngineMaterials/Substrate/GLints/dict_16_192_64_0p5_0p02_0019_0002.uasset" 6113
"../../../Engine/Content/EngineMaterials/Substrate/GLints/dict_16_192_64_0p5_0p02_0005_0011.uasset" 6114
"../../../Engine/Content/EngineMaterials/Substrate/GLints/dict_16_192_64_0p5_0p02_0043_0004.uasset" 6115
"../../../Engine/Content/EngineMaterials/Substrate/GLints/dict_16_192_64_0p5_0p02_0012_0010.uasset" 6116
"../../../Engine/Content/EngineMaterials/Substrate/GLints/dict_16_192_64_0p5_0p02_0030_0014.uasset" 6117
"../../../Engine/Content/EngineMaterials/Substrate/GLints/dict_16_192_64_0p5_0p02_0045_0003.uasset" 6118
"../../../Engine/Content/EngineMaterials/Substrate/GLints/dict_16_192_64_0p5_0p02_0044_0004.uasset" 6119
"../../../Engine/Content/EngineMaterials/Substrate/GLints/dict_16_192_64_0p5_0p02_0005_0003.uasset" 6120
"../../../Engine/Content/EngineMaterials/Substrate/GLints/dict_16_192_64_0p5_0p02_0040_0005.uasset" 6121
"../../../Engine/Content/EngineMaterials/Substrate/GLints/dict_16_192_64_0p5_0p02_0026_0005.uasset" 6122
"../../../Engine/Content/EngineMaterials/Substrate/GLints/dict_16_192_64_0p5_0p02_0057_0007.uasset" 6123
"../../../Engine/Content/EngineMaterials/Substrate/GLints/dict_16_192_64_0p5_0p02_0031_0014.uasset" 6124
"../../../Engine/Content/EngineMaterials/Substrate/GLints/dict_16_192_64_0p5_0p02_0005_0006.uasset" 6125
"../../../Engine/Content/EngineMaterials/Substrate/GLints/dict_16_192_64_0p5_0p02_0006_0009.uasset" 6126
"../../../Engine/Content/EngineMaterials/Substrate/GLints/dict_16_192_64_0p5_0p02_0032_0011.uasset" 6127
"../../../Engine/Content/EngineMaterials/Substrate/GLints/dict_16_192_64_0p5_0p02_0038_0009.uasset" 6128
"../../../Engine/Content/EngineMaterials/Substrate/GLints/dict_16_192_64_0p5_0p02_0029_0009.uasset" 6129
"../../../Engine/Content/EngineMaterials/Substrate/GLints/dict_16_192_64_0p5_0p02_0041_0009.uasset" 6130
"../../../Engine/Content/EngineMaterials/Substrate/GLints/dict_16_192_64_0p5_0p02_0063_0000.uasset" 6131
"../../../Engine/Content/EngineMaterials/Substrate/GLints/dict_16_192_64_0p5_0p02_0040_0007.uasset" 6132
"../../../Engine/Content/EngineMaterials/Substrate/GLints/dict_16_192_64_0p5_0p02_0015_0004.uasset" 6133
"../../../Engine/Content/EngineMaterials/Substrate/GLints/dict_16_192_64_0p5_0p02_0038_0002.uasset" 6134
"../../../Engine/Content/EngineMaterials/Substrate/GLints/dict_16_192_64_0p5_0p02_0059_0011.uasset" 6135
"../../../Engine/Content/EngineMaterials/Substrate/GLints/dict_16_192_64_0p5_0p02_0051_0007.uasset" 6136
"../../../Engine/Content/EngineMaterials/Substrate/GLints/dict_16_192_64_0p5_0p02_0010_0012.uasset" 6137
"../../../Engine/Content/EngineMaterials/Substrate/GLints/dict_16_192_64_0p5_0p02_0021_0006.uasset" 6138
"../../../Engine/Content/EngineMaterials/Substrate/GLints/dict_16_192_64_0p5_0p02_0009_0014.uasset" 6139
"../../../Engine/Content/EngineMaterials/Substrate/GLints/dict_16_192_64_0p5_0p02_0006_0007.uasset" 6140
"../../../Engine/Content/EngineMaterials/Substrate/GLints/dict_16_192_64_0p5_0p02_0004_0005.uasset" 6141
"../../../Engine/Content/EngineMaterials/Substrate/GLints/dict_16_192_64_0p5_0p02_0054_0008.uasset" 6142
"../../../Engine/Content/EngineMaterials/Substrate/GLints/dict_16_192_64_0p5_0p02_0046_0010.uasset" 6143
"../../../Engine/Content/EngineMaterials/Substrate/GLints/dict_16_192_64_0p5_0p02_0004_0014.uasset" 6144
"../../../Engine/Content/EngineMaterials/Substrate/GLints/dict_16_192_64_0p5_0p02_0049_0015.uasset" 6145
"../../../Engine/Content/EngineMaterials/Substrate/GLints/dict_16_192_64_0p5_0p02_0041_0003.uasset" 6146
"../../../Engine/Content/EngineMaterials/Substrate/GLints/dict_16_192_64_0p5_0p02_0055_0015.uasset" 6147
"../../../Engine/Content/EngineMaterials/Substrate/GLints/dict_16_192_64_0p5_0p02_0049_0008.uasset" 6148
"../../../Engine/Content/EngineMaterials/Substrate/GLints/dict_16_192_64_0p5_0p02_0039_0003.uasset" 6149
"../../../Engine/Content/EngineMaterials/Substrate/GLints/dict_16_192_64_0p5_0p02_0060_0005.uasset" 6150
"../../../Engine/Content/EngineMaterials/Substrate/GLints/dict_16_192_64_0p5_0p02_0047_0004.uasset" 6151
"../../../Engine/Content/EngineMaterials/Substrate/GLints/dict_16_192_64_0p5_0p02_0030_0010.uasset" 6152
"../../../Engine/Content/EngineMaterials/Substrate/GLints/dict_16_192_64_0p5_0p02_0016_0007.uasset" 6153
"../../../Engine/Content/EngineMaterials/Substrate/GLints/dict_16_192_64_0p5_0p02_0011_0010.uasset" 6154
"../../../Engine/Content/EngineMaterials/Substrate/GLints/dict_16_192_64_0p5_0p02_0043_0013.uasset" 6155
"../../../Engine/Content/EngineMaterials/Substrate/GLints/dict_16_192_64_0p5_0p02_0046_0001.uasset" 6156
"../../../Engine/Content/EngineMaterials/Substrate/GLints/dict_16_192_64_0p5_0p02_0014_0004.uasset" 6157
"../../../Engine/Content/EngineMaterials/Substrate/GLints/dict_16_192_64_0p5_0p02_0026_0000.uasset" 6158
"../../../Engine/Content/EngineMaterials/Substrate/GLints/dict_16_192_64_0p5_0p02_0034_0006.uasset" 6159
"../../../Engine/Content/EngineMaterials/Substrate/GLints/dict_16_192_64_0p5_0p02_0017_0008.uasset" 6160
"../../../Engine/Content/EngineMaterials/Substrate/GLints/dict_16_192_64_0p5_0p02_0053_0006.uasset" 6161
"../../../Engine/Content/EngineMaterials/Substrate/GLints/dict_16_192_64_0p5_0p02_0048_0005.uasset" 6162
"../../../Engine/Content/EngineMaterials/Substrate/GLints/dict_16_192_64_0p5_0p02_0047_0012.uasset" 6163
"../../../Engine/Content/EngineMaterials/Substrate/GLints/dict_16_192_64_0p5_0p02_0011_0012.uasset" 6164
"../../../Engine/Content/EngineMaterials/Substrate/GLints/dict_16_192_64_0p5_0p02_0001_0009.uasset" 6165
"../../../Engine/Content/EngineMaterials/Substrate/GLints/dict_16_192_64_0p5_0p02_0061_0013.uasset" 6166
"../../../Engine/Content/EngineMaterials/Substrate/GLints/dict_16_192_64_0p5_0p02_0025_0002.uasset" 6167
"../../../Engine/Content/EngineMaterials/Substrate/GLints/dict_16_192_64_0p5_0p02_0063_0008.uasset" 6168
"../../../Engine/Content/EngineMaterials/Substrate/GLints/dict_16_192_64_0p5_0p02_0009_0013.uasset" 6169
"../../../Engine/Content/EngineMaterials/Substrate/GLints/dict_16_192_64_0p5_0p02_0049_0014.uasset" 6170
"../../../Engine/Content/EngineMaterials/Substrate/GLints/dict_16_192_64_0p5_0p02_0015_0001.uasset" 6171
"../../../Engine/Content/EngineMaterials/Substrate/GLints/dict_16_192_64_0p5_0p02_0007_0013.uasset" 6172
"../../../Engine/Content/EngineMaterials/Substrate/GLints/dict_16_192_64_0p5_0p02_0058_0003.uasset" 6173
"../../../Engine/Content/EngineMaterials/Substrate/GLints/dict_16_192_64_0p5_0p02_0056_0014.uasset" 6174
"../../../Engine/Content/EngineMaterials/Substrate/GLints/dict_16_192_64_0p5_0p02_0030_0005.uasset" 6175
"../../../Engine/Content/EngineMaterials/Substrate/GLints/dict_16_192_64_0p5_0p02_0011_0011.uasset" 6176
"../../../Engine/Content/EngineMaterials/Substrate/GLints/dict_16_192_64_0p5_0p02_0028_0015.uasset" 6177
"../../../Engine/Content/EngineMaterials/Substrate/GLints/dict_16_192_64_0p5_0p02_0013_0013.uasset" 6178
"../../../Engine/Content/EngineMaterials/Substrate/GLints/dict_16_192_64_0p5_0p02_0011_0004.uasset" 6179
"../../../Engine/Content/EngineMaterials/Substrate/GLints/dict_16_192_64_0p5_0p02_0002_0015.uasset" 6180
"../../../Engine/Content/EngineMaterials/Substrate/GLints/dict_16_192_64_0p5_0p02_0062_0014.uasset" 6181
"../../../Engine/Content/EngineMaterials/Substrate/GLints/dict_16_192_64_0p5_0p02_0036_0006.uasset" 6182
"../../../Engine/Content/EngineMaterials/Substrate/GLints/dict_16_192_64_0p5_0p02_0013_0001.uasset" 6183
"../../../Engine/Content/EngineMaterials/Substrate/GLints/dict_16_192_64_0p5_0p02_0021_0011.uasset" 6184
"../../../Engine/Content/EngineMaterials/Substrate/GLints/dict_16_192_64_0p5_0p02_0035_0010.uasset" 6185
"../../../Engine/Content/EngineMaterials/Substrate/GLints/dict_16_192_64_0p5_0p02_0001_0012.uasset" 6186
"../../../Engine/Content/EngineMaterials/Substrate/GLints/dict_16_192_64_0p5_0p02_0023_0001.uasset" 6187
"../../../Engine/Content/EngineMaterials/Substrate/GLints/dict_16_192_64_0p5_0p02_0056_0002.uasset" 6188
"../../../Engine/Content/EngineMaterials/Substrate/GLints/dict_16_192_64_0p5_0p02_0017_0005.uasset" 6189
"../../../Engine/Content/EngineMaterials/Substrate/GLints/dict_16_192_64_0p5_0p02_0013_0009.uasset" 6190
"../../../Engine/Content/EngineMaterials/Substrate/GLints/dict_16_192_64_0p5_0p02_0045_0012.uasset" 6191
"../../../Engine/Content/EngineMaterials/Substrate/GLints/dict_16_192_64_0p5_0p02_0049_0011.uasset" 6192
"../../../Engine/Content/EngineMaterials/Substrate/GLints/dict_16_192_64_0p5_0p02_0034_0011.uasset" 6193
"../../../Engine/Content/EngineMaterials/Substrate/GLints/dict_16_192_64_0p5_0p02_0005_0010.uasset" 6194
"../../../Engine/Content/EngineMaterials/Substrate/GLints/dict_16_192_64_0p5_0p02_0000_0006.uasset" 6195
"../../../Engine/Content/EngineMaterials/Substrate/GLints/dict_16_192_64_0p5_0p02_0042_0003.uasset" 6196
"../../../Engine/Content/EngineMaterials/Substrate/GLints/dict_16_192_64_0p5_0p02_0060_0011.uasset" 6197
"../../../Engine/Content/EngineMaterials/Substrate/GLints/dict_16_192_64_0p5_0p02_0022_0006.uasset" 6198
"../../../Engine/Content/EngineMaterials/Substrate/GLints/dict_16_192_64_0p5_0p02_0037_0015.uasset" 6199
"../../../Engine/Content/EngineMaterials/Substrate/GLints/dict_16_192_64_0p5_0p02_0001_0005.uasset" 6200
"../../../Engine/Content/EngineMaterials/Substrate/GLints/dict_16_192_64_0p5_0p02_0057_0010.uasset" 6201
"../../../Engine/Content/EngineMaterials/Substrate/GLints/dict_16_192_64_0p5_0p02_0027_0005.uasset" 6202
"../../../Engine/Content/EngineMaterials/Substrate/GLints/dict_16_192_64_0p5_0p02_0014_0009.uasset" 6203
"../../../Engine/Content/EngineMaterials/Substrate/GLints/dict_16_192_64_0p5_0p02_0031_0003.uasset" 6204
"../../../Engine/Content/EngineMaterials/Substrate/GLints/dict_16_192_64_0p5_0p02_0006_0011.uasset" 6205
"../../../Engine/Content/EngineMaterials/Substrate/GLints/dict_16_192_64_0p5_0p02_0054_0011.uasset" 6206
"../../../Engine/Content/EngineMaterials/Substrate/GLints/dict_16_192_64_0p5_0p02_0050_0013.uasset" 6207
"../../../Engine/Content/EngineMaterials/Substrate/GLints/dict_16_192_64_0p5_0p02_0047_0006.uasset" 6208
"../../../Engine/Content/EngineMaterials/Substrate/GLints/dict_16_192_64_0p5_0p02_0046_0009.uasset" 6209
"../../../Engine/Content/EngineMaterials/Substrate/GLints/dict_16_192_64_0p5_0p02_0007_0012.uasset" 6210
"../../../Engine/Content/EngineMaterials/Substrate/GLints/dict_16_192_64_0p5_0p02_0039_0011.uasset" 6211
"../../../Engine/Content/EngineMaterials/Substrate/GLints/dict_16_192_64_0p5_0p02_0005_0012.uasset" 6212
"../../../Engine/Content/EngineMaterials/Substrate/GLints/dict_16_192_64_0p5_0p02_0045_0014.uasset" 6213
"../../../Engine/Content/EngineMaterials/Substrate/GLints/dict_16_192_64_0p5_0p02_0015_0003.uasset" 6214
"../../../Engine/Content/EngineMaterials/Substrate/GLints/dict_16_192_64_0p5_0p02_0043_0000.uasset" 6215
"../../../Engine/Content/EngineMaterials/Substrate/GLints/dict_16_192_64_0p5_0p02_0029_0010.uasset" 6216
"../../../Engine/Content/EngineMaterials/Substrate/GLints/dict_16_192_64_0p5_0p02_0015_0014.uasset" 6217
"../../../Engine/Content/EngineMaterials/Substrate/GLints/dict_16_192_64_0p5_0p02_0013_0015.uasset" 6218
"../../../Engine/Content/EngineMaterials/Substrate/GLints/dict_16_192_64_0p5_0p02_0012_0008.uasset" 6219
"../../../Engine/Content/EngineMaterials/Substrate/GLints/dict_16_192_64_0p5_0p02_0036_0010.uasset" 6220
"../../../Engine/Content/EngineMaterials/Substrate/GLints/dict_16_192_64_0p5_0p02_0015_0013.uasset" 6221
"../../../Engine/Content/EngineMaterials/Substrate/GLints/dict_16_192_64_0p5_0p02_0029_0003.uasset" 6222
"../../../Engine/Content/EngineMaterials/Substrate/GLints/dict_16_192_64_0p5_0p02_0046_0000.uasset" 6223
"../../../Engine/Content/EngineMaterials/Substrate/GLints/dict_16_192_64_0p5_0p02_0062_0015.uasset" 6224
"../../../Engine/Content/EngineMaterials/Substrate/GLints/dict_16_192_64_0p5_0p02_0002_0006.uasset" 6225
"../../../Engine/Content/EngineMaterials/Substrate/GLints/dict_16_192_64_0p5_0p02_0039_0010.uasset" 6226
"../../../Engine/Content/EngineMaterials/Substrate/GLints/dict_16_192_64_0p5_0p02_0020_0002.uasset" 6227
"../../../Engine/Content/EngineMaterials/Substrate/GLints/dict_16_192_64_0p5_0p02_0013_0007.uasset" 6228
"../../../Engine/Content/EngineMaterials/Substrate/GLints/dict_16_192_64_0p5_0p02_0020_0012.uasset" 6229
"../../../Engine/Content/EngineMaterials/Substrate/GLints/dict_16_192_64_0p5_0p02_0052_0013.uasset" 6230
"../../../Engine/Content/EngineMaterials/Substrate/GLints/dict_16_192_64_0p5_0p02_0060_0001.uasset" 6231
"../../../Engine/Content/EngineMaterials/Substrate/GLints/dict_16_192_64_0p5_0p02_0019_0014.uasset" 6232
"../../../Engine/Content/EngineMaterials/Substrate/GLints/dict_16_192_64_0p5_0p02_0051_0001.uasset" 6233
"../../../Engine/Content/EngineMaterials/Substrate/GLints/dict_16_192_64_0p5_0p02_0061_0011.uasset" 6234
"../../../Engine/Content/EngineMaterials/Substrate/GLints/dict_16_192_64_0p5_0p02_0003_0015.uasset" 6235
"../../../Engine/Content/EngineMaterials/Substrate/GLints/dict_16_192_64_0p5_0p02_0033_0014.uasset" 6236
"../../../Engine/Content/EngineMaterials/Substrate/GLints/dict_16_192_64_0p5_0p02_0000_0012.uasset" 6237
"../../../Engine/Content/EngineMaterials/Substrate/GLints/dict_16_192_64_0p5_0p02_0047_0008.uasset" 6238
"../../../Engine/Content/EngineMaterials/Substrate/GLints/dict_16_192_64_0p5_0p02_0001_0003.uasset" 6239
"../../../Engine/Content/EngineMaterials/Substrate/GLints/dict_16_192_64_0p5_0p02_0048_0008.uasset" 6240
"../../../Engine/Content/EngineMaterials/Substrate/GLints/dict_16_192_64_0p5_0p02_0050_0007.uasset" 6241
"../../../Engine/Content/EngineMaterials/Substrate/GLints/dict_16_192_64_0p5_0p02_0049_0013.uasset" 6242
"../../../Engine/Content/EngineMaterials/Substrate/GLints/dict_16_192_64_0p5_0p02_0019_0015.uasset" 6243
"../../../Engine/Content/EngineMaterials/Substrate/GLints/dict_16_192_64_0p5_0p02_0045_0011.uasset" 6244
"../../../Engine/Content/EngineMaterials/Substrate/GLints/dict_16_192_64_0p5_0p02_0046_0005.uasset" 6245
"../../../Engine/Content/EngineMaterials/Substrate/GLints/dict_16_192_64_0p5_0p02_0026_0011.uasset" 6246
"../../../Engine/Content/EngineMaterials/Substrate/GLints/dict_16_192_64_0p5_0p02_0057_0003.uasset" 6247
"../../../Engine/Content/EngineMaterials/Substrate/GLints/dict_16_192_64_0p5_0p02_0007_0006.uasset" 6248
"../../../Engine/Content/EngineMaterials/Substrate/GLints/dict_16_192_64_0p5_0p02_0040_0001.uasset" 6249
"../../../Engine/Content/EngineMaterials/Substrate/GLints/dict_16_192_64_0p5_0p02_0026_0010.uasset" 6250
"../../../Engine/Content/EngineMaterials/Substrate/GLints/dict_16_192_64_0p5_0p02_0059_0008.uasset" 6251
"../../../Engine/Content/EngineMaterials/Substrate/GLints/dict_16_192_64_0p5_0p02_0016_0010.uasset" 6252
"../../../Engine/Content/EngineMaterials/Substrate/GLints/dict_16_192_64_0p5_0p02_0015_0008.uasset" 6253
"../../../Engine/Content/EngineMaterials/Substrate/GLints/dict_16_192_64_0p5_0p02_0043_0011.uasset" 6254
"../../../Engine/Content/EngineMaterials/Substrate/GLints/dict_16_192_64_0p5_0p02_0045_0015.uasset" 6255
"../../../Engine/Content/EngineMaterials/Substrate/GLints/dict_16_192_64_0p5_0p02_0024_0004.uasset" 6256
"../../../Engine/Content/EngineMaterials/Substrate/GLints/dict_16_192_64_0p5_0p02_0025_0009.uasset" 6257
"../../../Engine/Content/EngineMaterials/Substrate/GLints/dict_16_192_64_0p5_0p02_0012_0014.uasset" 6258
"../../../Engine/Content/EngineMaterials/Substrate/GLints/dict_16_192_64_0p5_0p02_0053_0004.uasset" 6259
"../../../Engine/Content/EngineMaterials/Substrate/GLints/dict_16_192_64_0p5_0p02_0017_0004.uasset" 6260
"../../../Engine/Content/EngineMaterials/Substrate/GLints/dict_16_192_64_0p5_0p02_0018_0004.uasset" 6261
"../../../Engine/Content/EngineMaterials/Substrate/GLints/dict_16_192_64_0p5_0p02_0051_0015.uasset" 6262
"../../../Engine/Content/EngineMaterials/Substrate/GLints/dict_16_192_64_0p5_0p02_0057_0013.uasset" 6263
"../../../Engine/Content/EngineMaterials/Substrate/GLints/dict_16_192_64_0p5_0p02_0030_0006.uasset" 6264
"../../../Engine/Content/EngineMaterials/Substrate/GLints/dict_16_192_64_0p5_0p02_0053_0007.uasset" 6265
"../../../Engine/Content/EngineMaterials/Substrate/GLints/dict_16_192_64_0p5_0p02_0046_0003.uasset" 6266
"../../../Engine/Content/EngineMaterials/Substrate/GLints/dict_16_192_64_0p5_0p02_0032_0005.uasset" 6267
"../../../Engine/Content/EngineMaterials/Substrate/GLints/dict_16_192_64_0p5_0p02_0006_0003.uasset" 6268
"../../../Engine/Content/EngineMaterials/Substrate/GLints/dict_16_192_64_0p5_0p02_0018_0006.uasset" 6269
"../../../Engine/Content/EngineMaterials/Substrate/GLints/dict_16_192_64_0p5_0p02_0034_0014.uasset" 6270
"../../../Engine/Content/EngineMaterials/Substrate/GLints/dict_16_192_64_0p5_0p02_0033_0011.uasset" 6271
"../../../Engine/Content/EngineMaterials/Substrate/GLints/dict_16_192_64_0p5_0p02_0007_0004.uasset" 6272
"../../../Engine/Content/EngineMaterials/Substrate/GLints/dict_16_192_64_0p5_0p02_0007_0002.uasset" 6273
"../../../Engine/Content/EngineMaterials/Substrate/GLints/dict_16_192_64_0p5_0p02_0049_0001.uasset" 6274
"../../../Engine/Content/EngineMaterials/Substrate/GLints/dict_16_192_64_0p5_0p02_0028_0012.uasset" 6275
"../../../Engine/Content/EngineMaterials/Substrate/GLints/dict_16_192_64_0p5_0p02_0057_0009.uasset" 6276
"../../../Engine/Content/EngineMaterials/Substrate/GLints/dict_16_192_64_0p5_0p02_0034_0015.uasset" 6277
"../../../Engine/Content/EngineMaterials/Substrate/GLints/dict_16_192_64_0p5_0p02_0024_0008.uasset" 6278
"../../../Engine/Content/EngineMaterials/Substrate/GLints/dict_16_192_64_0p5_0p02_0055_0011.uasset" 6279
"../../../Engine/Content/EngineMaterials/Substrate/GLints/dict_16_192_64_0p5_0p02_0037_0005.uasset" 6280
"../../../Engine/Content/EngineMaterials/Substrate/GLints/dict_16_192_64_0p5_0p02_0023_0000.uasset" 6281
"../../../Engine/Content/EngineMaterials/Substrate/GLints/dict_16_192_64_0p5_0p02_0060_0015.uasset" 6282
"../../../Engine/Content/EngineMaterials/Substrate/GLints/dict_16_192_64_0p5_0p02_0051_0004.uasset" 6283
"../../../Engine/Content/EngineMaterials/Substrate/GLints/dict_16_192_64_0p5_0p02_0061_0008.uasset" 6284
"../../../Engine/Content/EngineMaterials/Substrate/GLints/dict_16_192_64_0p5_0p02_0000_0009.uasset" 6285
"../../../Engine/Content/EngineMaterials/Substrate/GLints/dict_16_192_64_0p5_0p02_0013_0014.uasset" 6286
"../../../Engine/Content/EngineMaterials/Substrate/GLints/dict_16_192_64_0p5_0p02_0048_0000.uasset" 6287
"../../../Engine/Content/EngineMaterials/Substrate/GLints/dict_16_192_64_0p5_0p02_0027_0007.uasset" 6288
"../../../Engine/Content/EngineMaterials/Substrate/GLints/dict_16_192_64_0p5_0p02_0061_0002.uasset" 6289
"../../../Engine/Content/EngineMaterials/Substrate/GLints/dict_16_192_64_0p5_0p02_0021_0012.uasset" 6290
"../../../Engine/Content/EngineMaterials/Substrate/GLints/dict_16_192_64_0p5_0p02_0017_0015.uasset" 6291
"../../../Engine/Content/EngineMaterials/Substrate/GLints/dict_16_192_64_0p5_0p02_0006_0002.uasset" 6292
"../../../Engine/Content/EngineMaterials/Substrate/GLints/dict_16_192_64_0p5_0p02_0023_0006.uasset" 6293
"../../../Engine/Content/EngineMaterials/Substrate/GLints/dict_16_192_64_0p5_0p02_0038_0007.uasset" 6294
"../../../Engine/Content/EngineMaterials/Substrate/GLints/dict_16_192_64_0p5_0p02_0005_0001.uasset" 6295
"../../../Engine/Content/EngineMaterials/Substrate/GLints/dict_16_192_64_0p5_0p02_0021_0004.uasset" 6296
"../../../Engine/Content/EngineMaterials/Substrate/GLints/dict_16_192_64_0p5_0p02_0018_0000.uasset" 6297
"../../../Engine/Content/EngineMaterials/Substrate/GLints/dict_16_192_64_0p5_0p02_0008_0010.uasset" 6298
"../../../Engine/Content/EngineMaterials/Substrate/GLints/dict_16_192_64_0p5_0p02_0026_0009.uasset" 6299
"../../../Engine/Content/EngineMaterials/Substrate/GLints/dict_16_192_64_0p5_0p02_0023_0007.uasset" 6300
"../../../Engine/Content/EngineMaterials/Substrate/GLints/dict_16_192_64_0p5_0p02_0002_0004.uasset" 6301
"../../../Engine/Content/EngineMaterials/Substrate/GLints/dict_16_192_64_0p5_0p02_0001_0013.uasset" 6302
"../../../Engine/Content/EngineMaterials/Substrate/GLints/dict_16_192_64_0p5_0p02_0025_0004.uasset" 6303
"../../../Engine/Content/EngineMaterials/Substrate/GLints/dict_16_192_64_0p5_0p02_0056_0004.uasset" 6304
"../../../Engine/Content/EngineMaterials/Substrate/GLints/dict_16_192_64_0p5_0p02_0019_0000.uasset" 6305
"../../../Engine/Content/EngineMaterials/Substrate/GLints/dict_16_192_64_0p5_0p02_0031_0013.uasset" 6306
"../../../Engine/Content/EngineMaterials/Substrate/GLints/dict_16_192_64_0p5_0p02_0017_0000.uasset" 6307
"../../../Engine/Content/EngineMaterials/Substrate/GLints/dict_16_192_64_0p5_0p02_0011_0008.uasset" 6308
"../../../Engine/Content/EngineMaterials/Substrate/GLints/dict_16_192_64_0p5_0p02_0009_0009.uasset" 6309
"../../../Engine/Content/EngineMaterials/Substrate/GLints/dict_16_192_64_0p5_0p02_0019_0008.uasset" 6310
"../../../Engine/Content/EngineMaterials/Substrate/GLints/dict_16_192_64_0p5_0p02_0041_0010.uasset" 6311
"../../../Engine/Content/EngineMaterials/Substrate/GLints/dict_16_192_64_0p5_0p02_0058_0004.uasset" 6312
"../../../Engine/Content/EngineMaterials/Substrate/GLints/dict_16_192_64_0p5_0p02_0015_0012.uasset" 6313
"../../../Engine/Content/EngineMaterials/Substrate/GLints/dict_16_192_64_0p5_0p02_0040_0004.uasset" 6314
"../../../Engine/Content/EngineMaterials/Substrate/GLints/dict_16_192_64_0p5_0p02_0032_0006.uasset" 6315
"../../../Engine/Content/EngineMaterials/Substrate/GLints/dict_16_192_64_0p5_0p02_0053_0013.uasset" 6316
"../../../Engine/Content/EngineMaterials/Substrate/GLints/dict_16_192_64_0p5_0p02_0023_0004.uasset" 6317
"../../../Engine/Content/EngineMaterials/Substrate/GLints/dict_16_192_64_0p5_0p02_0055_0010.uasset" 6318
"../../../Engine/Content/EngineMaterials/Substrate/GLints/dict_16_192_64_0p5_0p02_0012_0009.uasset" 6319
"../../../Engine/Content/EngineMaterials/Substrate/GLints/dict_16_192_64_0p5_0p02_0039_0006.uasset" 6320
"../../../Engine/Content/EngineMaterials/Substrate/GLints/dict_16_192_64_0p5_0p02_0053_0000.uasset" 6321
"../../../Engine/Content/EngineMaterials/Substrate/GLints/dict_16_192_64_0p5_0p02_0056_0015.uasset" 6322
"../../../Engine/Content/EngineMaterials/Substrate/GLints/dict_16_192_64_0p5_0p02_0015_0007.uasset" 6323
"../../../Engine/Content/EngineMaterials/Substrate/GLints/dict_16_192_64_0p5_0p02_0029_0001.uasset" 6324
"../../../Engine/Content/EngineMaterials/Substrate/GLints/dict_16_192_64_0p5_0p02_0028_0003.uasset" 6325
"../../../Engine/Content/EngineMaterials/Substrate/GLints/dict_16_192_64_0p5_0p02_0018_0008.uasset" 6326
"../../../Engine/Content/EngineMaterials/Substrate/GLints/dict_16_192_64_0p5_0p02_0030_0009.uasset" 6327
"../../../Engine/Content/EngineMaterials/Substrate/GLints/dict_16_192_64_0p5_0p02_0039_0014.uasset" 6328
"../../../Engine/Content/EngineMaterials/Substrate/GLints/dict_16_192_64_0p5_0p02_0014_0010.uasset" 6329
"../../../Engine/Content/EngineMaterials/Substrate/GLints/dict_16_192_64_0p5_0p02_0060_0006.uasset" 6330
"../../../Engine/Content/EngineMaterials/Substrate/GLints/dict_16_192_64_0p5_0p02_0000_0003.uasset" 6331
"../../../Engine/Content/EngineMaterials/Substrate/GLints/dict_16_192_64_0p5_0p02_0049_0010.uasset" 6332
"../../../Engine/Content/EngineMaterials/Substrate/GLints/dict_16_192_64_0p5_0p02_0041_0000.uasset" 6333
"../../../Engine/Content/EngineMaterials/Substrate/GLints/dict_16_192_64_0p5_0p02_0039_0000.uasset" 6334
"../../../Engine/Content/EngineMaterials/Substrate/GLints/dict_16_192_64_0p5_0p02_0045_0010.uasset" 6335
"../../../Engine/Content/EditorMaterials/PreviewShadowIndicator.uasset" 6336
"../../../Engine/Content/Maps/Entry_BuiltData.uasset" 6337
"../../../Engine/Content/Maps/Templates/HLODs/HLODLayer_Instanced.uasset" 6338
"../../../Engine/Content/EngineSky/M_SimpleSkyDome.uasset" 6339
"../../../Engine/Content/Functions/Engine_MaterialFunctions02/Utility/BlendAngleCorrectedNormals.uasset" 6340
"../../../Engine/Content/Functions/Engine_MaterialFunctions01/Gradient/RadialGradient.uasset" 6341
"../../../Engine/Content/Functions/Engine_MaterialFunctions01/Opacity/AlphaOffset.uasset" 6342
"../../../Engine/Content/EditorMeshes/ColorCalibrator/T_ColorGrid.uasset" 6343
"../../../Engine/Content/MapTemplates/Sky/DaylightAmbientCubemap.uasset" 6344
"../../../Engine/Content/Functions/MaterialLayerFunctions/MatLayerBlend_Simple.uasset" 6345
"../../../Engine/Content/Animation/DefaultAnimBoneCompressionSettings.uasset" 6346
"../../../Engine/Content/EditorBlueprintResources/StandardMacros.uasset" 6347
"../../../Engine/Content/Functions/Engine_MaterialFunctions01/Volumetrics/BeersLaw.uasset" 6348
"../../../Engine/Plugins/Interchange/Runtime/Content/Utilities/New_LUT.uasset" 6349
"../../../Engine/Content/Functions/Engine_MaterialFunctions03/Math/RemapValueRange.uasset" 6350
"../../../Engine/Content/Functions/Engine_MaterialFunctions03/Procedurals/ComputeFilterWidth.uasset" 6351
"../../../Engine/Content/EditorMeshes/ColorCalibrator/M_GreyBall.uasset" 6352
"../../../Engine/Content/EditorMeshes/ColorCalibrator/M_ClearCoat.uasset" 6353
"../../../Engine/Content/EditorMeshes/ColorCalibrator/M_ChromeBall.uasset" 6354
"../../../Engine/Content/EditorMeshes/ColorCalibrator/M_ClearCoatBlack.uasset" 6355
"../../../Engine/Content/Functions/Engine_MaterialFunctions01/Gradient/LinearGradient.uasset" 6356
"../../../Engine/Content/EngineSky/T_Sky_Stars.uasset" 6357
"../../../Engine/Content/Maps/Templates/HLODs/HLODLayer_Merged.uasset" 6358
"../../../Engine/Content/EngineSky/T_Sky_Clouds_M.uasset" 6359
"../../../Engine/Content/EngineSky/T_Sky_Blue.uasset" 6360
"../../../Engine/Content/EditorMeshes/ColorCalibrator/Color_checker.uasset" 6361
"../../../Engine/Content/Functions/Engine_MaterialFunctions02/ScreenResolution.uasset" 6362
"../../../Engine/Content/Functions/Engine_MaterialFunctions01/Texturing/ScaleUVsByCenter.uasset" 6363
"../../../Engine/Content/ArtTools/RenderToTexture/MaterialFunctions/CheckerPattern.uasset" 6364
"C:/Users/Abies/Documents/Unreal Projects/MyProject2/Content/StarterContent/Particles/Materials/M_Heat_Distortion.uasset" 6365
"C:/Users/Abies/Documents/Unreal Projects/MyProject2/Content/StarterContent/Props/Materials/M_TableRound.uasset" 6366
"C:/Users/Abies/Documents/Unreal Projects/MyProject2/Content/StarterContent/Props/Materials/M_StatueGlass.uasset" 6367
"C:/Users/Abies/Documents/Unreal Projects/MyProject2/Content/StarterContent/Props/Materials/M_Statue.uasset" 6368
"C:/Users/Abies/Documents/Unreal Projects/MyProject2/Content/StarterContent/Particles/Materials/M_Spark.uasset" 6369
"C:/Users/Abies/Documents/Unreal Projects/MyProject2/Content/StarterContent/Particles/Materials/M_smoke_subUV.uasset" 6370
"C:/Users/Abies/Documents/Unreal Projects/MyProject2/Content/StarterContent/Props/Materials/M_Shelf.uasset" 6371
"C:/Users/Abies/AppData/Local/UnrealEngine/Common/DerivedDataCache/Buckets/BulkDataList/45/e2/ffa02d5775ec5c393b74cdf60cdba54e068a.udd" 6372
"C:/Users/Abies/Documents/Unreal Projects/MyProject2/Content/StarterContent/Materials/M_Wood_Floor_Walnut_Polished.uasset" 6373
"C:/Users/Abies/Documents/Unreal Projects/MyProject2/Content/StarterContent/Materials/M_Water_Lake.uasset" 6374
"C:/Users/Abies/Documents/Unreal Projects/MyProject2/Content/StarterContent/Materials/M_Rock_Marble_Polished.uasset" 6375
"C:/Users/Abies/Documents/Unreal Projects/MyProject2/Content/StarterContent/Materials/M_Wood_Walnut.uasset" 6376
"C:/Users/Abies/Documents/Unreal Projects/MyProject2/Content/StarterContent/Materials/M_Wood_Pine.uasset" 6377
"C:/Users/Abies/AppData/Local/UnrealEngine/Common/DerivedDataCache/Buckets/BulkDataList/57/56/0c3ce1ff8090709b310398a60ca7d807f690.udd" 6378
"C:/Users/Abies/Documents/Unreal Projects/MyProject2/Content/StarterContent/Materials/M_Wood_Oak.uasset" 6379
"C:/Users/Abies/Documents/Unreal Projects/MyProject2/Content/StarterContent/Materials/M_Tech_Panel.uasset" 6380
"C:/Users/Abies/Documents/Unreal Projects/MyProject2/Content/StarterContent/Materials/M_Tech_Hex_Tile_Pulse.uasset" 6381
"C:/Users/Abies/Documents/Unreal Projects/MyProject2/Content/StarterContent/Materials/M_Rock_Slate.uasset" 6382
"C:/Users/Abies/Documents/Unreal Projects/MyProject2/Content/StarterContent/Materials/M_Rock_Sandstone.uasset" 6383
"C:/Users/Abies/Documents/Unreal Projects/MyProject2/Content/StarterContent/Materials/M_Rock_Basalt.uasset" 6384
"C:/Users/Abies/Documents/Unreal Projects/MyProject2/Content/StarterContent/Materials/M_Metal_Steel.uasset" 6385
"C:/Users/Abies/Documents/Unreal Projects/MyProject2/Content/StarterContent/Materials/M_Metal_Gold.uasset" 6386
"C:/Users/Abies/Documents/Unreal Projects/MyProject2/Content/StarterContent/Materials/M_Metal_Copper.uasset" 6387
"C:/Users/Abies/Documents/Unreal Projects/MyProject2/Content/StarterContent/Materials/M_Metal_Chrome.uasset" 6388
"C:/Users/Abies/Documents/Unreal Projects/MyProject2/Content/StarterContent/Materials/M_Metal_Burnished_Steel.uasset" 6389
"C:/Users/Abies/Documents/Unreal Projects/MyProject2/Content/StarterContent/Materials/M_Metal_Brushed_Nickel.uasset" 6390
"C:/Users/Abies/Documents/Unreal Projects/MyProject2/Content/StarterContent/Props/Materials/M_Lamp.uasset" 6391
"C:/Users/Abies/AppData/Local/UnrealEngine/Common/DerivedDataCache/Buckets/BulkDataList/6f/f1/bac33c2af913e327f0b4d230025c326c3a39.udd" 6392
"C:/Users/Abies/Documents/Unreal Projects/MyProject2/Content/StarterContent/Materials/M_Ground_Moss.uasset" 6393
"C:/Users/Abies/AppData/Local/UnrealEngine/Common/DerivedDataCache/Buckets/BulkDataList/66/7d/a82432c2f0723c3094d6b7628802064597d6.udd" 6394
"C:/Users/Abies/AppData/Local/UnrealEngine/Common/DerivedDataCache/Buckets/LegacyCARD/d4/6b/4a3d75f61830891db4e352a26bfe52540eb6.udd" 6395
"C:/Users/Abies/AppData/Local/UnrealEngine/Common/DerivedDataCache/Buckets/LegacyTEXTURE/2d/48/72f883e5894470c7ff07dbbf48bebdb7ad5f.udd" 6396
"C:/Users/Abies/AppData/Local/UnrealEngine/Common/DerivedDataCache/Buckets/LegacyTEXTURE/b7/4c/7bc0fca24cd9938d29b828672bc564ba2f98.udd" 6397
"C:/Users/Abies/AppData/Local/UnrealEngine/Common/DerivedDataCache/Buckets/LegacyTEXTURE/7d/98/8d40cc1c24011d6f7b7fba8b5c232f568f7f.udd" 6398
"C:/Users/Abies/Documents/Unreal Projects/MyProject2/Content/StarterContent/Materials/M_Ground_Gravel.uasset" 6399
"C:/Users/Abies/AppData/Local/UnrealEngine/Common/DerivedDataCache/Buckets/BulkDataList/11/7b/c6ee7d3218d953a2d2c66e622c4670c07063.udd" 6400
"C:/Users/Abies/Documents/Unreal Projects/MyProject2/Content/StarterContent/Materials/M_Ground_Grass.uasset" 6401
"C:/Users/Abies/Documents/Unreal Projects/MyProject2/Content/StarterContent/Props/Materials/M_Frame.uasset" 6402
"C:/Users/Abies/Documents/Unreal Projects/MyProject2/Content/StarterContent/Particles/Materials/M_Fire_SubUV.uasset" 6403
"C:/Users/Abies/Documents/Unreal Projects/MyProject2/Content/StarterContent/Particles/Materials/M_explosion_subUV.uasset" 6404
"C:/Users/Abies/Documents/Unreal Projects/MyProject2/Content/StarterContent/Particles/Materials/M_Dust_Particle.uasset" 6405
"C:/Users/Abies/Documents/Unreal Projects/MyProject2/Content/StarterContent/Props/Materials/M_Door.uasset" 6406
"C:/Users/Abies/Documents/Unreal Projects/MyProject2/Content/StarterContent/Materials/M_Concrete_Tiles.uasset" 6407
"C:/Users/Abies/Documents/Unreal Projects/MyProject2/Content/StarterContent/Materials/M_Concrete_Poured.uasset" 6408
"C:/Users/Abies/Documents/Unreal Projects/MyProject2/Content/StarterContent/Materials/M_Concrete_Panels.uasset" 6409
"C:/Users/Abies/Documents/Unreal Projects/MyProject2/Content/StarterContent/Materials/M_Concrete_Grime.uasset" 6410
"C:/Users/Abies/Documents/Unreal Projects/MyProject2/Content/StarterContent/Materials/M_CobbleStone_Smooth.uasset" 6411
"C:/Users/Abies/Documents/Unreal Projects/MyProject2/Content/StarterContent/Materials/M_CobbleStone_Rough.uasset" 6412
"C:/Users/Abies/Documents/Unreal Projects/MyProject2/Content/StarterContent/Materials/M_CobbleStone_Pebble.uasset" 6413
"C:/Users/Abies/Documents/Unreal Projects/MyProject2/Content/StarterContent/Materials/M_Tech_Checker_Dot.uasset" 6414
"C:/Users/Abies/Documents/Unreal Projects/MyProject2/Content/StarterContent/Props/Materials/M_Chair.uasset" 6415
"C:/Users/Abies/Documents/Unreal Projects/MyProject2/Content/StarterContent/Materials/M_Ceramic_Tile_Checker.uasset" 6416
"C:/Users/Abies/Documents/Unreal Projects/MyProject2/Content/StarterContent/Props/Materials/M_Bush.uasset" 6417
"C:/Users/Abies/Documents/Unreal Projects/MyProject2/Content/StarterContent/Particles/Materials/M_Burst.uasset" 6418
"C:/Users/Abies/Documents/Unreal Projects/MyProject2/Content/StarterContent/Materials/M_Brick_Hewn_Stone.uasset" 6419
"C:/Users/Abies/Documents/Unreal Projects/MyProject2/Content/StarterContent/Materials/M_Brick_Cut_Stone.uasset" 6420
"C:/Users/Abies/Documents/Unreal Projects/MyProject2/Content/StarterContent/Materials/M_Brick_Clay_Old.uasset" 6421
"C:/Users/Abies/Documents/Unreal Projects/MyProject2/Content/StarterContent/Materials/M_Brick_Clay_New.uasset" 6422
"C:/Users/Abies/Documents/Unreal Projects/MyProject2/Content/StarterContent/Materials/M_Brick_Clay_Beveled.uasset" 6423
"C:/Users/Abies/Documents/Unreal Projects/MyProject2/Content/StarterContent/Props/SM_GlassWindow.uasset" 6424
"C:/Users/Abies/Documents/Unreal Projects/MyProject2/Content/StarterContent/Shapes/Shape_WideCapsule.uasset" 6425
"C:/Users/Abies/Documents/Unreal Projects/MyProject2/Content/StarterContent/Shapes/Shape_Wedge_B.uasset" 6426
"C:/Users/Abies/Documents/Unreal Projects/MyProject2/Content/StarterContent/Shapes/Shape_Wedge_A.uasset" 6427
"C:/Users/Abies/Documents/Unreal Projects/MyProject2/Content/StarterContent/Shapes/Shape_Tube.uasset" 6428
"C:/Users/Abies/Documents/Unreal Projects/MyProject2/Content/StarterContent/Shapes/Shape_TriPyramid.uasset" 6429
"C:/Users/Abies/Documents/Unreal Projects/MyProject2/Content/StarterContent/Shapes/Shape_Trim_90_Out.uasset" 6430
"C:/Users/Abies/AppData/Local/UnrealEngine/Common/DerivedDataCache/Buckets/LegacyCARD/8e/b0/e42c3bc0d087cf53ce32930b8b14449804db.udd" 6431
"C:/Users/Abies/AppData/Local/UnrealEngine/Common/DerivedDataCache/Buckets/LegacyCARD/dd/f8/4a014435a30e832998b7d69468cfd432ca60.udd" 6432
"C:/Users/Abies/AppData/Local/UnrealEngine/Common/DerivedDataCache/Buckets/LegacyCARD/8b/81/8b90612a4fa3adb0f6b8a8141b914fdf5380.udd" 6433
"C:/Users/Abies/AppData/Local/UnrealEngine/Common/DerivedDataCache/Buckets/LegacyTEXTURE/dd/83/a422c76f5aafa949f4f4833659f56b0b5262.udd" 6434
"C:/Users/Abies/AppData/Local/UnrealEngine/Common/DerivedDataCache/Buckets/LegacyTEXTURE/bf/3f/089f6a144904c4edb454323daa018c72cc9b.udd" 6435
"C:/Users/Abies/AppData/Local/UnrealEngine/Common/DerivedDataCache/Buckets/LegacyTEXTURE/c5/bb/88bb824633ddb7c9fe12b66c56eaf08733ed.udd" 6436
"C:/Users/Abies/AppData/Local/UnrealEngine/Common/DerivedDataCache/Buckets/LegacyTEXTURE/e0/6c/11ad17e85b428af8958998cbce4c791c03c2.udd" 6437
"C:/Users/Abies/AppData/Local/UnrealEngine/Common/DerivedDataCache/Buckets/LegacyCARD/32/7c/5e49cc3a35fd3c8e618ae5e663a2c673a12c.udd" 6438
"C:/Users/Abies/Documents/Unreal Projects/MyProject2/Content/StarterContent/Shapes/Shape_Trim_90_In.uasset" 6439
"C:/Users/Abies/Documents/Unreal Projects/MyProject2/Content/StarterContent/Shapes/Shape_Trim.uasset" 6440
"C:/Users/Abies/Documents/Unreal Projects/MyProject2/Content/StarterContent/Shapes/Shape_Torus.uasset" 6441
"C:/Users/Abies/Documents/Unreal Projects/MyProject2/Content/StarterContent/Shapes/Shape_Sphere.uasset" 6442
"C:/Users/Abies/Documents/Unreal Projects/MyProject2/Content/StarterContent/Shapes/Shape_QuadPyramid.uasset" 6443
"C:/Users/Abies/Documents/Unreal Projects/MyProject2/Content/StarterContent/Shapes/Shape_Plane.uasset" 6444
"C:/Users/Abies/Documents/Unreal Projects/MyProject2/Content/StarterContent/Shapes/Shape_Pipe_90.uasset" 6445
"C:/Users/Abies/Documents/Unreal Projects/MyProject2/Content/StarterContent/Shapes/Shape_Pipe_180.uasset" 6446
"C:/Users/Abies/Documents/Unreal Projects/MyProject2/Content/StarterContent/Shapes/Shape_Pipe.uasset" 6447
"C:/Users/Abies/Documents/Unreal Projects/MyProject2/Content/StarterContent/Shapes/Shape_NarrowCapsule.uasset" 6448
"C:/Users/Abies/Documents/Unreal Projects/MyProject2/Content/StarterContent/Shapes/Shape_Cylinder.uasset" 6449
"C:/Users/Abies/Documents/Unreal Projects/MyProject2/Content/StarterContent/Shapes/Shape_Cube.uasset" 6450
"C:/Users/Abies/Documents/Unreal Projects/MyProject2/Content/StarterContent/Shapes/Shape_Cone.uasset" 6451
"C:/Users/Abies/Documents/Unreal Projects/MyProject2/Content/StarterContent/Architecture/Wall_Window_400x400.uasset" 6452
"C:/Users/Abies/Documents/Unreal Projects/MyProject2/Content/StarterContent/Architecture/Wall_Window_400x300.uasset" 6453
"C:/Users/Abies/Documents/Unreal Projects/MyProject2/Content/StarterContent/Architecture/Wall_Door_400x400.uasset" 6454
"C:/Users/Abies/AppData/Local/UnrealEngine/Common/DerivedDataCache/Buckets/LegacyTEXTURE/0c/89/a3c34e1343ef54a36eb03c78f951add872c4.udd" 6455
"C:/Users/Abies/AppData/Local/UnrealEngine/Common/DerivedDataCache/Buckets/LegacyTEXTURE/39/69/db98a1205b7d2be39b6b283603ccedf109f6.udd" 6456
"C:/Users/Abies/AppData/Local/UnrealEngine/Common/DerivedDataCache/Buckets/LegacyTEXTURE/56/ca/4a3bf24498fb3e65c0c61434751a309680fd.udd" 6457
"C:/Users/Abies/AppData/Local/UnrealEngine/Common/DerivedDataCache/Buckets/LegacyTEXTURE/ce/96/ce7b5bf6b24d3bfe38358b4b836f9a87eabb.udd" 6458
"C:/Users/Abies/AppData/Local/UnrealEngine/Common/DerivedDataCache/Buckets/LegacyTEXTURE/20/f0/67707f8b4187e12d149ada62b7fcecf78406.udd" 6459
"C:/Users/Abies/AppData/Local/UnrealEngine/Common/DerivedDataCache/Buckets/LegacyTEXTURE/e8/c5/24666ddca8ab511105209dabf756bcf174d9.udd" 6460
"C:/Users/Abies/AppData/Local/UnrealEngine/Common/DerivedDataCache/Buckets/LegacyTEXTURE/23/7b/b07ff48bbfc948f7437c369b3da4fb689db5.udd" 6461
"C:/Users/Abies/AppData/Local/UnrealEngine/Common/DerivedDataCache/Buckets/LegacyTEXTURE/67/66/da217ac988257743c8076b396fccd0bb7eca.udd" 6462
"C:/Users/Abies/Documents/Unreal Projects/MyProject2/Content/StarterContent/Architecture/Wall_Door_400x300.uasset" 6463
"C:/Users/Abies/Documents/Unreal Projects/MyProject2/Content/StarterContent/Architecture/Wall_500x500.uasset" 6464
"C:/Users/Abies/Documents/Unreal Projects/MyProject2/Content/StarterContent/Architecture/Wall_400x400.uasset" 6465
"C:/Users/Abies/Documents/Unreal Projects/MyProject2/Content/StarterContent/Architecture/Wall_400x300.uasset" 6466
"C:/Users/Abies/Documents/Unreal Projects/MyProject2/Content/StarterContent/Architecture/Wall_400x200.uasset" 6467
"C:/Users/Abies/Documents/Unreal Projects/MyProject2/Content/StarterContent/Architecture/Pillar_50x500.uasset" 6468
"C:/Users/Abies/Documents/Unreal Projects/MyProject2/Content/StarterContent/Props/SM_Stairs.uasset" 6469
"C:/Users/Abies/Documents/Unreal Projects/MyProject2/Content/StarterContent/Architecture/Floor_400x400.uasset" 6470
"C:/Users/Abies/Documents/Unreal Projects/MyProject2/Content/StarterContent/Architecture/SM_AssetPlatform.uasset" 6471
"C:/Users/Abies/Documents/Unreal Projects/MyProject2/Content/LevelPrototyping/Materials/MI_Solid_Blue.uasset" 6472
"C:/Users/Abies/Documents/Unreal Projects/MyProject2/Content/FPWeapon/Materials/MaterialLayers/ML_GlossyBlack_Latex_UE4.uasset" 6473
"C:/Users/Abies/Documents/Unreal Projects/MyProject2/Content/FPWeapon/Materials/MaterialLayers/ML_SoftMetal_UE4.uasset" 6474
"../../../../../../Users/Abies/Documents/Unreal Projects/MyProject2/Content/StarterContent/Props/SM_GlassWindow.uasset" 6475
"C:/Users/Abies/Documents/Unreal Projects/MyProject2/Content/FPWeapon/Materials/FirstPersonProjectileMaterial.uasset" 6476
"C:/Users/Abies/Documents/Unreal Projects/MyProject2/Content/FirstPersonArms/Animations/FP_Walk_Fwd.uasset" 6477
"C:/Users/Abies/Documents/Unreal Projects/MyProject2/Content/FirstPersonArms/Animations/FP_Run_Fwd.uasset" 6478
"C:/Users/Abies/Documents/Unreal Projects/MyProject2/Content/FirstPersonArms/Animations/FP_Land.uasset" 6479
"C:/Users/Abies/AppData/Local/UnrealEngine/Common/DerivedDataCache/Buckets/LegacyCARD/5c/ae/5cf352f0829db3308914fc1086a4a853863a.udd" 6480
"../../../../../../Users/Abies/Documents/Unreal Projects/MyProject2/Content/StarterContent/Shapes/Shape_WideCapsule.uasset" 6481
"../../../../../../Users/Abies/Documents/Unreal Projects/MyProject2/Content/StarterContent/Shapes/Shape_Wedge_B.uasset" 6482
"../../../../../../Users/Abies/Documents/Unreal Projects/MyProject2/Content/StarterContent/Shapes/Shape_Wedge_A.uasset" 6483
"../../../../../../Users/Abies/Documents/Unreal Projects/MyProject2/Content/StarterContent/Shapes/Shape_Tube.uasset" 6484
"../../../../../../Users/Abies/Documents/Unreal Projects/MyProject2/Content/StarterContent/Shapes/Shape_TriPyramid.uasset" 6485
"../../../../../../Users/Abies/Documents/Unreal Projects/MyProject2/Content/StarterContent/Shapes/Shape_Trim_90_Out.uasset" 6486
"../../../../../../Users/Abies/Documents/Unreal Projects/MyProject2/Content/StarterContent/Shapes/Shape_Trim_90_In.uasset" 6487
"C:/Users/Abies/AppData/Local/UnrealEngine/Common/DerivedDataCache/Buckets/StaticMesh/bb/76/8a75d96de3a651abdfa8727903f97741c9c9.udd" 6488
"C:/Users/Abies/AppData/Local/UnrealEngine/Common/DerivedDataCache/Buckets/StaticMesh/ff/43/aba735a15e5c21a33b98aeb557d17f2d7c5a.udd" 6489
"C:/Users/Abies/AppData/Local/UnrealEngine/Common/DerivedDataCache/Buckets/StaticMesh/e1/be/3a7dc636fe91f7eda450ab4722b9ea85d654.udd" 6490
"C:/Users/Abies/AppData/Local/UnrealEngine/Common/DerivedDataCache/Buckets/StaticMesh/62/cc/c6050df8c5a69ed82958889e56450deffba2.udd" 6491
"C:/Users/Abies/AppData/Local/UnrealEngine/Common/DerivedDataCache/Buckets/LegacyDIST/60/bd/fcfed3a6011a0801d1e388f8321f21f7ca5e.udd" 6492
"C:/Users/Abies/AppData/Local/UnrealEngine/Common/DerivedDataCache/Buckets/StaticMesh/19/6c/115de69d53802afc86aac8f0a85ccfc6dc6b.udd" 6493
"C:/Users/Abies/AppData/Local/UnrealEngine/Common/DerivedDataCache/Buckets/LegacyDIST/06/59/b89ce43f8a0bb62cf13d0c44a64e7a854837.udd" 6494
"C:/Users/Abies/AppData/Local/UnrealEngine/Common/DerivedDataCache/Buckets/StaticMesh/2a/3a/68e92826c55b2ba55c216ebee94b05bc98f2.udd" 6495
"C:/Users/Abies/AppData/Local/UnrealEngine/Common/DerivedDataCache/Buckets/LegacyDIST/27/48/4341feb92f3ed53eed0610460bb3fe2adbe2.udd" 6496
"C:/Users/Abies/AppData/Local/UnrealEngine/Common/DerivedDataCache/Buckets/StaticMesh/07/44/6818ddc2f4320d05a0d255f184cee2155705.udd" 6497
"C:/Users/Abies/AppData/Local/UnrealEngine/Common/DerivedDataCache/Buckets/LegacyDIST/08/ec/b03a0c2b756c99f645bbec28bc89b0e92915.udd" 6498
"C:/Users/Abies/AppData/Local/UnrealEngine/Common/DerivedDataCache/Buckets/StaticMesh/a4/b7/718d00d8e509a088e2621ed13ae30db35b19.udd" 6499
"C:/Users/Abies/AppData/Local/UnrealEngine/Common/DerivedDataCache/Buckets/LegacyDIST/fb/1b/29460299bcfc9dbc08291f628d5b797a9444.udd" 6500
"C:/Users/Abies/AppData/Local/UnrealEngine/Common/DerivedDataCache/Buckets/LegacyDIST/dc/43/0b61f4fb59e853a7746bc36a827a814452f5.udd" 6501
"C:/Users/Abies/Documents/Unreal Projects/MyProject2/Content/FirstPersonArms/Animations/FP_Jump.uasset" 6502
"C:/Users/Abies/Documents/Unreal Projects/MyProject2/Content/FirstPersonArms/Animations/FP_Idle.uasset" 6503
"C:/Users/Abies/Documents/Unreal Projects/MyProject2/Content/FirstPersonArms/Animations/FP_Falling.uasset" 6504
"C:/Users/Abies/Documents/Unreal Projects/MyProject2/Content/FirstPersonArms/Character/Materials/Functions/CA_Mannequin.uasset" 6505
"C:/Users/Abies/Documents/Unreal Projects/MyProject2/Content/FirstPerson/Input/IMC_Weapons.uasset" 6506
"C:/Users/Abies/Documents/Unreal Projects/MyProject2/Content/FirstPerson/Input/IMC_Default.uasset" 6507
"../../../Engine/Content/EngineMaterials/PPM_DefaultCalibrationGrayscale.uasset" 6508
"../../../Engine/Content/EngineMaterials/PPM_DefaultCalibrationColor.uasset" 6509
"C:/Users/Abies/Documents/Unreal Projects/MyProject2/Content/FirstPerson/Input/MobileControls.uasset" 6510
"../../../Engine/Content/EngineMaterials/Substrate/Volume/SubstrateSimpleVolumeEnvLUT3D.uasset" 6511
"../../../../../../Users/Abies/Documents/Unreal Projects/MyProject2/Content/StarterContent/Shapes/Shape_Trim.uasset" 6512
"../../../Engine/Content/EngineMaterials/Substrate/Volume/SubstrateSimpleVolumeLUT3D.uasset" 6513
"../../../Engine/Content/EngineMaterials/Substrate/GLints2/AGlintTex2dArray2.uasset" 6514
"../../../Engine/Content/EngineMaterials/Substrate/GLints/AGlintTex2dArray.uasset" 6515
"../../../Engine/Content/EditorMaterials/PreviewShadowIndicatorMaterial.uasset" 6516
"C:/Users/Abies/Documents/Unreal Projects/MyProject2/Content/StarterContent/Props/Materials/M_Rock.uasset" 6517
"C:/Users/Abies/Documents/Unreal Projects/MyProject2/Content/StarterContent/Materials/M_Water_Ocean.uasset" 6518
"C:/Users/Abies/Documents/Unreal Projects/MyProject2/Content/StarterContent/Materials/M_Tech_Hex_Tile.uasset" 6519
"C:/Users/Abies/Documents/Unreal Projects/MyProject2/Content/StarterContent/Materials/M_Metal_Rust.uasset" 6520
"../../../Engine/Content/Functions/MaterialLayerFunctions/MatLayerBlend_NormalBlend.uasset" 6521
"C:/Users/Abies/Documents/Unreal Projects/MyProject2/Content/StarterContent/Particles/Materials/M_radial_ramp.uasset" 6522
"C:/Users/Abies/Documents/Unreal Projects/MyProject2/Content/StarterContent/Particles/Materials/M_Radial_Gradient.uasset" 6523
"../../../../../../Users/Abies/Documents/Unreal Projects/MyProject2/Content/StarterContent/Shapes/Shape_Torus.uasset" 6524
"C:/Users/Abies/Documents/Unreal Projects/MyProject2/Content/StarterContent/Materials/M_Wood_Floor_Walnut_Worn.uasset" 6525
"C:/Users/Abies/Documents/Unreal Projects/MyProject2/Content/StarterContent/Materials/M_ColorGrid_LowSpec.uasset" 6526
"C:/Users/Abies/Documents/Unreal Projects/MyProject2/Content/StarterContent/Blueprints/Assets/M_LightStage_Skybox_Master.uasset" 6527
"C:/Users/Abies/Documents/Unreal Projects/MyProject2/Content/FirstPersonArms/Animations/FP_Rifle_Run.uasset" 6528
"C:/Users/Abies/Documents/Unreal Projects/MyProject2/Content/FirstPersonArms/Animations/FP_Rifle_Land.uasset" 6529
"C:/Users/Abies/Documents/Unreal Projects/MyProject2/Content/FirstPersonArms/Animations/FP_Rifle_Jump.uasset" 6530
"C:/Users/Abies/Documents/Unreal Projects/MyProject2/Content/FirstPersonArms/Animations/FP_Rifle_Idle.uasset" 6531
"C:/Users/Abies/Documents/Unreal Projects/MyProject2/Content/FirstPersonArms/Animations/FP_Rifle_Fire.uasset" 6532
"../../../../../../Users/Abies/Documents/Unreal Projects/MyProject2/Content/StarterContent/Shapes/Shape_Sphere.uasset" 6533
"../../../../../../Users/Abies/Documents/Unreal Projects/MyProject2/Content/StarterContent/Shapes/Shape_QuadPyramid.uasset" 6534
"C:/Users/Abies/Documents/Unreal Projects/MyProject2/Content/FirstPersonArms/Animations/FP_Rifle_Falling.uasset" 6535
"../../../../../../Users/Abies/Documents/Unreal Projects/MyProject2/Content/StarterContent/Shapes/Shape_Plane.uasset" 6536
"../../../Engine/Plugins/Interchange/Runtime/Content/Functions/MF_Iridescence.uasset" 6537
"../../../../../../Users/Abies/Documents/Unreal Projects/MyProject2/Content/StarterContent/Shapes/Shape_Pipe_90.uasset" 6538
"../../../Engine/Content/EngineMaterials/AntiAliasedTextMaterialTranslucent.uasset" 6539
"../../../../../../Users/Abies/Documents/Unreal Projects/MyProject2/Content/StarterContent/Shapes/Shape_Pipe_180.uasset" 6540
"C:/Users/Abies/AppData/Local/UnrealEngine/Common/DerivedDataCache/Buckets/StaticMesh/f5/1b/07e2f8f2877cd19efab96cb9538f96e4c6b1.udd" 6541
"C:/Users/Abies/AppData/Local/UnrealEngine/Common/DerivedDataCache/Buckets/StaticMesh/7b/6b/bbf9c21904d7e35b81a70d12bdb1ac4b80d9.udd" 6542
"C:/Users/Abies/AppData/Local/UnrealEngine/Common/DerivedDataCache/Buckets/StaticMesh/d2/0b/527357810ee4fb8079017dc84c4ea4e576fa.udd" 6543
"C:/Users/Abies/AppData/Local/UnrealEngine/Common/DerivedDataCache/Buckets/StaticMesh/67/77/0c1e02d3524885ffb199cbf692b31e2d39ae.udd" 6544
"C:/Users/Abies/AppData/Local/UnrealEngine/Common/DerivedDataCache/Buckets/StaticMesh/28/3c/812d0403a35a0172bb4e098063dddbd050e3.udd" 6545
"C:/Users/Abies/AppData/Local/UnrealEngine/Common/DerivedDataCache/Buckets/StaticMesh/fc/2e/11a7717dce959c762f57726a1ae757410625.udd" 6546
"../../../../../../Users/Abies/Documents/Unreal Projects/MyProject2/Content/StarterContent/Shapes/Shape_Pipe.uasset" 6547
"../../../../../../Users/Abies/Documents/Unreal Projects/MyProject2/Content/StarterContent/Shapes/Shape_NarrowCapsule.uasset" 6548
"../../../../../../Users/Abies/Documents/Unreal Projects/MyProject2/Content/StarterContent/Shapes/Shape_Cylinder.uasset" 6549
"../../../../../../Users/Abies/Documents/Unreal Projects/MyProject2/Content/StarterContent/Shapes/Shape_Cube.uasset" 6550
"../../../../../../Users/Abies/Documents/Unreal Projects/MyProject2/Content/StarterContent/Shapes/Shape_Cone.uasset" 6551
"C:/Users/Abies/AppData/Local/UnrealEngine/Common/DerivedDataCache/Buckets/LegacyDIST/27/20/46d552f045f675f2688c0f44279ea98c09eb.udd" 6552
"../../../../../../Users/Abies/Documents/Unreal Projects/MyProject2/Content/StarterContent/Architecture/Wall_Window_400x400.uasset" 6553
"../../../../../../Users/Abies/Documents/Unreal Projects/MyProject2/Content/StarterContent/Architecture/Wall_Window_400x300.uasset" 6554
"C:/Users/Abies/AppData/Local/UnrealEngine/Common/DerivedDataCache/Buckets/LegacyDIST/8d/64/76a5c4a3a74c7c750298bc2b4fdef88cea3d.udd" 6555
"../../../../../../Users/Abies/Documents/Unreal Projects/MyProject2/Content/StarterContent/Architecture/Wall_Door_400x400.uasset" 6556
"C:/Users/Abies/AppData/Local/UnrealEngine/Common/DerivedDataCache/Buckets/StaticMesh/1f/fe/9b1f4f8470ed3b683dd3210516691c77c08a.udd" 6557
"../../../../../../Users/Abies/Documents/Unreal Projects/MyProject2/Content/StarterContent/Architecture/Wall_Door_400x300.uasset" 6558
"C:/Users/Abies/AppData/Local/UnrealEngine/Common/DerivedDataCache/Buckets/StaticMesh/52/7c/5d9e4261eebdd03506cc3c8c037a6b0f12d5.udd" 6559
"C:/Users/Abies/AppData/Local/UnrealEngine/Common/DerivedDataCache/Buckets/StaticMesh/65/71/eaadd37da7f53a483ce3e9dbbb3635df2017.udd" 6560
"C:/Users/Abies/AppData/Local/UnrealEngine/Common/DerivedDataCache/Buckets/StaticMesh/83/61/cfe42cc3ddd33aa6e7033a2d399c1d4b0780.udd" 6561
"C:/Users/Abies/AppData/Local/UnrealEngine/Common/DerivedDataCache/Buckets/StaticMesh/53/30/5476f7139f03ece1e7b45c4a8aa0b44f8494.udd" 6562
"C:/Users/Abies/AppData/Local/UnrealEngine/Common/DerivedDataCache/Buckets/StaticMesh/0c/9c/e74333796b019ada54f20e4aa04f05026ac4.udd" 6563
"../../../../../../Users/Abies/Documents/Unreal Projects/MyProject2/Content/StarterContent/Architecture/Wall_500x500.uasset" 6564
"C:/Users/Abies/AppData/Local/UnrealEngine/Common/DerivedDataCache/Buckets/StaticMesh/79/60/2d160ae1d7bd91ea14ef991236cfb941cb07.udd" 6565
"C:/Users/Abies/AppData/Local/UnrealEngine/Common/DerivedDataCache/Buckets/StaticMesh/3a/2d/23b82958482ebed0802b8165aeb1c0507e35.udd" 6566
"../../../../../../Users/Abies/Documents/Unreal Projects/MyProject2/Content/StarterContent/Architecture/Wall_400x400.uasset" 6567
"../../../../../../Users/Abies/Documents/Unreal Projects/MyProject2/Content/StarterContent/Architecture/Wall_400x300.uasset" 6568
"../../../../../../Users/Abies/Documents/Unreal Projects/MyProject2/Content/StarterContent/Architecture/Wall_400x200.uasset" 6569
"C:/Users/Abies/AppData/Local/UnrealEngine/Common/DerivedDataCache/Buckets/LegacyDIST/38/b8/4670ca8c3d8f21778994728b8183b2041bcb.udd" 6570
"../../../../../../Users/Abies/Documents/Unreal Projects/MyProject2/Content/StarterContent/Architecture/Pillar_50x500.uasset" 6571
"../../../../../../Users/Abies/Documents/Unreal Projects/MyProject2/Content/StarterContent/Props/SM_Stairs.uasset" 6572
"C:/Users/Abies/AppData/Local/UnrealEngine/Common/DerivedDataCache/Buckets/StaticMesh/cb/56/e411c4ce23beb1f83b8f8cb90f830d0d66d1.udd" 6573
"C:/Users/Abies/AppData/Local/UnrealEngine/Common/DerivedDataCache/Buckets/LegacyDIST/4c/37/2f235affb781f18f4be1ee7e8c4ed0ae6482.udd" 6574
"C:/Users/Abies/AppData/Local/UnrealEngine/Common/DerivedDataCache/Buckets/LegacyCARD/68/a7/0d16fe1e2bafa3849f804d0748f4bdd0e64f.udd" 6575
"../../../../../../Users/Abies/Documents/Unreal Projects/MyProject2/Content/StarterContent/Architecture/Floor_400x400.uasset" 6576
"../../../../../../Users/Abies/Documents/Unreal Projects/MyProject2/Content/StarterContent/Architecture/SM_AssetPlatform.uasset" 6577
"C:/Users/Abies/AppData/Local/UnrealEngine/Common/DerivedDataCache/Buckets/LegacyDIST/7b/eb/b8194535a35f553722f36579c05d0ac9c266.udd" 6578
"C:/Users/Abies/AppData/Local/UnrealEngine/Common/DerivedDataCache/Buckets/LegacyDIST/b2/68/eeb1fa1bbcd8b1c41dc3c6cc87ec7feddfb8.udd" 6579
"C:/Users/Abies/AppData/Local/UnrealEngine/Common/DerivedDataCache/Buckets/LegacyDIST/c5/57/392a4a5712097808240a2d7cd37219c7843b.udd" 6580
"C:/Users/Abies/AppData/Local/UnrealEngine/Common/DerivedDataCache/Buckets/StaticMesh/69/3e/e025cc9c7a65b124969056206b80a3a617c9.udd" 6581
"C:/Users/Abies/AppData/Local/UnrealEngine/Common/DerivedDataCache/Buckets/StaticMesh/0d/32/0242b8000a74ddca50d3471e11d19f455773.udd" 6582
"C:/Users/Abies/AppData/Local/UnrealEngine/Common/DerivedDataCache/Buckets/LegacyDIST/ba/cf/33546e570228e5c5c9808c20b7afdb457859.udd" 6583
"C:/Users/Abies/AppData/Local/UnrealEngine/Common/DerivedDataCache/Buckets/StaticMesh/77/f4/26f5382766234536131b424533c165d67ac0.udd" 6584
"C:/Users/Abies/AppData/Local/UnrealEngine/Common/DerivedDataCache/Buckets/LegacyDIST/cd/c4/859fd6a25274f1306e2411b908443046b6fa.udd" 6585
"C:/Users/Abies/AppData/Local/UnrealEngine/Common/DerivedDataCache/Buckets/StaticMesh/3c/58/e7e1e620d6c3080733d96a0b4ba14d79083f.udd" 6586
"C:/Users/Abies/AppData/Local/UnrealEngine/Common/DerivedDataCache/Buckets/LegacyDIST/a8/1a/e24b8ba6b017343aeb8d4b39a5569c1b4e4d.udd" 6587
"C:/Users/Abies/AppData/Local/UnrealEngine/Common/DerivedDataCache/Buckets/StaticMesh/c8/8c/06ffd62d7568692017335b3a6c1d996da948.udd" 6588
"C:/Users/Abies/AppData/Local/UnrealEngine/Common/DerivedDataCache/Buckets/LegacyDIST/05/e7/6fa17ba47a40d9b0b6b8a32ee161a1cb733d.udd" 6589
"C:/Users/Abies/AppData/Local/UnrealEngine/Common/DerivedDataCache/Buckets/StaticMesh/65/bf/eafb13f0cab91f1f65a88a4cab7c9992a074.udd" 6590
"C:/Users/Abies/AppData/Local/UnrealEngine/Common/DerivedDataCache/Buckets/LegacyDIST/3a/ad/a932949dd6c84107f9419a66226e98b01971.udd" 6591
"C:/Users/Abies/AppData/Local/UnrealEngine/Common/DerivedDataCache/Buckets/StaticMesh/eb/3d/05d7ea74a590f70b4045f2317af19a687ec4.udd" 6592
"C:/Users/Abies/AppData/Local/UnrealEngine/Common/DerivedDataCache/Buckets/LegacyDIST/43/4b/3908aae394265bd4dadd380aa7e53fed2fbe.udd" 6593
"C:/Users/Abies/AppData/Local/UnrealEngine/Common/DerivedDataCache/Buckets/StaticMesh/fe/7e/dce4662f8a89d82afb0c0b1413162bbc679e.udd" 6594
"C:/Users/Abies/AppData/Local/UnrealEngine/Common/DerivedDataCache/Buckets/LegacyDIST/34/60/cfee182bce1511789f7b89386a25d3bb1c8a.udd" 6595
"C:/Users/Abies/AppData/Local/UnrealEngine/Common/DerivedDataCache/Buckets/StaticMesh/27/cf/994308ac42f0831370cb3226758f2d856c21.udd" 6596
"C:/Users/Abies/AppData/Local/UnrealEngine/Common/DerivedDataCache/Buckets/StaticMesh/72/72/aa69cb318c8d2dbfc65dcfc287a0c6e6e67b.udd" 6597
"C:/Users/Abies/AppData/Local/UnrealEngine/Common/DerivedDataCache/Buckets/LegacyDIST/53/08/47c9cac12723413ae9c4a9c631c5842fcdd4.udd" 6598
"C:/Users/Abies/AppData/Local/UnrealEngine/Common/DerivedDataCache/Buckets/LegacyDIST/66/39/f1d191bec445786aab8ccb1a8df48c6368b6.udd" 6599
"C:/Users/Abies/AppData/Local/UnrealEngine/Common/DerivedDataCache/Buckets/LegacyTEXTURE/16/61/bbcbdb65219ea467a789db03577eccbff752.udd" 6600
"C:/Users/Abies/AppData/Local/UnrealEngine/Common/DerivedDataCache/Buckets/LegacyTEXTURE/29/5c/cc92931ad89ddff391357a8065c8100a47d4.udd" 6601
"C:/Users/Abies/AppData/Local/UnrealEngine/Common/DerivedDataCache/Buckets/LegacyTEXTURE/62/22/3754f51050a00ea83a58dab7637f8a6b5c31.udd" 6602
"C:/Users/Abies/AppData/Local/UnrealEngine/Common/DerivedDataCache/Buckets/LegacyTEXTURE/23/40/03f461faa2682ceb5e3f77cf89d5f42a21e8.udd" 6603
"C:/Users/Abies/AppData/Local/UnrealEngine/Common/DerivedDataCache/Buckets/LegacyDIST/7e/f5/b7dd4fad99b93edffdd502637d403ec22b59.udd" 6604
"C:/Users/Abies/AppData/Local/UnrealEngine/Common/DerivedDataCache/Buckets/LegacyCARD/6b/7a/1384c4d1e83bd714cee1c9ac08e1580b0762.udd" 6605
"C:/Users/Abies/AppData/Local/UnrealEngine/Common/DerivedDataCache/Buckets/LegacyDIST/0e/e1/81c9247ecfbbcc7eba181bada9128c183e94.udd" 6606
"C:/Users/Abies/AppData/Local/UnrealEngine/Common/DerivedDataCache/Buckets/LegacyTEXTURE/78/10/f802b39e84463cb2d11790549c8b950e8e95.udd" 6607
"C:/Users/Abies/AppData/Local/UnrealEngine/Common/DerivedDataCache/Buckets/LegacyTEXTURE/c9/60/175f3ada3e650956c1cfac18127b418d0fe1.udd" 6608
"../../../Engine/Content/Functions/Engine_MaterialFunctions01/ImageAdjustment/CheapContrast.uasset" 6609
"../../../Engine/Content/EngineSky/M_Sky_Panning_Clouds2.uasset" 6610
"../../../Engine/Content/EditorMeshes/ColorCalibrator/M_ColorGrid.uasset" 6611
"C:/Users/Abies/AppData/Local/UnrealEngine/Common/DerivedDataCache/Buckets/BulkDataList/3a/aa/0cac8bc8fbeb7edfa4d8a253c6d8ed09395f.udd" 6612
"../../../Engine/Plugins/Interchange/Runtime/Content/Functions/MX_Transmission.uasset" 6613
"C:/Users/Abies/Documents/Unreal Projects/MyProject2/Content/FirstPersonArms/Character/Materials/Functions/MF_logo3layers.uasset" 6614
"../../../Engine/Content/Functions/Engine_MaterialFunctions02/Texturing/ScreenAlignedUVs.uasset" 6615
"../../../Engine/Content/Maps/Entry.umap" 6616
"../../../Engine/Plugins/Animation/ControlRig/Content/Controls/ControlRig_Wedge_solid.uasset" 6617
"../../../Engine/Plugins/Animation/ControlRig/Content/Controls/ControlRig_Wedge_3mm.uasset" 6618
"../../../Engine/Plugins/Animation/ControlRig/Content/Controls/ControlRig_Wedge_1mm.uasset" 6619
"../../../Engine/Plugins/Animation/ControlRig/Content/Controls/ControlRig_Triangle_solid.uasset" 6620
"../../../Engine/Plugins/Animation/ControlRig/Content/Controls/ControlRig_Triangle_3mm.uasset" 6621
"../../../Engine/Plugins/Animation/ControlRig/Content/Controls/ControlRig_Triangle_1mm.uasset" 6622
"../../../Engine/Plugins/Animation/ControlRig/Content/Controls/ControlRig_Star4_solid.uasset" 6623
"../../../Engine/Plugins/Animation/ControlRig/Content/Controls/ControlRig_Star4_3mm.uasset" 6624
"../../../Engine/Plugins/Animation/ControlRig/Content/Controls/ControlRig_Star4_1mm.uasset" 6625
"../../../Engine/Plugins/Animation/ControlRig/Content/Controls/ControlRig_Square_solid.uasset" 6626
"../../../Engine/Plugins/Animation/ControlRig/Content/Controls/ControlRig_Square_3mm.uasset" 6627
"../../../Engine/Plugins/Animation/ControlRig/Content/Controls/ControlRig_Square_1mm.uasset" 6628
"../../../Engine/Plugins/Animation/ControlRig/Content/Controls/ControlRig_Sphere_3mm.uasset" 6629
"../../../Engine/Plugins/Animation/ControlRig/Content/Controls/ControlRig_Sphere_1mm.uasset" 6630
"../../../Engine/Plugins/Animation/ControlRig/Content/Controls/ControlRig_RoundedTriangle_solid.uasset" 6631
"../../../Engine/Plugins/Animation/ControlRig/Content/Controls/ControlRig_RoundedTriangle_3mm.uasset" 6632
"../../../Engine/Plugins/Animation/ControlRig/Content/Controls/ControlRig_RoundedTriangle_1mm.uasset" 6633
"../../../Engine/Plugins/Animation/ControlRig/Content/Controls/ControlRig_RoundedSquare_solid.uasset" 6634
"../../../Engine/Plugins/Animation/ControlRig/Content/Controls/ControlRig_RoundedSquare_3mm.uasset" 6635
"../../../Engine/Plugins/Animation/ControlRig/Content/Controls/ControlRig_RoundedSquare_1mm.uasset" 6636
"../../../Engine/Plugins/Animation/ControlRig/Content/Controls/ControlRig_QuarterCircle_solid.uasset" 6637
"../../../Engine/Plugins/Animation/ControlRig/Content/Controls/ControlRig_QuarterCircle_3mm.uasset" 6638
"../../../Engine/Plugins/Animation/ControlRig/Content/Controls/ControlRig_QuarterCircle_1mm.uasset" 6639
"../../../Engine/Plugins/Animation/ControlRig/Content/Controls/ControlRig_Pyramid_solid.uasset" 6640
"../../../Engine/Plugins/Animation/ControlRig/Content/Controls/ControlRig_Pyramid_3mm.uasset" 6641
"C:/Users/Abies/AppData/Local/UnrealEngine/Common/DerivedDataCache/Buckets/LegacyTEXTURE/c2/af/9e6d49dd1f80f955f24469735543e06d5740.udd" 6642
"C:/Users/Abies/AppData/Local/UnrealEngine/Common/DerivedDataCache/Buckets/LegacyTEXTURE/85/0e/b59487d0e6f689e96ef83e2c44f270bffc18.udd" 6643
"C:/Users/Abies/AppData/Local/UnrealEngine/Common/DerivedDataCache/Buckets/LegacyTEXTURE/3c/8f/57a303fa45031c066177250f9b0019699bed.udd" 6644
"../../../Engine/Plugins/Animation/ControlRig/Content/Controls/ControlRig_Pyramid_1mm.uasset" 6645
"../../../Engine/Plugins/Animation/ControlRig/Content/Controls/ControlRig_Octagon_solid.uasset" 6646
"../../../Engine/Plugins/Animation/ControlRig/Content/Controls/ControlRig_Octagon_3mm.uasset" 6647
"../../../Engine/Plugins/Animation/ControlRig/Content/Controls/ControlRig_Octagon_1mm.uasset" 6648
"C:/Users/Abies/AppData/Local/UnrealEngine/Common/DerivedDataCache/Buckets/LegacyChaosGeometryData/ae/2c/43b6945380ccfeadcffaaed17878a7bfcff4.udd" 6649
"../../../Engine/Plugins/Animation/ControlRig/Content/Controls/ControlRig_Hexagon_solid.uasset" 6650
"../../../Engine/Plugins/Animation/ControlRig/Content/Controls/ControlRig_Hexagon_3mm.uasset" 6651
"../../../Engine/Plugins/Animation/ControlRig/Content/Controls/ControlRig_Hexagon_1mm.uasset" 6652
"../../../Engine/Plugins/Animation/ControlRig/Content/Controls/ControlRig_HalfCircle_solid.uasset" 6653
"../../../Engine/Plugins/Animation/ControlRig/Content/Controls/ControlRig_HalfCircle_3mm.uasset" 6654
"../../Plugins/Animation/ControlRig/Content/Controls/ControlRig_Wedge_solid.uasset" 6655
"../../Plugins/Animation/ControlRig/Content/Controls/ControlRig_Wedge_1mm.uasset" 6656
"../../Plugins/Animation/ControlRig/Content/Controls/ControlRig_Wedge_3mm.uasset" 6657
"C:/Users/Abies/AppData/Local/UnrealEngine/Common/DerivedDataCache/Buckets/StaticMesh/f1/c4/62daa47451e7c4b941f1fa53302cd8a2b0fe.udd" 6658
"C:/Users/Abies/AppData/Local/UnrealEngine/Common/DerivedDataCache/Buckets/StaticMesh/0b/09/37f4f40d1d7df1d0a2da807b96689832d06a.udd" 6659
"C:/Users/Abies/AppData/Local/UnrealEngine/Common/DerivedDataCache/Buckets/StaticMesh/29/5a/556e70497db58b6464567061bcdf3c2dcbf6.udd" 6660
"../../../../../../Users/Abies/Documents/Unreal Projects/MyProject2/Content/StarterContent/Textures/T_Wood_Walnut_N.uasset" 6661
"../../../../../../Users/Abies/Documents/Unreal Projects/MyProject2/Content/StarterContent/Textures/T_Wood_Walnut_D.uasset" 6662
"../../../Engine/Plugins/Animation/ControlRig/Content/Controls/ControlRig_HalfCircle_1mm.uasset" 6663
"../../../Engine/Plugins/Animation/ControlRig/Content/Controls/ControlRig_Diamond_solid.uasset" 6664
"../../../Engine/Plugins/Animation/ControlRig/Content/Controls/ControlRig_Diamond_3mm.uasset" 6665
"../../../Engine/Plugins/Animation/ControlRig/Content/Controls/ControlRig_Diamond_1mm.uasset" 6666
"../../../Engine/Plugins/Animation/ControlRig/Content/Controls/ControlRig_Circle_solid.uasset" 6667
"../../../Engine/Plugins/Animation/ControlRig/Content/Controls/ControlRig_Circle_3mm.uasset" 6668
"../../../Engine/Plugins/Animation/ControlRig/Content/Controls/ControlRig_Circle_1mm.uasset" 6669
"../../../Engine/Plugins/Animation/ControlRig/Content/Controls/ControlRig_Box_solid.uasset" 6670
"../../../Engine/Plugins/Animation/ControlRig/Content/Controls/ControlRig_Box_3mm.uasset" 6671
"../../../Engine/Plugins/Animation/ControlRig/Content/Controls/ControlRig_Box_1mm.uasset" 6672
"../../../Engine/Plugins/Animation/ControlRig/Content/Controls/ControlRig_Arrow_solid.uasset" 6673
"../../../Engine/Plugins/Animation/ControlRig/Content/Controls/ControlRig_Arrow_3mm.uasset" 6674
"../../../Engine/Plugins/Animation/ControlRig/Content/Controls/ControlRig_Arrow_1mm.uasset" 6675
"../../../Engine/Plugins/Animation/ControlRig/Content/Controls/ControlRig_Arrow4_solid.uasset" 6676
"../../../Engine/Plugins/Animation/ControlRig/Content/Controls/ControlRig_Arrow4_3mm.uasset" 6677
"../../../Engine/Plugins/Animation/ControlRig/Content/Controls/ControlRig_Arrow4_1mm.uasset" 6678
"../../../Engine/Plugins/Animation/ControlRig/Content/Controls/ControlRig_Arrow2_solid.uasset" 6679
"../../../Engine/Plugins/Animation/ControlRig/Content/Controls/ControlRig_Arrow2_3mm.uasset" 6680
"../../../Engine/Plugins/Animation/ControlRig/Content/Controls/ControlRig_Arrow2_1mm.uasset" 6681
"../../../Engine/Plugins/Animation/ControlRig/Content/Controls/ControlRig_Sphere_solid.uasset" 6682
"C:/Users/Abies/Documents/Unreal Projects/MyProject2/Content/StarterContent/Props/MaterialSphere.uasset" 6683
"C:/Users/Abies/Documents/Unreal Projects/MyProject2/Content/StarterContent/Blueprints/Assets/SM_Arrows.uasset" 6684
"C:/Users/Abies/Documents/Unreal Projects/MyProject2/Content/StarterContent/Props/SM_TableRound.uasset" 6685
"C:/Users/Abies/Documents/Unreal Projects/MyProject2/Content/StarterContent/Props/SM_Statue.uasset" 6686
"C:/Users/Abies/Documents/Unreal Projects/MyProject2/Content/StarterContent/Particles/P_Steam_Lit.uasset" 6687
"C:/Users/Abies/Documents/Unreal Projects/MyProject2/Content/StarterContent/Particles/P_Smoke.uasset" 6688
"C:/Users/Abies/Documents/Unreal Projects/MyProject2/Content/StarterContent/Props/SM_Shelf.uasset" 6689
"C:/Users/Abies/Documents/Unreal Projects/MyProject2/Content/StarterContent/Props/SM_Lamp_Wall.uasset" 6690
"C:/Users/Abies/Documents/Unreal Projects/MyProject2/Content/StarterContent/Props/SM_Lamp_Ceiling.uasset" 6691
"C:/Users/Abies/Documents/Unreal Projects/MyProject2/Content/StarterContent/Props/SM_WindowFrame.uasset" 6692
"C:/Users/Abies/Documents/Unreal Projects/MyProject2/Content/StarterContent/Props/SM_PillarFrame300.uasset" 6693
"C:/Users/Abies/Documents/Unreal Projects/MyProject2/Content/StarterContent/Props/SM_PillarFrame.uasset" 6694
"C:/Users/Abies/Documents/Unreal Projects/MyProject2/Content/StarterContent/Props/SM_DoorFrame.uasset" 6695
"C:/Users/Abies/Documents/Unreal Projects/MyProject2/Content/StarterContent/Props/SM_CornerFrame.uasset" 6696
"C:/Users/Abies/Documents/Unreal Projects/MyProject2/Content/StarterContent/Particles/P_Ambient_Dust.uasset" 6697
"C:/Users/Abies/Documents/Unreal Projects/MyProject2/Content/StarterContent/Props/SM_Door.uasset" 6698
"C:/Users/Abies/Documents/Unreal Projects/MyProject2/Content/StarterContent/Props/SM_Couch.uasset" 6699
"C:/Users/Abies/Documents/Unreal Projects/MyProject2/Content/StarterContent/Props/SM_Chair.uasset" 6700
"C:/Users/Abies/Documents/Unreal Projects/MyProject2/Content/StarterContent/Props/SM_Bush.uasset" 6701
"C:/Users/Abies/Documents/Unreal Projects/MyProject2/Content/LevelPrototyping/Meshes/SM_ChamferCube.uasset" 6702
"C:/Users/Abies/Documents/Unreal Projects/MyProject2/Content/FPWeapon/Mesh/FirstPersonProjectileMesh.uasset" 6703
"C:/Users/Abies/Documents/Unreal Projects/MyProject2/Content/FirstPersonArms/Character/Materials/Functions/MF_Diffraction.uasset" 6704
"C:/Users/Abies/Documents/Unreal Projects/MyProject2/Content/FirstPerson/Blueprints/BP_FirstPersonPlayerController.uasset" 6705
"C:/Users/Abies/Documents/Unreal Projects/MyProject2/Content/StarterContent/Props/SM_Rock.uasset" 6706
"C:/Users/Abies/Documents/Unreal Projects/MyProject2/Content/FPWeapon/Materials/M_FPGun.uasset" 6707
"C:/Users/Abies/Documents/Unreal Projects/MyProject2/Content/StarterContent/Particles/P_Explosion.uasset" 6708
"C:/Users/Abies/Documents/Unreal Projects/MyProject2/Content/StarterContent/Particles/P_Sparks.uasset" 6709
"C:/Users/Abies/Documents/Unreal Projects/MyProject2/Content/StarterContent/Particles/P_Fire.uasset" 6710
"C:/Users/Abies/Documents/Unreal Projects/MyProject2/Content/StarterContent/Blueprints/Assets/M_LightStage_Skybox_HDRI.uasset" 6711
"C:/Users/Abies/Documents/Unreal Projects/MyProject2/Content/StarterContent/Blueprints/Assets/M_LightStage_Skybox_Black.uasset" 6712
"C:/Users/Abies/Documents/Unreal Projects/MyProject2/Content/FirstPersonArms/Animations/FP_Rifle_Shoot_Montage.uasset" 6713
"../../../Engine/Plugins/Interchange/Runtime/Content/Functions/MX_StandardSurface.uasset" 6714
"C:/Users/Abies/Documents/Unreal Projects/MyProject2/Content/LevelPrototyping/Materials/MF_ProcGrid.uasset" 6715
"../../../Engine/Content/EngineSky/SM_SkySphere.uasset" 6716
"../../../Engine/Content/EditorMeshes/ColorCalibrator/SM_ColorCalibrator.uasset" 6717
"../../../Engine/Content/EditorMaterials/Thumbnails/SkySphereMaterial.uasset" 6718
"C:/Users/Abies/AppData/Local/UnrealEngine/Common/DerivedDataCache/Buckets/LegacyDIST/dc/68/f9c41938597d9013f3514f5af1505c41ca0c.udd" 6719
"C:/Users/Abies/Documents/Unreal Projects/MyProject2/Content/StarterContent/Blueprints/Blueprint_Effect_Steam.uasset" 6720
"C:/Users/Abies/Documents/Unreal Projects/MyProject2/Content/StarterContent/Blueprints/Blueprint_Effect_Smoke.uasset" 6721
"C:/Users/Abies/Documents/Unreal Projects/MyProject2/Content/StarterContent/Blueprints/Blueprint_WallSconce.uasset" 6722
"C:/Users/Abies/Documents/Unreal Projects/MyProject2/Content/StarterContent/Blueprints/Blueprint_CeilingLight.uasset" 6723
"C:/Users/Abies/Documents/Unreal Projects/MyProject2/Content/FirstPerson/Blueprints/BP_FirstPersonProjectile.uasset" 6724
"C:/Users/Abies/Documents/Unreal Projects/MyProject2/Content/FirstPersonArms/Character/Materials/M_Mannequin.uasset" 6725
"C:/Users/Abies/Documents/Unreal Projects/MyProject2/Content/FPWeapon/Mesh/SK_FPGun.uasset" 6726
"C:/Users/Abies/Documents/Unreal Projects/MyProject2/Content/StarterContent/Blueprints/Blueprint_Effect_Explosion.uasset" 6727
"C:/Users/Abies/Documents/Unreal Projects/MyProject2/Content/StarterContent/Blueprints/Blueprint_Effect_Sparks.uasset" 6728
"C:/Users/Abies/Documents/Unreal Projects/MyProject2/Content/StarterContent/Blueprints/Blueprint_Effect_Fire.uasset" 6729
"../../../Engine/Plugins/Interchange/Runtime/Content/Functions/MX_TransmissionSurface.uasset" 6730
"C:/Users/Abies/Documents/Unreal Projects/MyProject2/Content/LevelPrototyping/Materials/M_PrototypeGrid.uasset" 6731
"C:/Users/Abies/Documents/Unreal Projects/MyProject2/Content/StarterContent/Maps/Minimal_Default.umap" 6732
"../../../Engine/Plugins/Interchange/Runtime/Content/gltf/M_Unlit.uasset" 6733
"C:/Users/Abies/Documents/Unreal Projects/MyProject2/Content/StarterContent/Blueprints/Assets/Skybox.uasset" 6734
"C:/Users/Abies/Documents/Unreal Projects/MyProject2/Content/FirstPersonArms/Character/Materials/Instances/Manny/MI_Manny_01.uasset" 6735
"C:/Users/Abies/Documents/Unreal Projects/MyProject2/Content/StarterContent/Maps/StarterMap.umap" 6736
"C:/Users/Abies/Documents/Unreal Projects/MyProject2/Content/LevelPrototyping/Materials/MI_PrototypeGrid_TopDark.uasset" 6737
"C:/Users/Abies/Documents/Unreal Projects/MyProject2/Content/LevelPrototyping/Materials/MI_PrototypeGrid_Gray_02.uasset" 6738
"C:/Users/Abies/Documents/Unreal Projects/MyProject2/Content/LevelPrototyping/Materials/MI_PrototypeGrid_Gray.uasset" 6739
"../../../Engine/Plugins/Interchange/Runtime/Content/gltf/MaterialInstances/MI_Unlit_Blend_DS.uasset" 6740
"../../../Engine/Plugins/Interchange/Runtime/Content/gltf/MaterialInstances/MI_Unlit_Mask_DS.uasset" 6741
"../../../Engine/Plugins/Interchange/Runtime/Content/gltf/MaterialInstances/MI_Unlit_Opaque_DS.uasset" 6742
"../../../Engine/Plugins/Interchange/Runtime/Content/gltf/MaterialInstances/MI_Unlit_Blend.uasset" 6743
"../../../Engine/Plugins/Interchange/Runtime/Content/gltf/MaterialInstances/MI_Unlit_Mask.uasset" 6744
"../../../Engine/Plugins/Interchange/Runtime/Content/gltf/MaterialInstances/MI_Unlit_Opaque.uasset" 6745
"../../../Engine/Plugins/Interchange/Runtime/Content/gltf/M_SpecularGlossiness.uasset" 6746
"../../../Engine/Plugins/Interchange/Runtime/Content/gltf/M_Transmission.uasset" 6747
"../../../Engine/Plugins/Interchange/Runtime/Content/gltf/M_Sheen.uasset" 6748
"../../../Engine/Plugins/Interchange/Runtime/Content/gltf/M_ClearCoat.uasset" 6749
"../../../Engine/Plugins/Interchange/Runtime/Content/gltf/M_Default.uasset" 6750
"C:/Users/Abies/Documents/Unreal Projects/MyProject2/Content/StarterContent/Blueprints/BP_LightStudio.uasset" 6751
"C:/Users/Abies/Documents/Unreal Projects/MyProject2/Content/FirstPersonArms/Character/Materials/Instances/Manny/MI_Manny_02.uasset" 6752
"C:/Users/Abies/Documents/Unreal Projects/MyProject2/Content/LevelPrototyping/Meshes/SM_Ramp.uasset" 6753
"C:/Users/Abies/Documents/Unreal Projects/MyProject2/Content/LevelPrototyping/Meshes/SM_QuarterCylinder.uasset" 6754
"C:/Users/Abies/Documents/Unreal Projects/MyProject2/Content/LevelPrototyping/Meshes/SM_Cylinder.uasset" 6755
"C:/Users/Abies/Documents/Unreal Projects/MyProject2/Content/LevelPrototyping/Meshes/SM_Cube.uasset" 6756
"../../../Engine/Plugins/Interchange/Runtime/Content/gltf/MaterialInstances/MI_SpecularGlossiness_Blend_DS.uasset" 6757
"../../../../../../Users/Abies/Documents/Unreal Projects/MyProject2/Content/FPWeapon/Mesh/SK_FPGun.uasset" 6758
"../../../Engine/Plugins/Interchange/Runtime/Content/gltf/MaterialInstances/MI_SpecularGlossiness_Mask_DS.uasset" 6759
"../../../Engine/Plugins/Interchange/Runtime/Content/gltf/MaterialInstances/MI_SpecularGlossiness_Opaque_DS.uasset" 6760
"../../../Engine/Plugins/Interchange/Runtime/Content/gltf/MaterialInstances/MI_SpecularGlossiness_Blend.uasset" 6761
"../../../Engine/Plugins/Interchange/Runtime/Content/gltf/MaterialInstances/MI_SpecularGlossiness_Mask.uasset" 6762
"../../../Engine/Plugins/Interchange/Runtime/Content/gltf/MaterialInstances/MI_SpecularGlossiness_Opaque.uasset" 6763
"C:/Users/Abies/AppData/Local/UnrealEngine/Common/DerivedDataCache/Buckets/LegacyTEXTURE/0e/b7/497e977a3b70102e2db53af73b4adfa9a1de.udd" 6764
"C:/Users/Abies/AppData/Local/UnrealEngine/Common/DerivedDataCache/Buckets/LegacyTEXTURE/83/d2/015f4dfa4482ec9ffb152d74112f5bf09424.udd" 6765
"C:/Users/Abies/AppData/Local/UnrealEngine/Common/DerivedDataCache/Buckets/LegacyTEXTURE/f4/92/e9955c9245a1f29d527035e7ad4f50c1fe48.udd" 6766
"C:/Users/Abies/AppData/Local/UnrealEngine/Common/DerivedDataCache/Buckets/LegacyTEXTURE/06/8b/98f03a975d9b3b92af5d3956369df4d5dd7d.udd" 6767
"C:/Users/Abies/AppData/Local/UnrealEngine/Common/DerivedDataCache/Buckets/LegacyTEXTURE/39/2e/057c3c77b91c63f636b3e3bcb244f4619113.udd" 6768
"../../Plugins/Animation/ControlRig/Content/Controls/ControlRig_Triangle_3mm.uasset" 6769
"C:/Users/Abies/AppData/Local/UnrealEngine/Common/DerivedDataCache/Buckets/LegacyTEXTURE/d2/33/d7065448dc871e20bdbaffd478b45aaaf45b.udd" 6770
"C:/Users/Abies/AppData/Local/UnrealEngine/Common/DerivedDataCache/Buckets/LegacyTEXTURE/5b/ac/73272a44b0fb4a9acad608a7820d98c9a5fc.udd" 6771
"C:/Users/Abies/AppData/Local/UnrealEngine/Common/DerivedDataCache/Buckets/LegacyTEXTURE/4e/00/9447cad10ee3f09c0f33ef0005d88da56bd0.udd" 6772
"../../Plugins/Animation/ControlRig/Content/Controls/ControlRig_Triangle_solid.uasset" 6773
"../../Plugins/Animation/ControlRig/Content/Controls/ControlRig_Triangle_1mm.uasset" 6774
"../../Plugins/Animation/ControlRig/Content/Controls/ControlRig_Star4_solid.uasset" 6775
"../../Plugins/Animation/ControlRig/Content/Controls/ControlRig_Star4_3mm.uasset" 6776
"../../Plugins/Animation/ControlRig/Content/Controls/ControlRig_Square_solid.uasset" 6777
"../../Plugins/Animation/ControlRig/Content/Controls/ControlRig_Star4_1mm.uasset" 6778
"../../../Engine/Plugins/Interchange/Runtime/Content/gltf/MaterialInstances/MI_Transmission_DS.uasset" 6779
"../../../../../../Users/Abies/Documents/Unreal Projects/MyProject2/Content/StarterContent/Maps/Minimal_Default.umap" 6780
"../../../Engine/Plugins/Interchange/Runtime/Content/gltf/MaterialInstances/MI_Transmission.uasset" 6781
"../../../Engine/Plugins/Interchange/Runtime/Content/gltf/MaterialInstances/MI_Sheen_Blend_DS.uasset" 6782
"../../../Engine/Plugins/Interchange/Runtime/Content/gltf/MaterialInstances/MI_Sheen_Mask_DS.uasset" 6783
"../../../Engine/Plugins/Interchange/Runtime/Content/gltf/MaterialInstances/MI_Sheen_Opaque_DS.uasset" 6784
"../../Plugins/Animation/ControlRig/Content/Controls/ControlRig_Square_3mm.uasset" 6785
"../../../../../../Users/Abies/Documents/Unreal Projects/MyProject2/Content/StarterContent/Maps/StarterMap.umap" 6786
"../../../Engine/Plugins/Interchange/Runtime/Content/gltf/MaterialInstances/MI_Sheen_Blend.uasset" 6787
"../../../Engine/Plugins/Interchange/Runtime/Content/gltf/MaterialInstances/MI_Sheen_Mask.uasset" 6788
"../../../Engine/Plugins/Interchange/Runtime/Content/gltf/MaterialInstances/MI_Sheen_Opaque.uasset" 6789
"../../Plugins/Animation/ControlRig/Content/Controls/ControlRig_Square_1mm.uasset" 6790
"../../Plugins/Animation/ControlRig/Content/Controls/ControlRig_Sphere_3mm.uasset" 6791
"../../Plugins/Animation/ControlRig/Content/Controls/ControlRig_Sphere_1mm.uasset" 6792
"C:/Users/Abies/AppData/Local/UnrealEngine/Common/DerivedDataCache/Buckets/StaticMesh/3d/48/2713ed7d443935fd8b782998119c904f66b6.udd" 6793
"C:/Users/Abies/AppData/Local/UnrealEngine/Common/DerivedDataCache/Buckets/StaticMesh/cb/3c/43fb66f1dab37ce7ca424933928477324692.udd" 6794
"C:/Users/Abies/AppData/Local/UnrealEngine/Common/DerivedDataCache/Buckets/StaticMesh/41/5a/35e26d53519af960cad9eb7035406aaf88d8.udd" 6795
"C:/Users/Abies/AppData/Local/UnrealEngine/Common/DerivedDataCache/Buckets/StaticMesh/c7/0e/81728574cabf291383218efd4c83cc7efe30.udd" 6796
"C:/Users/Abies/AppData/Local/UnrealEngine/Common/DerivedDataCache/Buckets/StaticMesh/0d/41/32d58acf9dfb562c6451bd36c5cafe6df426.udd" 6797
"C:/Users/Abies/AppData/Local/UnrealEngine/Common/DerivedDataCache/Buckets/StaticMesh/b5/07/59bdc7ca33b3b1000266a95d7c1c9abb612b.udd" 6798
"C:/Users/Abies/AppData/Local/UnrealEngine/Common/DerivedDataCache/Buckets/StaticMesh/d8/be/aa2f886bdc95b57119f329010d648e3f3d6b.udd" 6799
"C:/Users/Abies/AppData/Local/UnrealEngine/Common/DerivedDataCache/Buckets/StaticMesh/8f/93/d53d1a8ffa9af2d57e097b360cd6a0c99220.udd" 6800
"C:/Users/Abies/AppData/Local/UnrealEngine/Common/DerivedDataCache/Buckets/StaticMesh/8a/09/7dcec38aa10762c0cbd90d358b354459a62e.udd" 6801
"../../../Engine/Plugins/Interchange/Runtime/Content/gltf/MaterialInstances/MI_ClearCoat_Blend_DS.uasset" 6802
"../../../Engine/Plugins/Interchange/Runtime/Content/gltf/MaterialInstances/MI_ClearCoat_Mask_DS.uasset" 6803
"../../../Engine/Plugins/Interchange/Runtime/Content/gltf/MaterialInstances/MI_ClearCoat_Opaque_DS.uasset" 6804
"../../../Engine/Plugins/Interchange/Runtime/Content/gltf/MaterialInstances/MI_ClearCoat_Blend.uasset" 6805
"../../../Engine/Plugins/Interchange/Runtime/Content/gltf/MaterialInstances/MI_ClearCoat_Mask.uasset" 6806
"../../../Engine/Plugins/Interchange/Runtime/Content/gltf/MaterialInstances/MI_ClearCoat_Opaque.uasset" 6807
"../../../Engine/Plugins/Interchange/Runtime/Content/gltf/MaterialInstances/MI_Default_Blend_DS.uasset" 6808
"../../../Engine/Plugins/Interchange/Runtime/Content/gltf/MaterialInstances/MI_Default_Mask_DS.uasset" 6809
"../../../Engine/Plugins/Interchange/Runtime/Content/gltf/MaterialInstances/MI_Default_Opaque_DS.uasset" 6810
"../../../Engine/Plugins/Interchange/Runtime/Content/gltf/MaterialInstances/MI_Default_Blend.uasset" 6811
"../../../Engine/Plugins/Interchange/Runtime/Content/gltf/MaterialInstances/MI_Default_Mask.uasset" 6812
"../../../Engine/Plugins/Interchange/Runtime/Content/gltf/MaterialInstances/MI_Default_Opaque.uasset" 6813
"C:/Users/Abies/Documents/Unreal Projects/MyProject2/Content/StarterContent/Maps/Advanced_Lighting.umap" 6814
"C:/Users/Abies/Documents/Unreal Projects/MyProject2/Content/FirstPersonArms/Character/Mesh/SK_Mannequin_Arms.uasset" 6815
"../../../Engine/Content/EngineSounds/Submixes/MasterEQSubmixDefault.uasset" 6816
"../../../Engine/Content/EngineSounds/Submixes/MasterSubmixDefault.uasset" 6817
"../../../Engine/Content/EngineSounds/Submixes/MasterReverbSubmixDefault.uasset" 6818
"C:/Users/Abies/Documents/Unreal Projects/MyProject2/Content/FirstPerson/Blueprints/BP_FirstPersonCharacter.uasset" 6819
"C:/Users/Abies/Documents/Unreal Projects/MyProject2/Content/FirstPersonArms/Animations/FirstPerson_AnimBP.uasset" 6820
"C:/Users/Abies/Documents/Unreal Projects/MyProject2/Content/FirstPerson/Blueprints/BP_Weapon_Component.uasset" 6821
"C:/Users/Abies/Documents/Unreal Projects/MyProject2/Content/FirstPerson/Blueprints/BP_FirstPersonGameMode.uasset" 6822
"C:/Users/Abies/Documents/Unreal Projects/MyProject2/Content/FirstPerson/Blueprints/BP_Pickup_Rifle.uasset" 6823
"C:/Users/Abies/Documents/Unreal Projects/MyProject2/Content/FirstPerson/Maps/FirstPersonMap.umap" 6824
"C:/Users/Abies/Documents/Unreal Projects/MyProject2/Content/__ExternalObjects__/FirstPerson/Maps/FirstPersonMap/E/ZB/64YLC9YROSMO90SC5KR0PE.uasset" 6825
"C:/Users/Abies/Documents/Unreal Projects/MyProject2/Content/__ExternalObjects__/FirstPerson/Maps/FirstPersonMap/E/2M/ESWAVQBPX1XK2OH2YGVZCM.uasset" 6826
"C:/Users/Abies/Documents/Unreal Projects/MyProject2/Content/__ExternalObjects__/FirstPerson/Maps/FirstPersonMap/D/PH/WQFJJGR81PTWACYGUC1CP5.uasset" 6827
"C:/Users/Abies/Documents/Unreal Projects/MyProject2/Content/__ExternalObjects__/FirstPerson/Maps/FirstPersonMap/A/JH/8TTAOMHN06NOHWGDJXKH1N.uasset" 6828
"C:/Users/Abies/Documents/Unreal Projects/MyProject2/Content/__ExternalObjects__/FirstPerson/Maps/FirstPersonMap/8/9P/KRNGZ1PU2Y3ACDDE2D2XC5.uasset" 6829
"C:/Users/Abies/Documents/Unreal Projects/MyProject2/Content/__ExternalObjects__/FirstPerson/Maps/FirstPersonMap/7/ZX/JUGNISA5MV8V8FE530PDPQ.uasset" 6830
"C:/Users/Abies/Documents/Unreal Projects/MyProject2/Content/__ExternalObjects__/FirstPerson/Maps/FirstPersonMap/6/2R/TKXMGQLWGTB6FEH6EYY7NK.uasset" 6831
"C:/Users/Abies/Documents/Unreal Projects/MyProject2/Content/__ExternalObjects__/FirstPerson/Maps/FirstPersonMap/3/9Y/O1HBCAIOGYKE5W89K0N3EC.uasset" 6832
"../../Plugins/Animation/ControlRig/Content/Controls/ControlRig_RoundedTriangle_solid.uasset" 6833
"../../Plugins/Animation/ControlRig/Content/Controls/ControlRig_RoundedTriangle_3mm.uasset" 6834
"../../Plugins/Animation/ControlRig/Content/Controls/ControlRig_RoundedTriangle_1mm.uasset" 6835
"../../Plugins/Animation/ControlRig/Content/Controls/ControlRig_RoundedSquare_solid.uasset" 6836
"../../Plugins/Animation/ControlRig/Content/Controls/ControlRig_RoundedSquare_3mm.uasset" 6837
"../../Plugins/Animation/ControlRig/Content/Controls/ControlRig_RoundedSquare_1mm.uasset" 6838
"../../Plugins/Animation/ControlRig/Content/Controls/ControlRig_QuarterCircle_solid.uasset" 6839
"../../Plugins/Animation/ControlRig/Content/Controls/ControlRig_QuarterCircle_3mm.uasset" 6840
"../../Plugins/Animation/ControlRig/Content/Controls/ControlRig_QuarterCircle_1mm.uasset" 6841
"../../Plugins/Animation/ControlRig/Content/Controls/ControlRig_Pyramid_solid.uasset" 6842
"../../../../../../Users/Abies/Documents/Unreal Projects/MyProject2/Content/StarterContent/Maps/Advanced_Lighting.umap" 6843
"../../../../../../Users/Abies/Documents/Unreal Projects/MyProject2/Content/FirstPersonArms/Character/Mesh/SK_Mannequin_Arms.uasset" 6844
"../../Plugins/Animation/ControlRig/Content/Controls/ControlRig_Pyramid_3mm.uasset" 6845
"../../Plugins/Animation/ControlRig/Content/Controls/ControlRig_Octagon_solid.uasset" 6846
"../../../../../../Users/Abies/Documents/Unreal Projects/MyProject2/Content/__ExternalActors__/FirstPerson/Maps/FirstPersonMap/D/0W/E1FKEGVKGOLM7HGLQPCIPO.uasset" 6847
"../../Plugins/Animation/ControlRig/Content/Controls/ControlRig_Pyramid_1mm.uasset" 6848
"../../Plugins/Animation/ControlRig/Content/Controls/ControlRig_Octagon_3mm.uasset" 6849
"../../Plugins/Animation/ControlRig/Content/Controls/ControlRig_Octagon_1mm.uasset" 6850
"../../Plugins/Animation/ControlRig/Content/Controls/ControlRig_Hexagon_solid.uasset" 6851
"../../Plugins/Animation/ControlRig/Content/Controls/ControlRig_Hexagon_3mm.uasset" 6852
"../../Plugins/Animation/ControlRig/Content/Controls/ControlRig_Hexagon_1mm.uasset" 6853
"../../Plugins/Animation/ControlRig/Content/Controls/ControlRig_HalfCircle_solid.uasset" 6854
"C:/Users/Abies/AppData/Local/UnrealEngine/Common/DerivedDataCache/Buckets/StaticMesh/05/7f/d80097d4ef99962a6f63295108f8a26bfb7e.udd" 6855
"C:/Users/Abies/AppData/Local/UnrealEngine/Common/DerivedDataCache/Buckets/StaticMesh/3f/3f/7f3802245d7e00afa0d94fd2d710fe922f61.udd" 6856
"C:/Users/Abies/AppData/Local/UnrealEngine/Common/DerivedDataCache/Buckets/StaticMesh/dd/c8/75afffcb1791a04aab080ec93e208c841283.udd" 6857
"C:/Users/Abies/AppData/Local/UnrealEngine/Common/DerivedDataCache/Buckets/StaticMesh/4c/1d/92a424fd22473575e1b4c1c8ce2c80937f02.udd" 6858
"C:/Users/Abies/AppData/Local/UnrealEngine/Common/DerivedDataCache/Buckets/StaticMesh/22/32/4d7e71c288b5e349ff337cfe884b333715b9.udd" 6859
"../../Plugins/Animation/ControlRig/Content/Controls/ControlRig_HalfCircle_3mm.uasset" 6860
"C:/Users/Abies/AppData/Local/UnrealEngine/Common/DerivedDataCache/Buckets/StaticMesh/ce/3b/0f791616d15a335b69248501cb0420fec63b.udd" 6861
"C:/Users/Abies/AppData/Local/UnrealEngine/Common/DerivedDataCache/Buckets/StaticMesh/d3/dd/07492f9bd8166115a79e337c8ebb63a99759.udd" 6862
"C:/Users/Abies/AppData/Local/UnrealEngine/Common/DerivedDataCache/Buckets/StaticMesh/ce/6d/36a86f33c49ecdf4abd1197fbdff3c03dd9f.udd" 6863
"C:/Users/Abies/AppData/Local/UnrealEngine/Common/DerivedDataCache/Buckets/StaticMesh/4d/3e/f4440e8e5d800fea2e3b62b3f9f4e9c3a625.udd" 6864
"C:/Users/Abies/AppData/Local/UnrealEngine/Common/DerivedDataCache/Buckets/StaticMesh/b0/3e/102868a53d41b42d89456f4b81354eab0639.udd" 6865
"C:/Users/Abies/AppData/Local/UnrealEngine/Common/DerivedDataCache/Buckets/StaticMesh/05/65/5963f255b93deab9292f706da4a10cc7c226.udd" 6866
"C:/Users/Abies/AppData/Local/UnrealEngine/Common/DerivedDataCache/Buckets/StaticMesh/1d/d5/f71567b822d24e4804897d4db22d77ac9177.udd" 6867
"C:/Users/Abies/AppData/Local/UnrealEngine/Common/DerivedDataCache/Buckets/StaticMesh/0c/d2/5b27af79a247d70d74ea931b753159f1cd65.udd" 6868
"C:/Users/Abies/AppData/Local/UnrealEngine/Common/DerivedDataCache/Buckets/StaticMesh/da/53/df425b32b3896404560af40a1d0cf80628cb.udd" 6869
"C:/Users/Abies/AppData/Local/UnrealEngine/Common/DerivedDataCache/Buckets/StaticMesh/8b/c0/2a157f735fc03f499dd9e12b2e88371b60ca.udd" 6870
"C:/Users/Abies/AppData/Local/UnrealEngine/Common/DerivedDataCache/Buckets/StaticMesh/b8/9d/22ba6142117c6ca4550f65accbd18d0e1805.udd" 6871
"C:/Users/Abies/AppData/Local/UnrealEngine/Common/DerivedDataCache/Buckets/StaticMesh/3f/eb/0f574f6120c4e6f77f4ba70e7daa8e9b1989.udd" 6872
"C:/Users/Abies/AppData/Local/UnrealEngine/Common/DerivedDataCache/Buckets/StaticMesh/ad/11/0742e55f99d7f2d08c9cdf84f808a8e4338d.udd" 6873
"C:/Users/Abies/AppData/Local/UnrealEngine/Common/DerivedDataCache/Buckets/StaticMesh/f2/a7/2749b0f2383a6a1e62cdfb43eefb4179f3e3.udd" 6874
"../../Plugins/Animation/ControlRig/Content/Controls/ControlRig_HalfCircle_1mm.uasset" 6875
"../../../../../../Users/Abies/Documents/Unreal Projects/MyProject2/Content/__ExternalActors__/FirstPerson/Maps/FirstPersonMap/0/0M/LYKU8MRWM4BO3O1FDZBG2U.uasset" 6876
"../../../../../../Users/Abies/Documents/Unreal Projects/MyProject2/Content/__ExternalActors__/FirstPerson/Maps/FirstPersonMap/0/7P/QZX5AESKLO855EVPT5JU20.uasset" 6877
"../../../../../../Users/Abies/Documents/Unreal Projects/MyProject2/Content/__ExternalActors__/FirstPerson/Maps/FirstPersonMap/0/CL/381LM03PFI8AF9NED1SEV2.uasset" 6878
"../../../../../../Users/Abies/Documents/Unreal Projects/MyProject2/Content/__ExternalActors__/FirstPerson/Maps/FirstPersonMap/0/GO/I8WEFD3RY9V3NVQLSU6QM4.uasset" 6879
"../../../../../../Users/Abies/Documents/Unreal Projects/MyProject2/Content/__ExternalActors__/FirstPerson/Maps/FirstPersonMap/0/NB/NWWEVRQSGT6ARVZ8HQLCM9.uasset" 6880
"../../../../../../Users/Abies/Documents/Unreal Projects/MyProject2/Content/__ExternalActors__/FirstPerson/Maps/FirstPersonMap/0/WB/V4ALNTJYOVWM8BU452CKV5.uasset" 6881
"../../../../../../Users/Abies/Documents/Unreal Projects/MyProject2/Content/__ExternalActors__/FirstPerson/Maps/FirstPersonMap/1/2J/R4MRTH8FEAO7ML1BCJFIZ2.uasset" 6882
"../../../../../../Users/Abies/Documents/Unreal Projects/MyProject2/Content/__ExternalActors__/FirstPerson/Maps/FirstPersonMap/1/63/MG6FOV6QQX2CAZCGF7O9MM.uasset" 6883
"../../../../../../Users/Abies/Documents/Unreal Projects/MyProject2/Content/__ExternalActors__/FirstPerson/Maps/FirstPersonMap/1/JT/XIHYQ8ZTVL6F9GCUZX1AQ2.uasset" 6884
"../../../../../../Users/Abies/Documents/Unreal Projects/MyProject2/Content/__ExternalActors__/FirstPerson/Maps/FirstPersonMap/1/OD/YPSPM063O6XAJVKSDHY2JX.uasset" 6885
"../../../../../../Users/Abies/Documents/Unreal Projects/MyProject2/Content/__ExternalActors__/FirstPerson/Maps/FirstPersonMap/1/QL/31H7DJTVWEX04CCMX5U1SN.uasset" 6886
"../../../../../../Users/Abies/Documents/Unreal Projects/MyProject2/Content/__ExternalActors__/FirstPerson/Maps/FirstPersonMap/1/RN/55P1SMQLAF7OK6300D5I8N.uasset" 6887
"../../../../../../Users/Abies/Documents/Unreal Projects/MyProject2/Content/__ExternalActors__/FirstPerson/Maps/FirstPersonMap/3/0O/4IRR0TBO7VGKMMYSZRQTB1.uasset" 6888
"../../../../../../Users/Abies/Documents/Unreal Projects/MyProject2/Content/__ExternalActors__/FirstPerson/Maps/FirstPersonMap/3/AI/0XWE3RNM2XQC0ST1KXG02O.uasset" 6889
"../../../../../../Users/Abies/Documents/Unreal Projects/MyProject2/Content/__ExternalActors__/FirstPerson/Maps/FirstPersonMap/3/C8/Z38FT77DKZLKDXTQ7PZNM4.uasset" 6890
"../../../../../../Users/Abies/Documents/Unreal Projects/MyProject2/Content/__ExternalActors__/FirstPerson/Maps/FirstPersonMap/3/CP/XRLOR3HVYVHJA3N9PKGXZH.uasset" 6891
"../../../../../../Users/Abies/Documents/Unreal Projects/MyProject2/Content/__ExternalActors__/FirstPerson/Maps/FirstPersonMap/3/YY/ZEL6NJUQJU43LAD9X3NXTT.uasset" 6892
"../../../../../../Users/Abies/Documents/Unreal Projects/MyProject2/Content/__ExternalActors__/FirstPerson/Maps/FirstPersonMap/4/G2/DXY1ROMU8NVTUPH999VNGV.uasset" 6893
"../../../../../../Users/Abies/Documents/Unreal Projects/MyProject2/Content/__ExternalActors__/FirstPerson/Maps/FirstPersonMap/4/PT/ZXUQMNLL9GZ2UNQ5D0R4A4.uasset" 6894
"../../../../../../Users/Abies/Documents/Unreal Projects/MyProject2/Content/__ExternalActors__/FirstPerson/Maps/FirstPersonMap/5/80/QQN0UFFAA797E1UT4IMD29.uasset" 6895
"../../../../../../Users/Abies/Documents/Unreal Projects/MyProject2/Content/__ExternalActors__/FirstPerson/Maps/FirstPersonMap/5/8C/EAHCBN229IT8APJO305AH5.uasset" 6896
"../../../../../../Users/Abies/Documents/Unreal Projects/MyProject2/Content/__ExternalActors__/FirstPerson/Maps/FirstPersonMap/5/DI/1JZHHCOBVQ2F5XRUWSES1X.uasset" 6897
"../../../../../../Users/Abies/Documents/Unreal Projects/MyProject2/Content/__ExternalActors__/FirstPerson/Maps/FirstPersonMap/6/0Z/5RQIHCZ9W3UXRGL4LTLQAK.uasset" 6898
"../../Plugins/Animation/ControlRig/Content/Controls/ControlRig_Diamond_solid.uasset" 6899
"../../../../../../Users/Abies/Documents/Unreal Projects/MyProject2/Content/__ExternalActors__/FirstPerson/Maps/FirstPersonMap/6/7Z/7EHFAZ5HVWXAWQ04QO5TH0.uasset" 6900
"../../../../../../Users/Abies/Documents/Unreal Projects/MyProject2/Content/__ExternalActors__/FirstPerson/Maps/FirstPersonMap/6/AJ/2XZ3RUK0LFB63FVNQE7P5R.uasset" 6901
"../../../../../../Users/Abies/Documents/Unreal Projects/MyProject2/Content/__ExternalActors__/FirstPerson/Maps/FirstPersonMap/6/HC/FI3CQDKJY4J00D2B21FYQZ.uasset" 6902
"../../../../../../Users/Abies/Documents/Unreal Projects/MyProject2/Content/__ExternalActors__/FirstPerson/Maps/FirstPersonMap/7/5X/6EW8RE9VA2GGHRWK614FCI.uasset" 6903
"../../../../../../Users/Abies/Documents/Unreal Projects/MyProject2/Content/__ExternalActors__/FirstPerson/Maps/FirstPersonMap/7/DF/1GID8P6B00XRWKYCXU7HT1.uasset" 6904
"../../../../../../Users/Abies/Documents/Unreal Projects/MyProject2/Content/__ExternalActors__/FirstPerson/Maps/FirstPersonMap/7/GI/GZM47KS5FPIQH5TLSYC1ME.uasset" 6905
"../../../../../../Users/Abies/Documents/Unreal Projects/MyProject2/Content/__ExternalActors__/FirstPerson/Maps/FirstPersonMap/7/L5/1ZJ54FMA0DAL3I2Q8RFAIB.uasset" 6906
"../../../../../../Users/Abies/Documents/Unreal Projects/MyProject2/Content/__ExternalActors__/FirstPerson/Maps/FirstPersonMap/7/WS/X084A70TPBKFLJDCV2U5PN.uasset" 6907
"../../../../../../Users/Abies/Documents/Unreal Projects/MyProject2/Content/__ExternalActors__/FirstPerson/Maps/FirstPersonMap/8/3M/4ATOKH0ZGPCVBS85MPKAXK.uasset" 6908
"../../../../../../Users/Abies/Documents/Unreal Projects/MyProject2/Content/__ExternalActors__/FirstPerson/Maps/FirstPersonMap/8/80/RCXALNT3NG94XMV0V6D4XE.uasset" 6909
"../../../../../../Users/Abies/Documents/Unreal Projects/MyProject2/Content/__ExternalActors__/FirstPerson/Maps/FirstPersonMap/8/CF/ZNIOCRD90Z70MMV9NMW778.uasset" 6910
"../../../../../../Users/Abies/Documents/Unreal Projects/MyProject2/Content/__ExternalActors__/FirstPerson/Maps/FirstPersonMap/8/CW/6HT16P8P5RAXNJG3EVYWE9.uasset" 6911
"../../../../../../Users/Abies/Documents/Unreal Projects/MyProject2/Content/__ExternalActors__/FirstPerson/Maps/FirstPersonMap/8/SZ/D1AHM62WL9TXSNPYQDXQMZ.uasset" 6912
"../../../../../../Users/Abies/Documents/Unreal Projects/MyProject2/Content/__ExternalActors__/FirstPerson/Maps/FirstPersonMap/8/Y4/KY9ZXT77SAVGWBRTNCFCSC.uasset" 6913
"../../../../../../Users/Abies/Documents/Unreal Projects/MyProject2/Content/__ExternalActors__/FirstPerson/Maps/FirstPersonMap/8/Z7/W1SXRCM1KAKBJOIZDLHZ47.uasset" 6914
"../../../../../../Users/Abies/Documents/Unreal Projects/MyProject2/Content/__ExternalActors__/FirstPerson/Maps/FirstPersonMap/9/6K/53TOYTOLDEUBMS5SLUFP3V.uasset" 6915
"../../../../../../Users/Abies/Documents/Unreal Projects/MyProject2/Content/__ExternalActors__/FirstPerson/Maps/FirstPersonMap/9/JW/IY5R6I5N0YWU9LYWKXFXH9.uasset" 6916
"../../../../../../Users/Abies/Documents/Unreal Projects/MyProject2/Content/__ExternalActors__/FirstPerson/Maps/FirstPersonMap/9/OJ/9MHHMH0XHVZ04YDZ7NPC32.uasset" 6917
"../../../../../../Users/Abies/Documents/Unreal Projects/MyProject2/Content/__ExternalActors__/FirstPerson/Maps/FirstPersonMap/9/Q2/TOKV0KMMZ7RIQ78R0UEDQL.uasset" 6918
"../../Plugins/Animation/ControlRig/Content/Controls/ControlRig_Diamond_3mm.uasset" 6919
"../../../../../../Users/Abies/Documents/Unreal Projects/MyProject2/Content/__ExternalActors__/FirstPerson/Maps/FirstPersonMap/9/VP/FVTPO8KZ0WPMCSQLVJE6O9.uasset" 6920
"../../../../../../Users/Abies/Documents/Unreal Projects/MyProject2/Content/__ExternalActors__/FirstPerson/Maps/FirstPersonMap/A/2W/U0XT0R08XQA6C15NK8ILFA.uasset" 6921
"../../../../../../Users/Abies/Documents/Unreal Projects/MyProject2/Content/__ExternalActors__/FirstPerson/Maps/FirstPersonMap/A/91/64ROQWZ22CQVFJMU4XABML.uasset" 6922
"../../../../../../Users/Abies/Documents/Unreal Projects/MyProject2/Content/__ExternalActors__/FirstPerson/Maps/FirstPersonMap/A/RJ/Z7CLKO8GGJ7RXH5PUAF4T4.uasset" 6923
"../../../../../../Users/Abies/Documents/Unreal Projects/MyProject2/Content/__ExternalActors__/FirstPerson/Maps/FirstPersonMap/A/XJ/HL558UUAGCS9HVVOI0S7PX.uasset" 6924
"../../../../../../Users/Abies/Documents/Unreal Projects/MyProject2/Content/__ExternalActors__/FirstPerson/Maps/FirstPersonMap/B/51/6JKB4DNGJP09QUHY23FHRV.uasset" 6925
"../../../../../../Users/Abies/Documents/Unreal Projects/MyProject2/Content/__ExternalActors__/FirstPerson/Maps/FirstPersonMap/B/DD/654T6CAPVSXAN1LXEX71EI.uasset" 6926
"../../../../../../Users/Abies/Documents/Unreal Projects/MyProject2/Content/__ExternalActors__/FirstPerson/Maps/FirstPersonMap/B/EF/G3O7YJR3QU51OHQGRYB635.uasset" 6927
"../../../../../../Users/Abies/Documents/Unreal Projects/MyProject2/Content/__ExternalActors__/FirstPerson/Maps/FirstPersonMap/B/YQ/KT6JL4FVCNJJ9VFOCSF32J.uasset" 6928
"../../../../../../Users/Abies/Documents/Unreal Projects/MyProject2/Content/__ExternalActors__/FirstPerson/Maps/FirstPersonMap/C/P8/0GJ9TLQE2YKOIFZ6YHG33H.uasset" 6929
"../../../../../../Users/Abies/Documents/Unreal Projects/MyProject2/Content/__ExternalActors__/FirstPerson/Maps/FirstPersonMap/C/VO/VMN4G7K3NKKV6F8HTPHHDB.uasset" 6930
"../../../../../../Users/Abies/Documents/Unreal Projects/MyProject2/Content/__ExternalActors__/FirstPerson/Maps/FirstPersonMap/C/ZU/PDQ0AB8RLNMVID876FD49G.uasset" 6931
"../../../../../../Users/Abies/Documents/Unreal Projects/MyProject2/Content/__ExternalActors__/FirstPerson/Maps/FirstPersonMap/E/MX/R1GV431P5FDO08OFULRA01.uasset" 6932
"../../../../../../Users/Abies/Documents/Unreal Projects/MyProject2/Content/__ExternalActors__/FirstPerson/Maps/FirstPersonMap/E/UE/YUZ9741T50O1SYRX90OB0S.uasset" 6933
"../../../../../../Users/Abies/Documents/Unreal Projects/MyProject2/Content/__ExternalActors__/FirstPerson/Maps/FirstPersonMap/F/2F/0SPQG8P507LI9VUAFG20OA.uasset" 6934
"../../../Engine/Content/EditorResources/EmptyActor.uasset" 6935
"C:/Users/Abies/AppData/Local/UnrealEngine/Common/DerivedDataCache/Buckets/BulkDataList/50/68/b41f1baae936459f9d1c1045587245c06c07.udd" 6936
"C:/Users/Abies/AppData/Local/UnrealEngine/Common/DerivedDataCache/Buckets/LegacyDIST/20/9d/cd16d7c2307cae64f68d297598b737230d4f.udd" 6937
"C:/Users/Abies/AppData/Local/UnrealEngine/Common/DerivedDataCache/Buckets/LegacyDIST/10/8f/97ea7b1e81ed90063150b5f3e05aa30bfbec.udd" 6938
"C:/Users/Abies/AppData/Local/UnrealEngine/Common/DerivedDataCache/Buckets/LegacyDIST/18/1d/d9952451adf8c9640d8cd55c85faad5b8555.udd" 6939
"C:/Users/Abies/AppData/Local/UnrealEngine/Common/DerivedDataCache/Buckets/LegacyDIST/a9/2f/40a4d80d912b154d8b10e9643788c5bde9a9.udd" 6940
"C:/Users/Abies/AppData/Local/UnrealEngine/Common/DerivedDataCache/Buckets/LegacyDIST/58/bf/7f63e52c855f7a4d753676c61ca4d3c79049.udd" 6941
"C:/Users/Abies/AppData/Local/UnrealEngine/Common/DerivedDataCache/Buckets/LegacyDIST/0f/4e/752765b535654326372f4e66ddc781f84a71.udd" 6942
"C:/Users/Abies/AppData/Local/UnrealEngine/Common/DerivedDataCache/Buckets/LegacyDIST/2f/77/d9f0ad11dd75f26b78519651aceff6780a5d.udd" 6943
"C:/Users/Abies/AppData/Local/UnrealEngine/Common/DerivedDataCache/Buckets/LegacyDIST/ea/67/18e4bd7152798ee53e37e10c7e1e5541efdc.udd" 6944
"C:/Users/Abies/AppData/Local/UnrealEngine/Common/DerivedDataCache/Buckets/LegacyDIST/96/94/c54787e8f8a818838e342de12d0a87c43769.udd" 6945
"../../Plugins/Animation/ControlRig/Content/Controls/ControlRig_Diamond_1mm.uasset" 6946
"../../Plugins/Animation/ControlRig/Content/Controls/ControlRig_Circle_solid.uasset" 6947
"../../Plugins/Animation/ControlRig/Content/Controls/ControlRig_Circle_3mm.uasset" 6948
"C:/Users/Abies/AppData/Local/UnrealEngine/Common/DerivedDataCache/Buckets/StaticMesh/01/6a/b4c52d2711aa65b9a8564be272b1998f4771.udd" 6949
"C:/Users/Abies/AppData/Local/UnrealEngine/Common/DerivedDataCache/Buckets/StaticMesh/36/5e/51a860bbecd8fb071d28795a09482fb1b51f.udd" 6950
"C:/Users/Abies/AppData/Local/UnrealEngine/Common/DerivedDataCache/Buckets/StaticMesh/4e/18/2f582994f129f4d39c5291ef487fd1dbe37f.udd" 6951
"C:/Users/Abies/AppData/Local/UnrealEngine/Common/DerivedDataCache/Buckets/StaticMesh/ec/4b/3ecca9d4705423389540ff105f29effd2177.udd" 6952
"C:/Users/Abies/AppData/Local/UnrealEngine/Common/DerivedDataCache/Buckets/StaticMesh/20/fa/b9968c4fa709a23b323ce87f37ea3848ae03.udd" 6953
"C:/Users/Abies/AppData/Local/UnrealEngine/Common/DerivedDataCache/Buckets/StaticMesh/4a/b0/a990d20065e1c55dc466d7375d03ceb43a6c.udd" 6954
"C:/Users/Abies/AppData/Local/UnrealEngine/Common/DerivedDataCache/Buckets/StaticMesh/41/5a/bf50103c79b1a742d1db6f7b02e0cc697941.udd" 6955
"../../../../../../Users/Abies/Documents/Unreal Projects/MyProject2/Content/LevelPrototyping/Meshes/SM_Cube.uasset" 6956
"C:/Users/Abies/AppData/Local/UnrealEngine/Common/DerivedDataCache/Buckets/StaticMesh/bd/a6/42ee84621f738eb29d651864a2b70cd7fda4.udd" 6957
"../../../../../../Users/Abies/Documents/Unreal Projects/MyProject2/Content/LevelPrototyping/Meshes/SM_ChamferCube.uasset" 6958
"../../../../../../Users/Abies/Documents/Unreal Projects/MyProject2/Content/LevelPrototyping/Meshes/SM_Ramp.uasset" 6959
"../../../../../../Users/Abies/Documents/Unreal Projects/MyProject2/Content/LevelPrototyping/Meshes/SM_QuarterCylinder.uasset" 6960
"../../Plugins/Animation/ControlRig/Content/Controls/ControlRig_Arrow_1mm.uasset" 6961
"../../../../../../Users/Abies/Documents/Unreal Projects/MyProject2/Content/StarterContent/Props/SM_PillarFrame.uasset" 6962
"../../Plugins/Animation/ControlRig/Content/Controls/ControlRig_Arrow4_solid.uasset" 6963
"../../../../../../Users/Abies/Documents/Unreal Projects/MyProject2/Content/StarterContent/Props/SM_DoorFrame.uasset" 6964
"C:/Users/Abies/AppData/Local/UnrealEngine/Common/DerivedDataCache/Buckets/LegacyDIST/38/96/2a8b9fe27e780f93587afbb8992695ab1e7d.udd" 6965
"../../Plugins/Animation/ControlRig/Content/Controls/ControlRig_Arrow4_1mm.uasset" 6966
"../../../../../../Users/Abies/Documents/Unreal Projects/MyProject2/Content/StarterContent/Props/SM_CornerFrame.uasset" 6967
"../../Plugins/Animation/ControlRig/Content/Controls/ControlRig_Arrow2_3mm.uasset" 6968
"C:/Users/Abies/AppData/Local/UnrealEngine/Common/DerivedDataCache/Buckets/LegacyDIST/6b/17/2123c56220d5ee6ca699ea2c6b1e198b14da.udd" 6969
"../../Plugins/Animation/ControlRig/Content/Controls/ControlRig_Arrow2_1mm.uasset" 6970
"../../Plugins/Animation/ControlRig/Content/Controls/ControlRig_Sphere_solid.uasset" 6971
"../../../../../../Users/Abies/Documents/Unreal Projects/MyProject2/Content/StarterContent/Props/MaterialSphere.uasset" 6972
"../../../../../../Users/Abies/Documents/Unreal Projects/MyProject2/Content/StarterContent/Blueprints/Assets/SM_Arrows.uasset" 6973
"C:/Users/Abies/AppData/Local/UnrealEngine/Common/DerivedDataCache/Buckets/StaticMesh/50/42/21760d9d44fbf411a4a2ac0c06791f0c35b0.udd" 6974
"C:/Users/Abies/AppData/Local/UnrealEngine/Common/DerivedDataCache/Buckets/StaticMesh/82/f0/60bddab1261cf3f8ab3359a6d7db4e25b126.udd" 6975
"C:/Users/Abies/AppData/Local/UnrealEngine/Common/DerivedDataCache/Buckets/StaticMesh/b3/94/d6559ff092d3f089cb6aa8a632897b0fb51b.udd" 6976
"../../../../../../Users/Abies/Documents/Unreal Projects/MyProject2/Content/StarterContent/Props/SM_TableRound.uasset" 6977
"C:/Users/Abies/AppData/Local/UnrealEngine/Common/DerivedDataCache/Buckets/LegacyDIST/a1/ed/0337485d2e08b88f11a7974d9373b959f1cc.udd" 6978
"../../../../../../Users/Abies/Documents/Unreal Projects/MyProject2/Content/StarterContent/Props/SM_Statue.uasset" 6979
"../../Plugins/Animation/ControlRig/Content/Controls/ControlRig_Arrow_solid.uasset" 6980
"../../Plugins/Animation/ControlRig/Content/Controls/ControlRig_Box_1mm.uasset" 6981
"../../Plugins/Animation/ControlRig/Content/Controls/ControlRig_Arrow_3mm.uasset" 6982
"../../../../../../Users/Abies/Documents/Unreal Projects/MyProject2/Content/StarterContent/Props/SM_WindowFrame.uasset" 6983
"../../../../../../Users/Abies/Documents/Unreal Projects/MyProject2/Content/StarterContent/Props/SM_PillarFrame300.uasset" 6984
"../../Plugins/Animation/ControlRig/Content/Controls/ControlRig_Circle_1mm.uasset" 6985
"../../Plugins/Animation/ControlRig/Content/Controls/ControlRig_Arrow4_3mm.uasset" 6986
"../../Plugins/Animation/ControlRig/Content/Controls/ControlRig_Arrow2_solid.uasset" 6987
"../../../../../../Users/Abies/Documents/Unreal Projects/MyProject2/Content/StarterContent/Props/SM_Door.uasset" 6988
"../../../../../../Users/Abies/Documents/Unreal Projects/MyProject2/Content/StarterContent/Props/SM_Couch.uasset" 6989
"../../../../../../Users/Abies/Documents/Unreal Projects/MyProject2/Content/StarterContent/Props/SM_Chair.uasset" 6990
"../../../../../../Users/Abies/Documents/Unreal Projects/MyProject2/Content/StarterContent/Props/SM_Bush.uasset" 6991
"../../Plugins/Animation/ControlRig/Content/Controls/ControlRig_Box_3mm.uasset" 6992
"../../../../../../Users/Abies/Documents/Unreal Projects/MyProject2/Content/FPWeapon/Mesh/FirstPersonProjectileMesh.uasset" 6993
"../../../../../../Users/Abies/Documents/Unreal Projects/MyProject2/Content/StarterContent/Props/SM_Rock.uasset" 6994
"../../Plugins/Animation/ControlRig/Content/Controls/ControlRig_Box_solid.uasset" 6995
"../../../../../../Users/Abies/Documents/Unreal Projects/MyProject2/Content/StarterContent/Blueprints/Assets/Skybox.uasset" 6996
"../../../../../../Users/Abies/Documents/Unreal Projects/MyProject2/Content/StarterContent/Props/SM_Shelf.uasset" 6997
"../../../../../../Users/Abies/Documents/Unreal Projects/MyProject2/Content/StarterContent/Props/SM_Lamp_Wall.uasset" 6998
"../../../../../../Users/Abies/Documents/Unreal Projects/MyProject2/Content/LevelPrototyping/Meshes/SM_Cylinder.uasset" 6999
"../../../../../../Users/Abies/Documents/Unreal Projects/MyProject2/Content/StarterContent/Props/SM_Lamp_Ceiling.uasset" 7000
"C:/Users/Abies/AppData/Local/UnrealEngine/Common/DerivedDataCache/Buckets/StaticMesh/e8/bb/ad36322c6b4164544122f3bf15a62e3ce06e.udd" 7001
"../../../../../../Users/Abies/Documents/Unreal Projects/MyProject2/Content/StarterContent/Textures/T_Wood_Pine_N.uasset" 7002
"C:/Users/Abies/AppData/Local/UnrealEngine/Common/DerivedDataCache/Buckets/LegacyDIST/cc/4c/e12f2b0c43e83d671a18a2a00a3b24a39447.udd" 7003
"C:/Users/Abies/AppData/Local/UnrealEngine/Common/DerivedDataCache/Buckets/LegacyCARD/9c/b7/4d7adf0718e92c277eb6f83a069c5a38391d.udd" 7004
"C:/Users/Abies/AppData/Local/UnrealEngine/Common/DerivedDataCache/Buckets/StaticMesh/e2/4b/2c9302f6815f5e7a838d1a9349a7b6340767.udd" 7005
"C:/Users/Abies/AppData/Local/UnrealEngine/Common/DerivedDataCache/Buckets/StaticMesh/8d/fc/3c0bb9c24045e5510178c57bd2d53ddd6fab.udd" 7006
"C:/Users/Abies/AppData/Local/UnrealEngine/Common/DerivedDataCache/Buckets/StaticMesh/44/96/3f11cb310af3aeec95f723c8081fbd4b0304.udd" 7007
"C:/Users/Abies/AppData/Local/UnrealEngine/Common/DerivedDataCache/Buckets/StaticMesh/1f/bc/9485c84f9b245790bbcb9728c786479c37e0.udd" 7008
"C:/Users/Abies/AppData/Local/UnrealEngine/Common/DerivedDataCache/Buckets/StaticMesh/e4/a7/529a1ea08b77881877a0d67b0ab4aa4e3032.udd" 7009
"C:/Users/Abies/AppData/Local/UnrealEngine/Common/DerivedDataCache/Buckets/StaticMesh/36/81/d22f3c7220e35a024b97ec88748a3659cdea.udd" 7010
"C:/Users/Abies/AppData/Local/UnrealEngine/Common/DerivedDataCache/Buckets/StaticMesh/fb/19/8002d4bedd1247dd29d0b3b82e8a81c7c8b0.udd" 7011
"C:/Users/Abies/AppData/Local/UnrealEngine/Common/DerivedDataCache/Buckets/StaticMesh/60/d1/37cef84a719b2232395b126861afe43042f4.udd" 7012
"C:/Users/Abies/AppData/Local/UnrealEngine/Common/DerivedDataCache/Buckets/StaticMesh/8d/d5/c1f4118e062f61d4e980d8b24165bbfad020.udd" 7013
"C:/Users/Abies/AppData/Local/UnrealEngine/Common/DerivedDataCache/Buckets/StaticMesh/83/2e/9e38ac8950cdaa1e7d72c5054e39dab4c0d6.udd" 7014
"C:/Users/Abies/AppData/Local/UnrealEngine/Common/DerivedDataCache/Buckets/StaticMesh/fd/1a/9e33f63e5aa5445de428f1629f5b414eb3e8.udd" 7015
"C:/Users/Abies/AppData/Local/UnrealEngine/Common/DerivedDataCache/Buckets/StaticMesh/16/ec/1cc0c99ba1d47f612be7003f2157467bec66.udd" 7016
"C:/Users/Abies/AppData/Local/UnrealEngine/Common/DerivedDataCache/Buckets/StaticMesh/e1/f0/b62f9981f46f7c1d5b586c87353b818e94ff.udd" 7017
"../../../Engine/Content/EditorResources/AudioIcons/S_AudioComponent_AutoActivate.uasset" 7018
"../../../Engine/Content/EditorResources/AudioIcons/S_AudioComponent.uasset" 7019
"C:/Users/Abies/AppData/Local/UnrealEngine/Common/DerivedDataCache/Buckets/StaticMesh/0f/a2/230995615e5b4a7d6b3f348ca3f469826cec.udd" 7020
"C:/Users/Abies/AppData/Local/UnrealEngine/Common/DerivedDataCache/Buckets/StaticMesh/2e/5e/526f13d6487ad5a720830ddcb5114e80e392.udd" 7021
"C:/Users/Abies/AppData/Local/UnrealEngine/Common/DerivedDataCache/Buckets/StaticMesh/fc/e7/9016fb17678f437ac8b2df102c65c16d2305.udd" 7022
"C:/Users/Abies/AppData/Local/UnrealEngine/Common/DerivedDataCache/Buckets/StaticMesh/d8/1a/a54703e435678d307fdfbdd725b8809e4902.udd" 7023
"C:/Users/Abies/AppData/Local/UnrealEngine/Common/DerivedDataCache/Buckets/StaticMesh/8b/2c/e11ebad9b249e8b356034b7ef9d927ad4be9.udd" 7024
"C:/Users/Abies/AppData/Local/UnrealEngine/Common/DerivedDataCache/Buckets/StaticMesh/b6/cb/6e6edbdca88cfcbb312d16fdaedcf006bd96.udd" 7025
"C:/Users/Abies/AppData/Local/UnrealEngine/Common/DerivedDataCache/Buckets/StaticMesh/76/cf/c748cedc183b664463c6bede449c24841516.udd" 7026
"C:/Users/Abies/AppData/Local/UnrealEngine/Common/DerivedDataCache/Buckets/StaticMesh/bb/8d/e0384d38950cdaa1b74b584a2df43b0294e4.udd" 7027
"C:/Users/Abies/AppData/Local/UnrealEngine/Common/DerivedDataCache/Buckets/StaticMesh/89/f4/250132dd3edc124ec50cce73864ed26ac0b0.udd" 7028
"C:/Users/Abies/AppData/Local/UnrealEngine/Common/DerivedDataCache/Buckets/StaticMesh/71/43/ada3b58618fc0a50a96bb714c4af109fd898.udd" 7029
"C:/Users/Abies/AppData/Local/UnrealEngine/Common/DerivedDataCache/Buckets/StaticMesh/3c/51/fa0b6264f30a4432af9f2c8bbd35de739aeb.udd" 7030
"C:/Users/Abies/AppData/Local/UnrealEngine/Common/DerivedDataCache/Buckets/StaticMesh/e8/4f/a482e59c93b9a394780284590c1b9cbe3ea5.udd" 7031
"C:/Users/Abies/AppData/Local/UnrealEngine/Common/DerivedDataCache/Buckets/StaticMesh/83/8c/b7e8c81b69aed23744b2dddfd9b3289f40e1.udd" 7032
"C:/Users/Abies/AppData/Local/UnrealEngine/Common/DerivedDataCache/Buckets/StaticMesh/6e/6a/5a0e2a29e2ff9676a9a898e8697a23807051.udd" 7033
"C:/Users/Abies/AppData/Local/UnrealEngine/Common/DerivedDataCache/Buckets/StaticMesh/20/ae/3a190402361bbb535c4f0fbfc203f37e0067.udd" 7034
"C:/Users/Abies/AppData/Local/UnrealEngine/Common/DerivedDataCache/Buckets/StaticMesh/ae/47/e51bc3628c7ca2220e35af22419b6300701e.udd" 7035
"C:/Users/Abies/AppData/Local/UnrealEngine/Common/DerivedDataCache/Buckets/StaticMesh/87/2a/b6286f0f62f826d10d2e5debec5624ea3999.udd" 7036
"C:/Users/Abies/AppData/Local/UnrealEngine/Common/DerivedDataCache/Buckets/StaticMesh/52/a5/eef1a62229bb4dae13f4341420791672ab7d.udd" 7037
"C:/Users/Abies/AppData/Local/UnrealEngine/Common/DerivedDataCache/Buckets/StaticMesh/08/ef/6d75156e310f49de3b8926a657bdc58adb16.udd" 7038
"C:/Users/Abies/AppData/Local/UnrealEngine/Common/DerivedDataCache/Buckets/StaticMesh/d6/61/514e0bf4ecb54eda100f1862a9297ebffe6a.udd" 7039
"C:/Users/Abies/AppData/Local/UnrealEngine/Common/DerivedDataCache/Buckets/StaticMesh/4f/b4/f42f7ed775f96c8242b322525e3cf0a03495.udd" 7040
"C:/Users/Abies/AppData/Local/UnrealEngine/Common/DerivedDataCache/Buckets/StaticMesh/c9/a6/375c7b9eb1c8304369e4d33a49e08d1e2555.udd" 7041
"C:/Users/Abies/AppData/Local/UnrealEngine/Common/DerivedDataCache/Buckets/StaticMesh/07/83/002991dd37659576736c68c6af3a6629a61e.udd" 7042
"C:/Users/Abies/AppData/Local/UnrealEngine/Common/DerivedDataCache/Buckets/LegacyDIST/38/3e/d0da94c8db42d0360222443bb99f1b4955f0.udd" 7043
"C:/Users/Abies/AppData/Local/UnrealEngine/Common/DerivedDataCache/Buckets/LegacyDIST/3d/21/8e5ae04fbd5f4a154d3cc3569c052849920a.udd" 7044
"C:/Users/Abies/AppData/Local/UnrealEngine/Common/DerivedDataCache/Buckets/LegacyDIST/b8/5e/3ffd0dbb91ef9fff0e9b54556de4cd2abda5.udd" 7045
"C:/Users/Abies/AppData/Local/UnrealEngine/Common/DerivedDataCache/Buckets/StaticMesh/33/7a/baf7522e429aa0ac595e1745dbbb6fe162e1.udd" 7046
"C:/Users/Abies/AppData/Local/UnrealEngine/Common/DerivedDataCache/Buckets/LegacyDIST/52/ec/0f046053f1fe8ec868fc51cf044b12f114f6.udd" 7047
"C:/Users/Abies/AppData/Local/UnrealEngine/Common/DerivedDataCache/Buckets/LegacyDIST/4b/2f/1229cf84a67c0c72bb2c9e893981b1c801dd.udd" 7048
"C:/Users/Abies/AppData/Local/UnrealEngine/Common/DerivedDataCache/Buckets/LegacyDIST/88/1d/777d7cd20c183543dbf34f11195cbae8ec9a.udd" 7049
"C:/Users/Abies/AppData/Local/UnrealEngine/Common/DerivedDataCache/Buckets/LegacyDIST/61/91/3df08b6335349f38edc0e10853365bf4475b.udd" 7050
"C:/Users/Abies/AppData/Local/UnrealEngine/Common/DerivedDataCache/Buckets/LegacyDIST/ac/1e/36afc97e8c3c51b3c2fb5602977aca66da64.udd" 7051
"C:/Users/Abies/AppData/Local/UnrealEngine/Common/DerivedDataCache/Buckets/LegacyDIST/3d/0d/96dd0674c809ba86d9b6a93d6846789cb90a.udd" 7052
"C:/Users/Abies/AppData/Local/UnrealEngine/Common/DerivedDataCache/Buckets/LegacyDIST/e8/10/64c49481b67fca6496a98f471a245c2cc511.udd" 7053
"C:/Users/Abies/AppData/Local/UnrealEngine/Common/DerivedDataCache/Buckets/LegacyDIST/40/c9/51e98891cdf98e23467fd94a7b7e913f3c5c.udd" 7054
"C:/Users/Abies/AppData/Local/UnrealEngine/Common/DerivedDataCache/Buckets/LegacyDIST/60/bb/29751f95c678c1a16f1e00b2959f1196cdf4.udd" 7055
"C:/Users/Abies/AppData/Local/UnrealEngine/Common/DerivedDataCache/Buckets/LegacyDIST/ee/98/136e3f96763b834fe1f66c3933d7e39853f7.udd" 7056
"C:/Users/Abies/AppData/Local/UnrealEngine/Common/DerivedDataCache/Buckets/LegacyDIST/4f/9d/ab79d7b12c8fbbef495e7c91a610b584b311.udd" 7057
"C:/Users/Abies/AppData/Local/UnrealEngine/Common/DerivedDataCache/Buckets/LegacyDIST/32/e5/2685c7c2b369cd157a2b4b49e3ab4df75bf5.udd" 7058
"C:/Users/Abies/AppData/Local/UnrealEngine/Common/DerivedDataCache/Buckets/LegacyDIST/8f/aa/8a52ffcc87647bfeb21760cd235a4a9f7a1a.udd" 7059
"C:/Users/Abies/AppData/Local/UnrealEngine/Common/DerivedDataCache/Buckets/LegacyDIST/20/6f/5cd875df5a159d35949bf6c584d72d770f9e.udd" 7060
"C:/Users/Abies/AppData/Local/UnrealEngine/Common/DerivedDataCache/Buckets/LegacyDIST/3c/18/6af1a9fd7c1fd75180c499a05341ba960253.udd" 7061
"C:/Users/Abies/AppData/Local/UnrealEngine/Common/DerivedDataCache/Buckets/LegacyDIST/bb/07/3150bc33fd29b7bb266a46641e8105fafa04.udd" 7062
"C:/Users/Abies/AppData/Local/UnrealEngine/Common/DerivedDataCache/Buckets/LegacyDIST/b4/9d/bc40d65563ec878a4cba1dcb108b338decae.udd" 7063
"C:/Users/Abies/AppData/Local/UnrealEngine/Common/DerivedDataCache/Buckets/LegacyDIST/bb/d5/0c318d638f7bf9e2a06be0dcc7aa872bc9be.udd" 7064
"C:/Users/Abies/AppData/Local/UnrealEngine/Common/DerivedDataCache/Buckets/LegacyDIST/69/c9/584a200028a1023caeb502f28b309509ac3f.udd" 7065
"C:/Users/Abies/AppData/Local/UnrealEngine/Common/DerivedDataCache/Buckets/LegacyDIST/54/20/b0831905231da45b8113638f05a1c7467481.udd" 7066
"C:/Users/Abies/AppData/Local/UnrealEngine/Common/DerivedDataCache/Buckets/LegacyDIST/2d/5b/4faf03df953769461452669223db85c04d96.udd" 7067
"../../../Engine/Content/EditorResources/LightIcons/S_LightError.uasset" 7068
"C:/Users/Abies/AppData/Local/UnrealEngine/Common/DerivedDataCache/Buckets/BulkDataList/82/f3/bbf2976bf9623cd8aeaab3801953846a422c.udd" 7069
"C:/Users/Abies/AppData/Local/UnrealEngine/Common/DerivedDataCache/Buckets/LegacyDIST/9a/80/b9596f431a11bcc87081c0618a502430e7e9.udd" 7070
"C:/Users/Abies/AppData/Local/UnrealEngine/Common/DerivedDataCache/Buckets/LegacyTEXTURE/76/d1/35ecae10493de790bee1a8ff425d0051cb18.udd" 7071
"C:/Users/Abies/AppData/Local/UnrealEngine/Common/DerivedDataCache/Buckets/LegacyTEXTURE/c1/da/6fe491784221046ff0509686deca3f325e73.udd" 7072
"C:/Users/Abies/AppData/Local/UnrealEngine/Common/DerivedDataCache/Buckets/LegacyTEXTURE/f8/9d/211e6a39a36e541fbdf86fb238e0f114c711.udd" 7073
"C:/Users/Abies/AppData/Local/UnrealEngine/Common/DerivedDataCache/Content/cc/b6/00ee11baa0ca108ee06a616d683bc4b46713.udd" 7074
"C:/Users/Abies/AppData/Local/UnrealEngine/Common/DerivedDataCache/Buckets/LegacyTEXTURE/11/5c/0e94a89b712e578eebdb7e88e5ad25c4115f.udd" 7075
"../../../../../../Users/Abies/Documents/Unreal Projects/MyProject2/Content/StarterContent/Textures/T_Wood_Pine_D.uasset" 7076
"C:/Users/Abies/AppData/Local/UnrealEngine/Common/DerivedDataCache/Buckets/LegacyCARD/31/77/abbf3f0b088aa0b300184648ad60ae42b0d8.udd" 7077
"C:/Users/Abies/AppData/Local/UnrealEngine/Common/DerivedDataCache/Buckets/LegacyTEXTURE/e6/0c/6138188780cfaa476e22dbea82e36448e56a.udd" 7078
"C:/Users/Abies/AppData/Local/UnrealEngine/Common/DerivedDataCache/Buckets/LegacyTEXTURE/8a/73/fcb113940edf530c2fda335068c5ebe80b41.udd" 7079
"C:/Users/Abies/AppData/Local/UnrealEngine/Common/DerivedDataCache/Content/d6/7d/1a5602bedc0c33030653d4cfffeba9396800.udd" 7080
"C:/Users/Abies/AppData/Local/UnrealEngine/Common/DerivedDataCache/Buckets/LegacyTEXTURE/af/70/db6de7bb7c804f756d78e42f8e04e7e9aefb.udd" 7081
"C:/Users/Abies/AppData/Local/UnrealEngine/Common/DerivedDataCache/Buckets/LegacyTEXTURE/17/51/2128933876ae7ac2964cb78ed94b3bb546cc.udd" 7082
"../../../../../../Users/Abies/Documents/Unreal Projects/MyProject2/Content/StarterContent/Textures/T_Water_N.uasset" 7083
"../../../../../../Users/Abies/Documents/Unreal Projects/MyProject2/Content/StarterContent/Textures/T_Wood_Floor_Walnut_D.uasset" 7084
"C:/Users/Abies/AppData/Local/UnrealEngine/Common/DerivedDataCache/Buckets/LegacyCARD/66/e6/5e45bb5f6527868bfafd2e11bb705af3ec55.udd" 7085
"C:/Users/Abies/AppData/Local/UnrealEngine/Common/DerivedDataCache/Buckets/LegacyTEXTURE/69/d6/e5028b7ade2324ab9ad21491f4b3fcffcf90.udd" 7086
"C:/Users/Abies/AppData/Local/UnrealEngine/Common/DerivedDataCache/Buckets/LegacyTEXTURE/74/55/2ec11d52d0aabfe4c9a89d9f827e4c4936f7.udd" 7087
"C:/Users/Abies/AppData/Local/UnrealEngine/Common/DerivedDataCache/Buckets/LegacyTEXTURE/3b/03/6a198fc8921c44ce009d35596b083387ffeb.udd" 7088
"C:/Users/Abies/AppData/Local/UnrealEngine/Common/DerivedDataCache/Buckets/LegacyTEXTURE/5f/99/d11c2f54edb56dfe0631fec8a6c972171a4e.udd" 7089
"C:/Users/Abies/AppData/Local/UnrealEngine/Common/DerivedDataCache/Buckets/LegacyTEXTURE/d7/87/8eb1990e7068b755fc14b61559f44231b478.udd" 7090
"C:/Users/Abies/AppData/Local/UnrealEngine/Common/DerivedDataCache/Content/af/4a/c65d7f843404213c37b70a9c0f29ab7e0e17.udd" 7091
"../../../../../../Users/Abies/Documents/Unreal Projects/MyProject2/Content/StarterContent/Textures/T_Water_M.uasset" 7092
"C:/Users/Abies/AppData/Local/UnrealEngine/Common/DerivedDataCache/Buckets/LegacyTEXTURE/86/d7/b76193bfa2bd0962b7cdcb149510eaadb9a9.udd" 7093
"C:/Users/Abies/AppData/Local/UnrealEngine/Common/DerivedDataCache/Buckets/LegacyTEXTURE/e6/4e/316491fd875133d2008ecc2d1c1a03ee1724.udd" 7094
"C:/Users/Abies/AppData/Local/UnrealEngine/Common/DerivedDataCache/Content/67/f7/502a487b317b6aa64009fc0de9597b56cb66.udd" 7095
"C:/Users/Abies/AppData/Local/UnrealEngine/Common/DerivedDataCache/Buckets/LegacyTEXTURE/5d/af/8dfcc9bcc0bb2fecc8819c0162730b4adba2.udd" 7096
"C:/Users/Abies/AppData/Local/UnrealEngine/Common/DerivedDataCache/Buckets/LegacyTEXTURE/4f/45/623df9dbd9b2e0969051a857fd576dd29d29.udd" 7097
"C:/Users/Abies/AppData/Local/UnrealEngine/Common/DerivedDataCache/Buckets/LegacyTEXTURE/d1/1b/1091c0edfb7755ffeaaaf68408c3ecf7c5d3.udd" 7098
"../../../../../../Users/Abies/Documents/Unreal Projects/MyProject2/Content/StarterContent/Textures/T_Tech_Panel_N.uasset" 7099
"C:/Users/Abies/AppData/Local/UnrealEngine/Common/DerivedDataCache/Buckets/LegacyTEXTURE/c4/51/49e4d2ea27027e9a2a79a334064eaaf15dd4.udd" 7100
"C:/Users/Abies/AppData/Local/UnrealEngine/Common/DerivedDataCache/Buckets/LegacyTEXTURE/9e/a2/14f4cc8f4d05223a6b1ce5abbaee76fda1ed.udd" 7101
"C:/Users/Abies/AppData/Local/UnrealEngine/Common/DerivedDataCache/Buckets/LegacyTEXTURE/cd/66/ee571f184d8bbe1914d9dec1f8eb696bb40c.udd" 7102
"C:/Users/Abies/AppData/Local/UnrealEngine/Common/DerivedDataCache/Buckets/LegacyTEXTURE/25/83/f15ae9bc8d0cf3eeb15c5ed0b1277cc7cca3.udd" 7103
"C:/Users/Abies/AppData/Local/UnrealEngine/Common/DerivedDataCache/Buckets/LegacyTEXTURE/94/b2/ec3fd02690df5aa6c88adc244135926ede0c.udd" 7104
"C:/Users/Abies/AppData/Local/UnrealEngine/Common/DerivedDataCache/Buckets/LegacyTEXTURE/83/af/e61dc9a3e46101008052dc40e50e521c118c.udd" 7105
"C:/Users/Abies/AppData/Local/UnrealEngine/Common/DerivedDataCache/Buckets/LegacyTEXTURE/64/e5/f05f930ec1b7089d9d336c4ec0401d08ccec.udd" 7106
"C:/Users/Abies/AppData/Local/UnrealEngine/Common/DerivedDataCache/Buckets/LegacyTEXTURE/19/9e/6fc66f822177e108dba801fc9a6442c1dbd4.udd" 7107
"C:/Users/Abies/AppData/Local/UnrealEngine/Common/DerivedDataCache/Buckets/LegacyTEXTURE/d8/36/99c888ae965eca10f5f585d6093bddd6fbdc.udd" 7108
"../../../../../../Users/Abies/Documents/Unreal Projects/MyProject2/Content/StarterContent/Textures/T_Tech_Panel_M.uasset" 7109
"C:/Users/Abies/AppData/Local/UnrealEngine/Common/DerivedDataCache/Buckets/LegacyTEXTURE/32/7b/9b2d25a2c8c3de819902b7188e9c2459ddf8.udd" 7110
"C:/Users/Abies/AppData/Local/UnrealEngine/Common/DerivedDataCache/Buckets/LegacyTEXTURE/48/eb/5dbf31ae4f63eff829ff57389428409b5435.udd" 7111
"C:/Users/Abies/AppData/Local/UnrealEngine/Common/DerivedDataCache/Buckets/LegacyTEXTURE/d7/83/672306eade7533733491fc66d47e87d2179f.udd" 7112
"C:/Users/Abies/AppData/Local/UnrealEngine/Common/DerivedDataCache/Buckets/LegacyTEXTURE/bd/2a/c7577344f327700d1cc92a2a91b3e943fc3f.udd" 7113
"../../../../../../Users/Abies/Documents/Unreal Projects/MyProject2/Content/StarterContent/Textures/T_Tech_Hex_Tile_N.uasset" 7114
"../../../../../../Users/Abies/Documents/Unreal Projects/MyProject2/Content/StarterContent/Textures/T_Tech_Hex_Tile_M.uasset" 7115
"C:/Users/Abies/AppData/Local/UnrealEngine/Common/DerivedDataCache/Buckets/LegacyTEXTURE/b1/63/3cc556823f9a53282ee62089264eba8b1bd0.udd" 7116
"C:/Users/Abies/AppData/Local/UnrealEngine/Common/DerivedDataCache/Buckets/LegacyTEXTURE/a1/c6/49eadae3b62a99f5f1dcdcfad37bbac274d2.udd" 7117
"C:/Users/Abies/AppData/Local/UnrealEngine/Common/DerivedDataCache/Buckets/LegacyTEXTURE/7f/b5/75945fbf78e859732f48e10a1268837edc21.udd" 7118
"../../../../../../Users/Abies/Documents/Unreal Projects/MyProject2/Content/StarterContent/Textures/T_Tech_Dot_N.uasset" 7119
"C:/Users/Abies/AppData/Local/UnrealEngine/Common/DerivedDataCache/Buckets/LegacyTEXTURE/da/64/e722046ed05c0d443bea30c8c0d31bb80677.udd" 7120
"C:/Users/Abies/AppData/Local/UnrealEngine/Common/DerivedDataCache/Buckets/LegacyTEXTURE/e8/05/d02f661b7f55eb21670787f239bda6917cd6.udd" 7121
"../../../../../../Users/Abies/Documents/Unreal Projects/MyProject2/Content/StarterContent/Textures/T_Tech_Dot_M.uasset" 7122
"C:/Users/Abies/AppData/Local/UnrealEngine/Common/DerivedDataCache/Buckets/LegacyTEXTURE/74/11/fefa5b98813332755a90f4843c06fb81c1ec.udd" 7123
"C:/Users/Abies/AppData/Local/UnrealEngine/Common/DerivedDataCache/Buckets/LegacyTEXTURE/58/bc/debb3ec79fc6f8ceaceff143e88e68349145.udd" 7124
"C:/Users/Abies/AppData/Local/UnrealEngine/Common/DerivedDataCache/Buckets/LegacyTEXTURE/01/1d/bddaffc0a090d03ddd61960091630adcdf15.udd" 7125
"C:/Users/Abies/AppData/Local/UnrealEngine/Common/DerivedDataCache/Buckets/LegacyTEXTURE/c5/36/787d18bbd8aef88a401b85c620b1eb2734a1.udd" 7126
"C:/Users/Abies/AppData/Local/UnrealEngine/Common/DerivedDataCache/Buckets/LegacyTEXTURE/fc/9a/9bb6f097847ff90653f7fd7df57fbbf6c81e.udd" 7127
"C:/Users/Abies/AppData/Local/UnrealEngine/Common/DerivedDataCache/Buckets/LegacyTEXTURE/db/e7/24eecf0f5075d53d84f78075d02b355ad400.udd" 7128
"C:/Users/Abies/AppData/Local/UnrealEngine/Common/DerivedDataCache/Buckets/LegacyTEXTURE/f4/4f/e0e8ad433ef6b45486f2acd23cb1f7742cf0.udd" 7129
"C:/Users/Abies/AppData/Local/UnrealEngine/Common/DerivedDataCache/Buckets/LegacyTEXTURE/bf/14/86c249f77d9d8598d49e8bd6c9847db163ae.udd" 7130
"../../../../../../Users/Abies/Documents/Unreal Projects/MyProject2/Content/StarterContent/Textures/T_TableRound_N.uasset" 7131
"C:/Users/Abies/AppData/Local/UnrealEngine/Common/DerivedDataCache/Buckets/LegacyCARD/97/48/aa82777f4a5f11c1f014102fab2af7e3c503.udd" 7132
"C:/Users/Abies/AppData/Local/UnrealEngine/Common/DerivedDataCache/Buckets/LegacyTEXTURE/8f/24/e7536b65b406155cd7ae587da44d0f064cc1.udd" 7133
"C:/Users/Abies/AppData/Local/UnrealEngine/Common/DerivedDataCache/Buckets/LegacyTEXTURE/51/95/7bfad222330f31c6e5d41f301330c220fad7.udd" 7134
"C:/Users/Abies/AppData/Local/UnrealEngine/Common/DerivedDataCache/Buckets/LegacyTEXTURE/fb/67/b0dd5f8e55a43b8559aea4854e89d00d62bc.udd" 7135
"C:/Users/Abies/AppData/Local/UnrealEngine/Common/DerivedDataCache/Buckets/LegacyTEXTURE/69/7d/516f5559f9b6201d5fd30f87390d8e18d8a9.udd" 7136
"../../../../../../Users/Abies/Documents/Unreal Projects/MyProject2/Content/StarterContent/Textures/T_Statue_N.uasset" 7137
"../../../../../../Users/Abies/Documents/Unreal Projects/MyProject2/Content/StarterContent/Textures/T_TableRound_M.uasset" 7138
"C:/Users/Abies/AppData/Local/UnrealEngine/Common/DerivedDataCache/Buckets/LegacyCARD/3d/ac/216df5c2f02577057ca1eea8d79bed7d3ae9.udd" 7139
"C:/Users/Abies/AppData/Local/UnrealEngine/Common/DerivedDataCache/Buckets/LegacyTEXTURE/5a/a2/4a76ab8600ff1b4c9b930e8cc40f05988809.udd" 7140
"C:/Users/Abies/AppData/Local/UnrealEngine/Common/DerivedDataCache/Buckets/LegacyTEXTURE/50/a3/b1a0b98270585d209b2171a199ad1838a530.udd" 7141
"C:/Users/Abies/AppData/Local/UnrealEngine/Common/DerivedDataCache/Buckets/LegacyTEXTURE/37/1d/b956638135a05b7f1d500999e562992cfdf0.udd" 7142
"C:/Users/Abies/AppData/Local/UnrealEngine/Common/DerivedDataCache/Buckets/LegacyTEXTURE/80/18/dc3dae6eff24545845e075fcab78fc4f58c2.udd" 7143
"C:/Users/Abies/AppData/Local/UnrealEngine/Common/DerivedDataCache/Buckets/LegacyTEXTURE/5e/da/196df238c1583ebd9c215971024313b260e6.udd" 7144
"../../../../../../Users/Abies/Documents/Unreal Projects/MyProject2/Content/StarterContent/Textures/T_Statue_M.uasset" 7145
"C:/Users/Abies/AppData/Local/UnrealEngine/Common/DerivedDataCache/Buckets/LegacyTEXTURE/2a/19/7ae75409c060526416c6455de5de016e1674.udd" 7146
"../../../../../../Users/Abies/Documents/Unreal Projects/MyProject2/Content/StarterContent/Textures/T_Spark_Core.uasset" 7147
"C:/Users/Abies/AppData/Local/UnrealEngine/Common/DerivedDataCache/Buckets/LegacyTEXTURE/18/16/9996bdd56ab193837b5c6275fe16e176ec15.udd" 7148
"C:/Users/Abies/AppData/Local/UnrealEngine/Common/DerivedDataCache/Buckets/LegacyTEXTURE/f0/65/edc9cf5adc13f2ffdc5d3c00bf5fc7a0a4e2.udd" 7149
"C:/Users/Abies/AppData/Local/UnrealEngine/Common/DerivedDataCache/Buckets/LegacyTEXTURE/2a/1a/ed7bf398ba0714cf85f40590d3e743a663a8.udd" 7150
"C:/Users/Abies/AppData/Local/UnrealEngine/Common/DerivedDataCache/Buckets/LegacyTEXTURE/b3/fd/8a8040a3a4f348287e5d32f4a1b54cab9d11.udd" 7151
"C:/Users/Abies/AppData/Local/UnrealEngine/Common/DerivedDataCache/Buckets/LegacyTEXTURE/da/da/17c13307406c60fc425b3b4e3f804c964379.udd" 7152
"C:/Users/Abies/AppData/Local/UnrealEngine/Common/DerivedDataCache/Buckets/LegacyTEXTURE/1a/83/851c9368bbc2c6edb4a669158110b5d364c7.udd" 7153
"C:/Users/Abies/AppData/Local/UnrealEngine/Common/DerivedDataCache/Buckets/LegacyTEXTURE/3d/d0/cc5b066fc0a2997bd1ef6b6f63fa965fd0da.udd" 7154
"C:/Users/Abies/AppData/Local/UnrealEngine/Common/DerivedDataCache/Buckets/LegacyTEXTURE/a7/17/a308c7a33c67d505e1314c3c369d06b03317.udd" 7155
"../../../../../../Users/Abies/Documents/Unreal Projects/MyProject2/Content/StarterContent/Textures/T_Smoke_Tiled_D.uasset" 7156
"C:/Users/Abies/AppData/Local/UnrealEngine/Common/DerivedDataCache/Buckets/LegacyTEXTURE/6b/63/80c294bc9fe3762095d87e14226ef8ea747b.udd" 7157
"../../../../../../Users/Abies/Documents/Unreal Projects/MyProject2/Content/StarterContent/Textures/T_Smoke_SubUV.uasset" 7158
"C:/Users/Abies/AppData/Local/UnrealEngine/Common/DerivedDataCache/Buckets/LegacyTEXTURE/b5/64/dabb5c551a6e4aef48d150e2dcebbb7b8e30.udd" 7159
"C:/Users/Abies/AppData/Local/UnrealEngine/Common/DerivedDataCache/Buckets/LegacyTEXTURE/62/a9/1f1f92487c0d4e9d708aa5a2538832f612a7.udd" 7160
"../../../../../../Users/Abies/Documents/Unreal Projects/MyProject2/Content/StarterContent/Textures/T_Shelf_N.uasset" 7161
"../../../../../../Users/Abies/Documents/Unreal Projects/MyProject2/Content/StarterContent/Textures/T_Shelf_M.uasset" 7162
"C:/Users/Abies/AppData/Local/UnrealEngine/Common/DerivedDataCache/Buckets/LegacyTEXTURE/69/ee/5ef47d836ecec2e2ffad766ace666c1d414f.udd" 7163
"C:/Users/Abies/AppData/Local/UnrealEngine/Common/DerivedDataCache/Buckets/LegacyTEXTURE/0b/dc/dda384f1419971c6ac462175fbe2bd53fdf5.udd" 7164
"C:/Users/Abies/AppData/Local/UnrealEngine/Common/DerivedDataCache/Buckets/LegacyTEXTURE/53/85/15c25215d88d2bbf94782d5da9f2b0c92f0b.udd" 7165
"C:/Users/Abies/AppData/Local/UnrealEngine/Common/DerivedDataCache/Buckets/LegacyTEXTURE/2c/ea/fd048d568e8f930ac719cd2ea44fd07b82a2.udd" 7166
"C:/Users/Abies/AppData/Local/UnrealEngine/Common/DerivedDataCache/Buckets/LegacyTEXTURE/ac/a2/cd4e59e51813ced303c0ac90a2e7be70750c.udd" 7167
"C:/Users/Abies/AppData/Local/UnrealEngine/Common/DerivedDataCache/Buckets/LegacyTEXTURE/c2/36/8489eeffe0f3eeff43b7d88544d514803ec6.udd" 7168
"C:/Users/Abies/AppData/Local/UnrealEngine/Common/DerivedDataCache/Buckets/LegacyTEXTURE/f1/d9/f0b20205c94334616ae6b42e9a3b9bd22ad4.udd" 7169
"C:/Users/Abies/AppData/Local/UnrealEngine/Common/DerivedDataCache/Buckets/LegacyTEXTURE/8a/98/e8dfd3ff0544d0c35b99d294c92524ce2f6c.udd" 7170
"C:/Users/Abies/AppData/Local/UnrealEngine/Common/DerivedDataCache/Buckets/LegacyTEXTURE/50/73/e53da160c89661effcb3d3274c86042f6c35.udd" 7171
"C:/Users/Abies/AppData/Local/UnrealEngine/Common/DerivedDataCache/Buckets/LegacyTEXTURE/d6/f1/7fae2a53ab2a218898d0f6353e606c75a5b4.udd" 7172
"C:/Users/Abies/AppData/Local/UnrealEngine/Common/DerivedDataCache/Buckets/LegacyTEXTURE/b8/8c/23f85392ed4c570d8a726bbe428bd1d8405d.udd" 7173
"C:/Users/Abies/AppData/Local/UnrealEngine/Common/DerivedDataCache/Buckets/LegacyTEXTURE/36/2e/853fe5fcf4b9a213852ad1ab0ba20495fd89.udd" 7174
"C:/Users/Abies/AppData/Local/UnrealEngine/Common/DerivedDataCache/Buckets/LegacyTEXTURE/4c/d4/ceabce4f92fedb8e0f6589cb4dea840a685f.udd" 7175
"C:/Users/Abies/AppData/Local/UnrealEngine/Common/DerivedDataCache/Buckets/LegacyTEXTURE/4a/13/3d624232e94441d6911966de65940518e829.udd" 7176
"../../../../../../Users/Abies/Documents/Unreal Projects/MyProject2/Content/StarterContent/Textures/T_Rock_Smooth_Granite_D.uasset" 7177
"C:/Users/Abies/AppData/Local/UnrealEngine/Common/DerivedDataCache/Buckets/LegacyCARD/32/ad/9bd2e5b7b12a46b9df248a0b366eedc74aa7.udd" 7178
"C:/Users/Abies/AppData/Local/UnrealEngine/Common/DerivedDataCache/Buckets/LegacyTEXTURE/b7/79/a922fd80d1e0854a2507b9c39bf3491d6352.udd" 7179
"C:/Users/Abies/AppData/Local/UnrealEngine/Common/DerivedDataCache/Content/db/14/4fd4628957992d18cc6c14465868ff9efcdb.udd" 7180
"C:/Users/Abies/AppData/Local/UnrealEngine/Common/DerivedDataCache/Buckets/LegacyTEXTURE/45/b3/455deb65e2e95f92ca934e957b5c7d8d87eb.udd" 7181
"C:/Users/Abies/AppData/Local/UnrealEngine/Common/DerivedDataCache/Buckets/LegacyTEXTURE/d5/98/653725f036058a1f960af82f472eebefdc66.udd" 7182
"C:/Users/Abies/AppData/Local/UnrealEngine/Common/DerivedDataCache/Buckets/LegacyTEXTURE/94/42/6f2ef54b667b9af53ed2aed3917db928dc37.udd" 7183
"C:/Users/Abies/AppData/Local/UnrealEngine/Common/DerivedDataCache/Buckets/LegacyTEXTURE/50/99/11222d76749f9225e1adf561477885e4d8cf.udd" 7184
"../../../../../../Users/Abies/Documents/Unreal Projects/MyProject2/Content/StarterContent/Textures/T_Rock_Slate_D.uasset" 7185
"../../../../../../Users/Abies/Documents/Unreal Projects/MyProject2/Content/StarterContent/Textures/T_Rock_Slate_N.uasset" 7186
"C:/Users/Abies/AppData/Local/UnrealEngine/Common/DerivedDataCache/Buckets/LegacyCARD/ca/12/cca34f5350186f87436498b832057f3ff62f.udd" 7187
"C:/Users/Abies/AppData/Local/UnrealEngine/Common/DerivedDataCache/Buckets/LegacyTEXTURE/a0/29/832a94bad6626bd1c8873e4472142e07c189.udd" 7188
"C:/Users/Abies/AppData/Local/UnrealEngine/Common/DerivedDataCache/Content/6c/8d/827382f26048812147d6c6c46da893dd9cff.udd" 7189
"C:/Users/Abies/AppData/Local/UnrealEngine/Common/DerivedDataCache/Buckets/LegacyTEXTURE/0b/6a/b3c2f87aeb03f070076efc85c8747a721f18.udd" 7190
"C:/Users/Abies/AppData/Local/UnrealEngine/Common/DerivedDataCache/Buckets/LegacyTEXTURE/87/94/469ed7daf59d34fbf9d3ca27b48a0d7aa0e7.udd" 7191
"C:/Users/Abies/AppData/Local/UnrealEngine/Common/DerivedDataCache/Buckets/LegacyTEXTURE/51/d3/ecea58e19c2ba2e571daa1c3605fdcdfbd0f.udd" 7192
"C:/Users/Abies/AppData/Local/UnrealEngine/Common/DerivedDataCache/Buckets/LegacyTEXTURE/6c/c3/a236302e0ff542020ee68894e2cf25def84c.udd" 7193
"../../../../../../Users/Abies/Documents/Unreal Projects/MyProject2/Content/StarterContent/Textures/T_Rock_Sandstone_N.uasset" 7194
"C:/Users/Abies/AppData/Local/UnrealEngine/Common/DerivedDataCache/Buckets/LegacyTEXTURE/2a/d2/d754932b8a38be1c004b67e4478b2044ec20.udd" 7195
"C:/Users/Abies/AppData/Local/UnrealEngine/Common/DerivedDataCache/Content/ad/6c/be4e10646c22eb25f86a9b569fd74e2e7340.udd" 7196
"C:/Users/Abies/AppData/Local/UnrealEngine/Common/DerivedDataCache/Buckets/LegacyTEXTURE/c3/d5/dd163472159dbf0a921b453361e68a65888e.udd" 7197
"C:/Users/Abies/AppData/Local/UnrealEngine/Common/DerivedDataCache/Buckets/LegacyTEXTURE/90/10/9797ee70a6c2d09f5565fe4f56e53bd09b9f.udd" 7198
"C:/Users/Abies/AppData/Local/UnrealEngine/Common/DerivedDataCache/Buckets/LegacyTEXTURE/06/ca/03c5d9ac151af46c3af2ad2cd19d839604e8.udd" 7199
"C:/Users/Abies/AppData/Local/UnrealEngine/Common/DerivedDataCache/Buckets/LegacyTEXTURE/35/3d/238aa2eff85ceb2e261e4cba1424b0d08be9.udd" 7200
"../../../../../../Users/Abies/Documents/Unreal Projects/MyProject2/Content/StarterContent/Textures/T_Rock_Sandstone_D.uasset" 7201
"C:/Users/Abies/AppData/Local/UnrealEngine/Common/DerivedDataCache/Buckets/LegacyTEXTURE/28/14/dbf1d162bdfb496d598339d2c834b5b6257b.udd" 7202
"C:/Users/Abies/AppData/Local/UnrealEngine/Common/DerivedDataCache/Buckets/LegacyTEXTURE/16/3b/f78d9993fc1b48781c5b8ed48975e3d25ec7.udd" 7203
"C:/Users/Abies/AppData/Local/UnrealEngine/Common/DerivedDataCache/Content/e3/a0/1c7918415b642715c0adf381ef84fda85af9.udd" 7204
"C:/Users/Abies/AppData/Local/UnrealEngine/Common/DerivedDataCache/Buckets/LegacyTEXTURE/e6/95/6520a0608fd6104753ff050747cdf166e8ef.udd" 7205
"C:/Users/Abies/AppData/Local/UnrealEngine/Common/DerivedDataCache/Buckets/LegacyTEXTURE/9f/90/f828cd52dab68772635dfebc7c7598065ea7.udd" 7206
"C:/Users/Abies/AppData/Local/UnrealEngine/Common/DerivedDataCache/Buckets/LegacyTEXTURE/60/d6/d58a43bded586689a8a351d18101526c70bd.udd" 7207
"C:/Users/Abies/AppData/Local/UnrealEngine/Common/DerivedDataCache/Buckets/LegacyTEXTURE/8a/28/401e718d2712eccee777424c2f4b0252eda3.udd" 7208
"C:/Users/Abies/AppData/Local/UnrealEngine/Common/DerivedDataCache/Buckets/LegacyTEXTURE/a2/56/c125d04f41d0f6c886cf3cfaf48e3543c387.udd" 7209
"C:/Users/Abies/AppData/Local/UnrealEngine/Common/DerivedDataCache/Buckets/LegacyTEXTURE/6d/c6/b5a4172feadcaa03d7acb0a61adaf1df51d8.udd" 7210
"C:/Users/Abies/AppData/Local/UnrealEngine/Common/DerivedDataCache/Buckets/LegacyTEXTURE/3d/f4/2a937b6372f69bb008d20c88f55b92dcda6d.udd" 7211
"../../../../../../Users/Abies/Documents/Unreal Projects/MyProject2/Content/StarterContent/Textures/T_Rock_Marble_Polished_D.uasset" 7212
"../../../../../../Users/Abies/Documents/Unreal Projects/MyProject2/Content/StarterContent/Textures/T_Rock_Basalt_N.uasset" 7213
"C:/Users/Abies/AppData/Local/UnrealEngine/Common/DerivedDataCache/Buckets/LegacyCARD/60/d1/ef62dbe25e542e9818e3700f4aa87a72e977.udd" 7214
"C:/Users/Abies/AppData/Local/UnrealEngine/Common/DerivedDataCache/Buckets/LegacyTEXTURE/c6/08/6241f21deb6eb595a263a640b411fbd38c35.udd" 7215
"C:/Users/Abies/AppData/Local/UnrealEngine/Common/DerivedDataCache/Content/f7/12/9aecf5c3a61f7719661820b4814abcb097e1.udd" 7216
"C:/Users/Abies/AppData/Local/UnrealEngine/Common/DerivedDataCache/Buckets/LegacyTEXTURE/3d/3e/596913a0227fa68304e0d832cf44c4f40586.udd" 7217
"C:/Users/Abies/AppData/Local/UnrealEngine/Common/DerivedDataCache/Buckets/LegacyTEXTURE/09/44/e4143cab762de22960cc85bfaf1632ce7a53.udd" 7218
"C:/Users/Abies/AppData/Local/UnrealEngine/Common/DerivedDataCache/Buckets/LegacyTEXTURE/ca/b7/22f8f391d1cbc8c0f832cfeb821db9d35314.udd" 7219
"C:/Users/Abies/AppData/Local/UnrealEngine/Common/DerivedDataCache/Buckets/LegacyTEXTURE/6b/6f/03b7ac0250c9bf6bb05afed08302568f1486.udd" 7220
"../../../../../../Users/Abies/Documents/Unreal Projects/MyProject2/Content/StarterContent/Textures/T_Rock_Basalt_D.uasset" 7221
"C:/Users/Abies/AppData/Local/UnrealEngine/Common/DerivedDataCache/Buckets/LegacyTEXTURE/22/f9/f332c69bffbd24725ae62f5ced508ff98266.udd" 7222
"C:/Users/Abies/AppData/Local/UnrealEngine/Common/DerivedDataCache/Content/84/dc/7958700c2fde93968b480d91c247316a209c.udd" 7223
"C:/Users/Abies/AppData/Local/UnrealEngine/Common/DerivedDataCache/Buckets/LegacyTEXTURE/ef/3a/dc185f6353ff3f772c176631f5009f934f6d.udd" 7224
"C:/Users/Abies/AppData/Local/UnrealEngine/Common/DerivedDataCache/Buckets/LegacyTEXTURE/18/a3/6f364be842b518c6b850fce33b25ac71ce12.udd" 7225
"C:/Users/Abies/AppData/Local/UnrealEngine/Common/DerivedDataCache/Buckets/LegacyTEXTURE/14/1d/6a398da2e7ed064d5b58965b40537c922b4a.udd" 7226
"../../../../../../Users/Abies/Documents/Unreal Projects/MyProject2/Content/StarterContent/Textures/T_RockMesh_N.uasset" 7227
"../../../../../../Users/Abies/Documents/Unreal Projects/MyProject2/Content/StarterContent/Textures/T_RockMesh_M.uasset" 7228
"C:/Users/Abies/AppData/Local/UnrealEngine/Common/DerivedDataCache/Buckets/LegacyTEXTURE/da/f7/dbfb57341dfef4b6d5cce55eeffdb15b9bc4.udd" 7229
"C:/Users/Abies/AppData/Local/UnrealEngine/Common/DerivedDataCache/Buckets/LegacyTEXTURE/f4/10/358f0f7b9ae8e1740f1600ea5b621f58b003.udd" 7230
"C:/Users/Abies/AppData/Local/UnrealEngine/Common/DerivedDataCache/Buckets/LegacyTEXTURE/36/ef/f86ea88611c08dd4a686c90e7de44060c445.udd" 7231
"../../../../../../Users/Abies/Documents/Unreal Projects/MyProject2/Content/StarterContent/Textures/T_Perlin_Noise_M.uasset" 7232
"C:/Users/Abies/AppData/Local/UnrealEngine/Common/DerivedDataCache/Buckets/LegacyTEXTURE/2d/4e/04bee418c3d4e278e1d1c810267ceee3e953.udd" 7233
"C:/Users/Abies/AppData/Local/UnrealEngine/Common/DerivedDataCache/Buckets/LegacyTEXTURE/03/80/169dc38eaa2cb41e9e1237d9f9b50dff5d8f.udd" 7234
"C:/Users/Abies/AppData/Local/UnrealEngine/Common/DerivedDataCache/Buckets/LegacyTEXTURE/36/ee/6db76097f72c8d81d618d8944d1ea35479c7.udd" 7235
"C:/Users/Abies/AppData/Local/UnrealEngine/Common/DerivedDataCache/Buckets/LegacyTEXTURE/c8/3e/65f72d93748330a9531edf2a4f4545f20b09.udd" 7236
"C:/Users/Abies/AppData/Local/UnrealEngine/Common/DerivedDataCache/Buckets/LegacyCARD/34/29/7957453243a10d35bcd5710a9f9fd197e978.udd" 7237
"C:/Users/Abies/AppData/Local/UnrealEngine/Common/DerivedDataCache/Buckets/LegacyTEXTURE/70/51/6af28ea43691f5df83c17b598dd49b6909f9.udd" 7238
"C:/Users/Abies/AppData/Local/UnrealEngine/Common/DerivedDataCache/Buckets/LegacyTEXTURE/7d/8f/21ef36e402b8d3462e3e6ecd723518c4d0c3.udd" 7239
"C:/Users/Abies/AppData/Local/UnrealEngine/Common/DerivedDataCache/Buckets/LegacyTEXTURE/10/a2/287ac370cd7d20a7d8b39c1af41487486e3e.udd" 7240
"../../../../../../Users/Abies/Documents/Unreal Projects/MyProject2/Content/StarterContent/Textures/T_Metal_Steel_N.uasset" 7241
"C:/Users/Abies/AppData/Local/UnrealEngine/Common/DerivedDataCache/Buckets/LegacyTEXTURE/9e/d2/5fda3c01ed3b091efbd4d5f03baacb393ef4.udd" 7242
"C:/Users/Abies/AppData/Local/UnrealEngine/Common/DerivedDataCache/Buckets/LegacyTEXTURE/b4/51/9323e491746d00e2d9e6287afcb2df001e83.udd" 7243
"C:/Users/Abies/AppData/Local/UnrealEngine/Common/DerivedDataCache/Buckets/LegacyTEXTURE/ce/13/323db2abe3750cd1d7b51540f7ac23523f47.udd" 7244
"C:/Users/Abies/AppData/Local/UnrealEngine/Common/DerivedDataCache/Buckets/LegacyTEXTURE/92/bd/b9de0b15b161b47f1e1158e0be6238236e9c.udd" 7245
"../../../../../../Users/Abies/Documents/Unreal Projects/MyProject2/Content/StarterContent/Textures/T_Metal_Steel_D.uasset" 7246
"../../../../../../Users/Abies/Documents/Unreal Projects/MyProject2/Content/StarterContent/Textures/T_Metal_Rust_N.uasset" 7247
"C:/Users/Abies/AppData/Local/UnrealEngine/Common/DerivedDataCache/Buckets/LegacyTEXTURE/b0/38/a149d8d17552e5c477f1b7c450fa513b6e5a.udd" 7248
"C:/Users/Abies/AppData/Local/UnrealEngine/Common/DerivedDataCache/Buckets/LegacyTEXTURE/87/8b/eb62adde1b94efbde65cda75e964b5257d99.udd" 7249
"C:/Users/Abies/AppData/Local/UnrealEngine/Common/DerivedDataCache/Buckets/LegacyTEXTURE/15/0a/3d9d46a6bd5ab07187174bf511800c9a7fac.udd" 7250
"C:/Users/Abies/AppData/Local/UnrealEngine/Common/DerivedDataCache/Buckets/LegacyTEXTURE/67/e5/38d5737d74af22b74e2ef8693be0cae7a0bb.udd" 7251
"C:/Users/Abies/AppData/Local/UnrealEngine/Common/DerivedDataCache/Buckets/LegacyTEXTURE/9a/7d/5e73870ab11f59cfc3af1dcdcdef23be8a9e.udd" 7252
"C:/Users/Abies/AppData/Local/UnrealEngine/Common/DerivedDataCache/Buckets/LegacyTEXTURE/b9/d3/bd9aaf0485bda825609d6177ebd41c50a4ff.udd" 7253
"C:/Users/Abies/AppData/Local/UnrealEngine/Common/DerivedDataCache/Buckets/LegacyTEXTURE/83/2b/c6eff6cfe0c5bf792db702ff294332234572.udd" 7254
"../../../../../../Users/Abies/Documents/Unreal Projects/MyProject2/Content/StarterContent/Textures/T_Metal_Rust_D.uasset" 7255
"C:/Users/Abies/AppData/Local/UnrealEngine/Common/DerivedDataCache/Buckets/LegacyTEXTURE/ed/e3/f91231e9287e9ded5b43e2dbdfcc8c373ce5.udd" 7256
"C:/Users/Abies/AppData/Local/UnrealEngine/Common/DerivedDataCache/Content/db/a9/0c4eb33d2e87db8bd59e21471f96f774fb4c.udd" 7257
"C:/Users/Abies/AppData/Local/UnrealEngine/Common/DerivedDataCache/Buckets/LegacyTEXTURE/7b/9b/e0d0511a0a3da699ddad5826764dfb847f29.udd" 7258
"C:/Users/Abies/AppData/Local/UnrealEngine/Common/DerivedDataCache/Buckets/LegacyTEXTURE/45/6d/294bc8fc90c3fc18d4aef2dd0d4ba679d373.udd" 7259
"C:/Users/Abies/AppData/Local/UnrealEngine/Common/DerivedDataCache/Buckets/LegacyTEXTURE/09/ee/f4b69fb444e50513e1da4031be2e47323fda.udd" 7260
"C:/Users/Abies/AppData/Local/UnrealEngine/Common/DerivedDataCache/Buckets/LegacyTEXTURE/c2/05/ea673eeae4cdf114d9091b4275e0f4393296.udd" 7261
"../../../../../../Users/Abies/Documents/Unreal Projects/MyProject2/Content/StarterContent/Textures/T_Metal_Gold_N.uasset" 7262
"C:/Users/Abies/AppData/Local/UnrealEngine/Common/DerivedDataCache/Buckets/LegacyTEXTURE/fb/66/1803edd50afc4009baa10579be51973a5352.udd" 7263
"C:/Users/Abies/AppData/Local/UnrealEngine/Common/DerivedDataCache/Content/ab/b6/2400f01ba2b1a1b06feb28ae0141cc138e15.udd" 7264
"C:/Users/Abies/AppData/Local/UnrealEngine/Common/DerivedDataCache/Buckets/LegacyTEXTURE/ff/b1/f478fa3b2f2fc0b227a1c6b62a5ee6823dd0.udd" 7265
"C:/Users/Abies/AppData/Local/UnrealEngine/Common/DerivedDataCache/Buckets/LegacyTEXTURE/90/57/a89b544b4b8a79fc9b043ea406a177bc06ad.udd" 7266
"C:/Users/Abies/AppData/Local/UnrealEngine/Common/DerivedDataCache/Buckets/LegacyTEXTURE/f8/f6/abf9474a4b40ed27bd1296bcceede0b6ee39.udd" 7267
"C:/Users/Abies/AppData/Local/UnrealEngine/Common/DerivedDataCache/Buckets/LegacyTEXTURE/4b/22/81e145e5ab231d7d1b4c4418018f897c2f18.udd" 7268
"../../../../../../Users/Abies/Documents/Unreal Projects/MyProject2/Content/StarterContent/Textures/T_Metal_Gold_D.uasset" 7269
"C:/Users/Abies/AppData/Local/UnrealEngine/Common/DerivedDataCache/Buckets/LegacyTEXTURE/d8/ef/f2c6c5ad3025448132c5f9cc1c9564219fcd.udd" 7270
"C:/Users/Abies/AppData/Local/UnrealEngine/Common/DerivedDataCache/Content/fd/3d/1beab7ec931c777d47a15b17949adbb4d385.udd" 7271
"C:/Users/Abies/AppData/Local/UnrealEngine/Common/DerivedDataCache/Buckets/LegacyTEXTURE/21/51/6b333044b89dbb4b513b072888d7372ab7d9.udd" 7272
"C:/Users/Abies/AppData/Local/UnrealEngine/Common/DerivedDataCache/Buckets/LegacyTEXTURE/15/b9/42d0af139be6725e8135094349a1f6fa7f12.udd" 7273
"C:/Users/Abies/AppData/Local/UnrealEngine/Common/DerivedDataCache/Buckets/LegacyTEXTURE/29/1f/4a97f9fe2a5c5f490a287829e666159de7a7.udd" 7274
"C:/Users/Abies/AppData/Local/UnrealEngine/Common/DerivedDataCache/Buckets/LegacyTEXTURE/0a/f0/445848d85aefdb5adb85a18518b1baaec835.udd" 7275
"../../../../../../Users/Abies/Documents/Unreal Projects/MyProject2/Content/StarterContent/Textures/T_Metal_Copper_D.uasset" 7276
"C:/Users/Abies/AppData/Local/UnrealEngine/Common/DerivedDataCache/Buckets/LegacyTEXTURE/5b/d3/b0f998cbe081d6f554cf9d70deb27234ceb4.udd" 7277
"C:/Users/Abies/AppData/Local/UnrealEngine/Common/DerivedDataCache/Buckets/LegacyTEXTURE/4c/ff/f0f1843549df52344b9dc87358d17c119af8.udd" 7278
"C:/Users/Abies/AppData/Local/UnrealEngine/Common/DerivedDataCache/Buckets/LegacyTEXTURE/95/6b/1351dcbd97da7f3511704d6fb35bbb3c0e82.udd" 7279
"C:/Users/Abies/AppData/Local/UnrealEngine/Common/DerivedDataCache/Buckets/LegacyTEXTURE/aa/f0/81c32a6cb91a9492614f39d9d84173c83f8e.udd" 7280
"C:/Users/Abies/AppData/Local/UnrealEngine/Common/DerivedDataCache/Buckets/LegacyTEXTURE/41/5c/8c4cc2ac90046a44bebbd8e77d2466a8286a.udd" 7281
"C:/Users/Abies/AppData/Local/UnrealEngine/Common/DerivedDataCache/Buckets/LegacyCARD/85/d9/82bbd9fb00102cd7d2be9281423184891c65.udd" 7282
"../../../../../../Users/Abies/Documents/Unreal Projects/MyProject2/Content/StarterContent/Textures/T_Metal_Aluminum_D.uasset" 7283
"C:/Users/Abies/AppData/Local/UnrealEngine/Common/DerivedDataCache/Buckets/LegacyTEXTURE/94/a9/fd41bb2e860b8a9de89b3ecf71686b1531a7.udd" 7284
"C:/Users/Abies/AppData/Local/UnrealEngine/Common/DerivedDataCache/Buckets/LegacyTEXTURE/39/3f/f898885c23b658c127de17ec3148f1765d4d.udd" 7285
"C:/Users/Abies/AppData/Local/UnrealEngine/Common/DerivedDataCache/Buckets/LegacyTEXTURE/e0/81/d33be6ac18a3a5addb339d79df434f168322.udd" 7286
"C:/Users/Abies/AppData/Local/UnrealEngine/Common/DerivedDataCache/Content/f2/30/30cebc194ed2da7bc871278980278ff25cf7.udd" 7287
"C:/Users/Abies/AppData/Local/UnrealEngine/Common/DerivedDataCache/Buckets/LegacyTEXTURE/24/01/24b7c9f1de24b036b3092e9054522fa8d0eb.udd" 7288
"C:/Users/Abies/AppData/Local/UnrealEngine/Common/DerivedDataCache/Buckets/LegacyTEXTURE/e5/e6/c755a45b236dbfe11d8c7f62490cd405aeaf.udd" 7289
"../../../../../../Users/Abies/Documents/Unreal Projects/MyProject2/Content/StarterContent/Textures/T_MacroVariation.uasset" 7290
"C:/Users/Abies/AppData/Local/UnrealEngine/Common/DerivedDataCache/Buckets/LegacyTEXTURE/d9/d8/61c23941bc8f0f117c3040d1bdcc460869b6.udd" 7291
"C:/Users/Abies/AppData/Local/UnrealEngine/Common/DerivedDataCache/Content/90/80/7c8c3ef89dac0b76aea6f7719a316a49fa4c.udd" 7292
"C:/Users/Abies/AppData/Local/UnrealEngine/Common/DerivedDataCache/Buckets/LegacyTEXTURE/2b/04/e188c4748601bc66bdf1edf1d2a6304a7d83.udd" 7293
"C:/Users/Abies/AppData/Local/UnrealEngine/Common/DerivedDataCache/Buckets/LegacyTEXTURE/1d/01/72b28aafadacaec1fc15474e7518dd4dbb8a.udd" 7294
"C:/Users/Abies/AppData/Local/UnrealEngine/Common/DerivedDataCache/Buckets/LegacyTEXTURE/c2/ed/df7e17f706261ff1f765cf31f20759241be5.udd" 7295
"C:/Users/Abies/AppData/Local/UnrealEngine/Common/DerivedDataCache/Buckets/LegacyTEXTURE/fe/09/d6bf321edee26398f4858b74e4f125fb9ba5.udd" 7296
"../../../../../../Users/Abies/Documents/Unreal Projects/MyProject2/Content/StarterContent/Textures/T_Lamp_N.uasset" 7297
"C:/Users/Abies/AppData/Local/UnrealEngine/Common/DerivedDataCache/Buckets/LegacyTEXTURE/36/f9/abb2f78a3fb28fdf675158bb982cdfb15b5f.udd" 7298
"C:/Users/Abies/AppData/Local/UnrealEngine/Common/DerivedDataCache/Content/ef/c8/9df4f98cc3f3f0ad0653be8fe8d484579772.udd" 7299
"C:/Users/Abies/AppData/Local/UnrealEngine/Common/DerivedDataCache/Buckets/LegacyTEXTURE/2d/03/20a9486fecebb9d8054fbd3ad97f931ffe1c.udd" 7300
"C:/Users/Abies/AppData/Local/UnrealEngine/Common/DerivedDataCache/Buckets/LegacyTEXTURE/78/f6/bead26294b390b77e4afc2d2e91a3d07d188.udd" 7301
"C:/Users/Abies/AppData/Local/UnrealEngine/Common/DerivedDataCache/Buckets/LegacyTEXTURE/84/c5/fb85426f8127f1e924b4856c103782f303e7.udd" 7302
"C:/Users/Abies/AppData/Local/UnrealEngine/Common/DerivedDataCache/Buckets/LegacyTEXTURE/77/d5/71b8c491de33af91aa08b92266993e033892.udd" 7303
"../../../../../../Users/Abies/Documents/Unreal Projects/MyProject2/Content/StarterContent/Textures/T_Lamp_M.uasset" 7304
"C:/Users/Abies/AppData/Local/UnrealEngine/Common/DerivedDataCache/Buckets/LegacyTEXTURE/19/4e/804f24c3fad04fcda37b5c1339e753b549af.udd" 7305
"C:/Users/Abies/AppData/Local/UnrealEngine/Common/DerivedDataCache/Buckets/LegacyTEXTURE/39/44/2c631903af8f4134aed68f0653333d855b97.udd" 7306
"C:/Users/Abies/AppData/Local/UnrealEngine/Common/DerivedDataCache/Buckets/LegacyTEXTURE/db/c9/89b5e93aca52dd445411e3c960159ee7b423.udd" 7307
"C:/Users/Abies/AppData/Local/UnrealEngine/Common/DerivedDataCache/Buckets/LegacyTEXTURE/c3/16/4687b956d1840930c4830fe8d52a91f55825.udd" 7308
"C:/Users/Abies/AppData/Local/UnrealEngine/Common/DerivedDataCache/Buckets/LegacyTEXTURE/b3/97/88f00920fbf1cb52d517fedded24881a0fa7.udd" 7309
"../../../../../../Users/Abies/Documents/Unreal Projects/MyProject2/Content/StarterContent/Textures/T_Ground_Moss_N.uasset" 7310
"C:/Users/Abies/AppData/Local/UnrealEngine/Common/DerivedDataCache/Buckets/LegacyTEXTURE/f0/9f/9438d749f4d7489d26929c8d6e5fca75304f.udd" 7311
"C:/Users/Abies/AppData/Local/UnrealEngine/Common/DerivedDataCache/Buckets/LegacyTEXTURE/aa/ac/1f4469bb90142cdc27c529c4c136e1e6aa88.udd" 7312
"C:/Users/Abies/AppData/Local/UnrealEngine/Common/DerivedDataCache/Buckets/LegacyTEXTURE/d9/62/98ccd5de07ea2a70a2944d8835cf7ac090f0.udd" 7313
"C:/Users/Abies/AppData/Local/UnrealEngine/Common/DerivedDataCache/Buckets/LegacyTEXTURE/59/69/0d06933c2334c4a57ec7ee81eb60fd6288d1.udd" 7314
"C:/Users/Abies/AppData/Local/UnrealEngine/Common/DerivedDataCache/Buckets/LegacyTEXTURE/85/1e/52865627278bf0e11e3c9ffa0c9cf305d131.udd" 7315
"../../../../../../Users/Abies/Documents/Unreal Projects/MyProject2/Content/StarterContent/Textures/T_ground_Moss_D.uasset" 7316
"C:/Users/Abies/AppData/Local/UnrealEngine/Common/DerivedDataCache/Buckets/LegacyTEXTURE/fb/6c/4913af110b934efdc629e0c664f7077fe5d0.udd" 7317
"C:/Users/Abies/AppData/Local/UnrealEngine/Common/DerivedDataCache/Buckets/LegacyTEXTURE/db/37/417666467a42c6e3a58d6741fc3c4117d2d2.udd" 7318
"C:/Users/Abies/AppData/Local/UnrealEngine/Common/DerivedDataCache/Buckets/LegacyTEXTURE/99/28/e4fb26c5c4e6bad1edcc9fc838da2160d6bd.udd" 7319
"../../../../../../Users/Abies/Documents/Unreal Projects/MyProject2/Content/StarterContent/Textures/T_Ground_Gravel_N.uasset" 7320
"C:/Users/Abies/AppData/Local/UnrealEngine/Common/DerivedDataCache/Buckets/LegacyTEXTURE/23/5a/3919d7ce97daa0531506d0bd123cb9018aec.udd" 7321
"C:/Users/Abies/AppData/Local/UnrealEngine/Common/DerivedDataCache/Content/fe/ef/cd802a08cadab004b514e84379f9ff094d5d.udd" 7322
"C:/Users/Abies/AppData/Local/UnrealEngine/Common/DerivedDataCache/Buckets/LegacyTEXTURE/68/37/71965d043394cd00381dc49be53a99fcdb83.udd" 7323
"C:/Users/Abies/AppData/Local/UnrealEngine/Common/DerivedDataCache/Buckets/LegacyTEXTURE/e0/a0/f3b4281701bc566cc012aaef7fa1f9206b40.udd" 7324
"C:/Users/Abies/AppData/Local/UnrealEngine/Common/DerivedDataCache/Buckets/LegacyTEXTURE/62/1d/b177674bac773956d91e4f3ccc6c561b3d66.udd" 7325
"../../../../../../Users/Abies/Documents/Unreal Projects/MyProject2/Content/StarterContent/Textures/T_Ground_Gravel_D.uasset" 7326
"C:/Users/Abies/AppData/Local/UnrealEngine/Common/DerivedDataCache/Buckets/LegacyTEXTURE/6d/da/551016c2683254225305153ada8f0be50b2a.udd" 7327
"C:/Users/Abies/AppData/Local/UnrealEngine/Common/DerivedDataCache/Content/a1/5c/b557628ff759e661839cc57102defbf71ea6.udd" 7328
"C:/Users/Abies/AppData/Local/UnrealEngine/Common/DerivedDataCache/Buckets/LegacyTEXTURE/c8/81/3f10e08f0cbb158e35f900d4107fcbb02136.udd" 7329
"C:/Users/Abies/AppData/Local/UnrealEngine/Common/DerivedDataCache/Buckets/LegacyTEXTURE/49/38/03a2e8c979c88b61cf5ae98a451e03f9eb77.udd" 7330
"C:/Users/Abies/AppData/Local/UnrealEngine/Common/DerivedDataCache/Buckets/LegacyTEXTURE/43/6f/4420ee194c937763a55d51b5977426b10f96.udd" 7331
"C:/Users/Abies/AppData/Local/UnrealEngine/Common/DerivedDataCache/Buckets/LegacyTEXTURE/57/d8/ff5d1d8ade9ef6ce30ecaaf575aec93ba176.udd" 7332
"C:/Users/Abies/AppData/Local/UnrealEngine/Common/DerivedDataCache/Buckets/LegacyCARD/b9/41/3079696985ee49b97b37db25094e60154396.udd" 7333
"../../../../../../Users/Abies/Documents/Unreal Projects/MyProject2/Content/StarterContent/Textures/T_Ground_Grass_N.uasset" 7334
"C:/Users/Abies/AppData/Local/UnrealEngine/Common/DerivedDataCache/Buckets/LegacyTEXTURE/aa/cb/33472f0675868ae6f04e41e5d92001559be8.udd" 7335
"C:/Users/Abies/AppData/Local/UnrealEngine/Common/DerivedDataCache/Content/96/e4/8ba927e2545f79d96fd96d51517da46b6b79.udd" 7336
"C:/Users/Abies/AppData/Local/UnrealEngine/Common/DerivedDataCache/Buckets/LegacyTEXTURE/82/3c/6eba6b0151ddd4b335b1927f7699e68a4dd2.udd" 7337
"C:/Users/Abies/AppData/Local/UnrealEngine/Common/DerivedDataCache/Buckets/LegacyTEXTURE/61/77/6962f2facbf5cdda7811000ca88b278ea501.udd" 7338
"C:/Users/Abies/AppData/Local/UnrealEngine/Common/DerivedDataCache/Buckets/LegacyTEXTURE/2e/5a/1b9755c221337b4ed6a6a6ac32efdb403993.udd" 7339
"C:/Users/Abies/AppData/Local/UnrealEngine/Common/DerivedDataCache/Buckets/LegacyTEXTURE/26/99/76f38a4865df254668ec34e7ddddda5c565b.udd" 7340
"../../../../../../Users/Abies/Documents/Unreal Projects/MyProject2/Content/StarterContent/Textures/T_Ground_Grass_D.uasset" 7341
"../../../../../../Users/Abies/Documents/Unreal Projects/MyProject2/Content/StarterContent/Textures/T_Gradinet_01.uasset" 7342
"../../../../../../Users/Abies/Documents/Unreal Projects/MyProject2/Content/StarterContent/Textures/T_Frame_N.uasset" 7343
"C:/Users/Abies/AppData/Local/UnrealEngine/Common/DerivedDataCache/Buckets/LegacyTEXTURE/02/e8/de6c3ec7864d7cfa099d9ab6476094ced8ac.udd" 7344
"C:/Users/Abies/AppData/Local/UnrealEngine/Common/DerivedDataCache/Buckets/LegacyTEXTURE/23/4c/e99f0b46f811ba1c7971a1b5cdfac85720f6.udd" 7345
"C:/Users/Abies/AppData/Local/UnrealEngine/Common/DerivedDataCache/Buckets/LegacyTEXTURE/d2/8a/28d00786cda2840728fe7ce7f2a5ca5e0639.udd" 7346
"C:/Users/Abies/AppData/Local/UnrealEngine/Common/DerivedDataCache/Buckets/LegacyTEXTURE/09/0f/c8719dadea26a790207eca5ac3ecbaf30b21.udd" 7347
"C:/Users/Abies/AppData/Local/UnrealEngine/Common/DerivedDataCache/Buckets/LegacyTEXTURE/24/db/7ba7c58db97fb656077c230d96bef2cfa989.udd" 7348
"C:/Users/Abies/AppData/Local/UnrealEngine/Common/DerivedDataCache/Buckets/LegacyTEXTURE/71/5f/819d244c8fc2011a3783ceb73148537db5c7.udd" 7349
"C:/Users/Abies/AppData/Local/UnrealEngine/Common/DerivedDataCache/Buckets/LegacyTEXTURE/a8/e6/d24d98cac5650d6649001101d14e9730d03f.udd" 7350
"C:/Users/Abies/AppData/Local/UnrealEngine/Common/DerivedDataCache/Buckets/LegacyTEXTURE/47/47/fc9ecbdbd53aa5d9133e97f716cca250ce8a.udd" 7351
"C:/Users/Abies/AppData/Local/UnrealEngine/Common/DerivedDataCache/Buckets/LegacyTEXTURE/be/f3/01fb203884ff086a127e606ef976d8aa91bc.udd" 7352
"C:/Users/Abies/AppData/Local/UnrealEngine/Common/DerivedDataCache/Buckets/LegacyTEXTURE/6a/17/af5531a7814248a863f1a84264ce70dc3403.udd" 7353
"../../../../../../Users/Abies/Documents/Unreal Projects/MyProject2/Content/StarterContent/Textures/T_Frame_M.uasset" 7354
"C:/Users/Abies/AppData/Local/UnrealEngine/Common/DerivedDataCache/Buckets/LegacyTEXTURE/58/e7/fbe3f44eed76d57a9c36fe827433f05000f0.udd" 7355
"../../../../../../Users/Abies/Documents/Unreal Projects/MyProject2/Content/StarterContent/Textures/T_Fire_Tiled_D.uasset" 7356
"C:/Users/Abies/AppData/Local/UnrealEngine/Common/DerivedDataCache/Buckets/LegacyTEXTURE/e1/32/ecc540fe4043279b65457f1d979449b9b716.udd" 7357
"C:/Users/Abies/AppData/Local/UnrealEngine/Common/DerivedDataCache/Buckets/LegacyTEXTURE/39/94/7ee42d7efaeaac83fe949a2519785d8f32db.udd" 7358
"C:/Users/Abies/AppData/Local/UnrealEngine/Common/DerivedDataCache/Buckets/LegacyTEXTURE/30/17/f5347562e3550e3fb6f2b836b4ecd46a5395.udd" 7359
"../../../../../../Users/Abies/Documents/Unreal Projects/MyProject2/Content/StarterContent/Textures/T_Fire_SubUV.uasset" 7360
"C:/Users/Abies/AppData/Local/UnrealEngine/Common/DerivedDataCache/Buckets/LegacyTEXTURE/58/7a/1405bf8d0850e0bde21984fe7574c5350ddf.udd" 7361
"C:/Users/Abies/AppData/Local/UnrealEngine/Common/DerivedDataCache/Buckets/LegacyTEXTURE/fc/81/68c84ea4621807bbdf0a40ed9d6c70480b7b.udd" 7362
"../../../../../../Users/Abies/Documents/Unreal Projects/MyProject2/Content/StarterContent/Textures/T_Explosion_SubUV.uasset" 7363
"C:/Users/Abies/AppData/Local/UnrealEngine/Common/DerivedDataCache/Buckets/LegacyTEXTURE/6f/6b/e53e6f9169bd0b61d6626e8dd168ec38e39d.udd" 7364
"C:/Users/Abies/AppData/Local/UnrealEngine/Common/DerivedDataCache/Buckets/LegacyTEXTURE/76/d3/737dda841d8055d207027362633f6c2f599d.udd" 7365
"C:/Users/Abies/AppData/Local/UnrealEngine/Common/DerivedDataCache/Buckets/LegacyTEXTURE/3d/78/e3c63fba4d7976c6ea7aa67c2d0474be9718.udd" 7366
"C:/Users/Abies/AppData/Local/UnrealEngine/Common/DerivedDataCache/Buckets/LegacyTEXTURE/93/5c/c8bdda01e7eb3f00aee45c32a04fa095b760.udd" 7367
"../../../../../../Users/Abies/Documents/Unreal Projects/MyProject2/Content/StarterContent/Textures/T_Dust_Particle_D.uasset" 7368
"C:/Users/Abies/AppData/Local/UnrealEngine/Common/DerivedDataCache/Buckets/LegacyCARD/04/44/f6dfedc72dd73d26db9b0485316637c5b5aa.udd" 7369
"C:/Users/Abies/AppData/Local/UnrealEngine/Common/DerivedDataCache/Buckets/LegacyTEXTURE/81/ee/52b4a40126387bf2da91c9afeb8df95bab5e.udd" 7370
"C:/Users/Abies/AppData/Local/UnrealEngine/Common/DerivedDataCache/Buckets/LegacyTEXTURE/3e/4f/816c4dfefc09fb97b7ef4fa678af612fa19c.udd" 7371
"../../../../../../Users/Abies/Documents/Unreal Projects/MyProject2/Content/StarterContent/Textures/T_Door_N.uasset" 7372
"C:/Users/Abies/AppData/Local/UnrealEngine/Common/DerivedDataCache/Buckets/LegacyTEXTURE/7e/b8/0fff60fabbec43c4f7c387ca3208fa2bc9a6.udd" 7373
"../../../../../../Users/Abies/Documents/Unreal Projects/MyProject2/Content/StarterContent/Textures/T_Door_M.uasset" 7374
"C:/Users/Abies/AppData/Local/UnrealEngine/Common/DerivedDataCache/Buckets/LegacyTEXTURE/24/92/b27ebc581365db60ac06412653cd1bd16377.udd" 7375
"C:/Users/Abies/AppData/Local/UnrealEngine/Common/DerivedDataCache/Buckets/LegacyTEXTURE/d7/47/78e2c5749d65f01c63f52fd2881739349299.udd" 7376
"C:/Users/Abies/AppData/Local/UnrealEngine/Common/DerivedDataCache/Buckets/LegacyTEXTURE/0f/89/2225d6da1bd7dc8584a8bf3de8cc78ee588f.udd" 7377
"C:/Users/Abies/AppData/Local/UnrealEngine/Common/DerivedDataCache/Buckets/LegacyTEXTURE/26/83/f05adb680d593a1131f2e577f4c5ff6ecc9d.udd" 7378
"../../../../../../Users/Abies/Documents/Unreal Projects/MyProject2/Content/StarterContent/Textures/T_Detail_Rocky_N.uasset" 7379
"C:/Users/Abies/AppData/Local/UnrealEngine/Common/DerivedDataCache/Buckets/LegacyTEXTURE/c6/84/f32f84d5c202ef90cc1994e5dfd53ecc4af8.udd" 7380
"C:/Users/Abies/AppData/Local/UnrealEngine/Common/DerivedDataCache/Buckets/LegacyTEXTURE/4c/71/31b6db5a394f89128204063c7e547b2ce3e6.udd" 7381
"C:/Users/Abies/AppData/Local/UnrealEngine/Common/DerivedDataCache/Buckets/LegacyTEXTURE/e8/72/49d265dd2e01978af0004ab0f99b55b1f73b.udd" 7382
"C:/Users/Abies/AppData/Local/UnrealEngine/Common/DerivedDataCache/Buckets/LegacyTEXTURE/57/54/059b9f73c2c3cccca834df263aa888ab8cad.udd" 7383
"C:/Users/Abies/AppData/Local/UnrealEngine/Common/DerivedDataCache/Buckets/LegacyTEXTURE/38/ca/35cee6a4bad8b153f6c467c5f94eaca39d1a.udd" 7384
"C:/Users/Abies/AppData/Local/UnrealEngine/Common/DerivedDataCache/Buckets/LegacyTEXTURE/cd/ed/ed279c477ccb46faefe3ff5d7c1738ce3e90.udd" 7385
"C:/Users/Abies/AppData/Local/UnrealEngine/Common/DerivedDataCache/Buckets/LegacyTEXTURE/c5/7c/b51bd63f7c5b45161a4862c59166e69c9568.udd" 7386
"C:/Users/Abies/AppData/Local/UnrealEngine/Common/DerivedDataCache/Buckets/LegacyTEXTURE/2e/d2/9f4d14a322060985ef61d4ec48710f36abeb.udd" 7387
"../../../../../../Users/Abies/Documents/Unreal Projects/MyProject2/Content/StarterContent/Textures/T_Concrete_Tiles_Variation_M.uasset" 7388
"../../../../../../Users/Abies/Documents/Unreal Projects/MyProject2/Content/StarterContent/Textures/T_Concrete_Tiles_N.uasset" 7389
"C:/Users/Abies/AppData/Local/UnrealEngine/Common/DerivedDataCache/Buckets/LegacyCARD/b0/d3/94eb3bf14332f9a3d61a9a86c02027b493aa.udd" 7390
"C:/Users/Abies/AppData/Local/UnrealEngine/Common/DerivedDataCache/Buckets/LegacyTEXTURE/ac/71/359f57f4d8a9b86f609380d33d7150e8f03e.udd" 7391
"C:/Users/Abies/AppData/Local/UnrealEngine/Common/DerivedDataCache/Buckets/LegacyTEXTURE/b3/d9/81fad74473539d25295b574880f053afe53d.udd" 7392
"C:/Users/Abies/AppData/Local/UnrealEngine/Common/DerivedDataCache/Buckets/LegacyTEXTURE/d5/a5/501b763ad4d7b75ce8cb5fc2f6751b5668c7.udd" 7393
"C:/Users/Abies/AppData/Local/UnrealEngine/Common/DerivedDataCache/Buckets/LegacyTEXTURE/38/7d/08d5c5802c1126b0214cf92a504aaaa412f5.udd" 7394
"C:/Users/Abies/AppData/Local/UnrealEngine/Common/DerivedDataCache/Buckets/LegacyTEXTURE/4a/92/a2a182d2bae116be69bf1fe79756a5908d62.udd" 7395
"../../../../../../Users/Abies/Documents/Unreal Projects/MyProject2/Content/StarterContent/Textures/T_Concrete_Tiles_M.uasset" 7396
"C:/Users/Abies/AppData/Local/UnrealEngine/Common/DerivedDataCache/Buckets/LegacyTEXTURE/f0/c4/19e863f965c5eba108438d80158f6cb3bf62.udd" 7397
"C:/Users/Abies/AppData/Local/UnrealEngine/Common/DerivedDataCache/Content/db/08/f21a205f45e99ffb97cc9cb50d2e0603892f.udd" 7398
"C:/Users/Abies/AppData/Local/UnrealEngine/Common/DerivedDataCache/Buckets/LegacyTEXTURE/81/df/acc4ee08f889b0fe6fca5c2bd0535a886271.udd" 7399
"C:/Users/Abies/AppData/Local/UnrealEngine/Common/DerivedDataCache/Buckets/LegacyTEXTURE/59/d9/a07497f427adef7f85b2e21643a17a4dd901.udd" 7400
"C:/Users/Abies/AppData/Local/UnrealEngine/Common/DerivedDataCache/Buckets/LegacyTEXTURE/13/b7/63bbc9fddd9b8010640580a24bc1530b2584.udd" 7401
"../../../../../../Users/Abies/Documents/Unreal Projects/MyProject2/Content/StarterContent/Textures/T_Concrete_Tiles_D.uasset" 7402
"C:/Users/Abies/AppData/Local/UnrealEngine/Common/DerivedDataCache/Buckets/LegacyTEXTURE/df/95/67315272cb62a5aba95a3ef93baae76818df.udd" 7403
"C:/Users/Abies/AppData/Local/UnrealEngine/Common/DerivedDataCache/Content/17/f8/7de07c8562e32b31bedf2307df38019f5ece.udd" 7404
"C:/Users/Abies/AppData/Local/UnrealEngine/Common/DerivedDataCache/Buckets/LegacyTEXTURE/32/ae/945c6d4c61f0faa31e909374fa4b55d32c62.udd" 7405
"C:/Users/Abies/AppData/Local/UnrealEngine/Common/DerivedDataCache/Buckets/LegacyTEXTURE/50/7c/d1e3e818775e21822fad30fac5dbf8d6f725.udd" 7406
"C:/Users/Abies/AppData/Local/UnrealEngine/Common/DerivedDataCache/Buckets/LegacyTEXTURE/e7/78/dd56e9f073bb803d77e6d8abf36512eda0f7.udd" 7407
"../../../../../../Users/Abies/Documents/Unreal Projects/MyProject2/Content/StarterContent/Textures/T_Concrete_Poured_N.uasset" 7408
"C:/Users/Abies/AppData/Local/UnrealEngine/Common/DerivedDataCache/Buckets/LegacyCARD/d7/84/47b63f95c9f30a875e7ee00906db615495b1.udd" 7409
"../../../../../../Users/Abies/Documents/Unreal Projects/MyProject2/Content/StarterContent/Textures/T_Concrete_Poured_D.uasset" 7410
"C:/Users/Abies/AppData/Local/UnrealEngine/Common/DerivedDataCache/Buckets/LegacyTEXTURE/16/53/0a08a3da68454806d2cf3135362f61bcba6a.udd" 7411
"C:/Users/Abies/AppData/Local/UnrealEngine/Common/DerivedDataCache/Buckets/LegacyTEXTURE/9f/aa/a557f1b0f66b43fee17f5ddf98751e62d442.udd" 7412
"C:/Users/Abies/AppData/Local/UnrealEngine/Common/DerivedDataCache/Buckets/LegacyTEXTURE/26/c1/27ee33cb9a0529ab0fd43c6fedb97f40a52d.udd" 7413
"C:/Users/Abies/AppData/Local/UnrealEngine/Common/DerivedDataCache/Buckets/LegacyTEXTURE/2e/39/7f9c1818665d790e205c7a28b380af4da5e2.udd" 7414
"C:/Users/Abies/AppData/Local/UnrealEngine/Common/DerivedDataCache/Buckets/LegacyTEXTURE/1b/be/49d7d63d9b16cb5101d3c2076cf18336921a.udd" 7415
"C:/Users/Abies/AppData/Local/UnrealEngine/Common/DerivedDataCache/Buckets/LegacyTEXTURE/ee/2e/896a75af0bc0b8c74448853edf0f1b14f540.udd" 7416
"C:/Users/Abies/AppData/Local/UnrealEngine/Common/DerivedDataCache/Content/59/99/cf55776b7768ce863a79e9d19cec54fb277c.udd" 7417
"C:/Users/Abies/AppData/Local/UnrealEngine/Common/DerivedDataCache/Buckets/LegacyTEXTURE/ab/8d/a0314610f88f72be37d92158ee58121f9cd2.udd" 7418
"C:/Users/Abies/AppData/Local/UnrealEngine/Common/DerivedDataCache/Buckets/LegacyTEXTURE/6e/3c/2254aa02013a91d7ccec8c2f7e1f0b285259.udd" 7419
"C:/Users/Abies/AppData/Local/UnrealEngine/Common/DerivedDataCache/Buckets/LegacyTEXTURE/20/e8/e924bf66cf044a7a9932d1e7fa1edaaa1ccb.udd" 7420
"../../../../../../Users/Abies/Documents/Unreal Projects/MyProject2/Content/StarterContent/Textures/T_Concrete_Panels_N.uasset" 7421
"C:/Users/Abies/AppData/Local/UnrealEngine/Common/DerivedDataCache/Buckets/LegacyTEXTURE/86/a0/c5c0c816fabe1a3dd60f0513d54476800b0c.udd" 7422
"C:/Users/Abies/AppData/Local/UnrealEngine/Common/DerivedDataCache/Content/09/1d/d36b639f3e5fe49d4c01f36a7cfe234e80f3.udd" 7423
"C:/Users/Abies/AppData/Local/UnrealEngine/Common/DerivedDataCache/Buckets/LegacyTEXTURE/35/8a/63628f62057a7e69ae33faf996d9670e7f7b.udd" 7424
"C:/Users/Abies/AppData/Local/UnrealEngine/Common/DerivedDataCache/Buckets/LegacyTEXTURE/3d/f3/58f6ec1923ed2db04ecd48f9167826bdda0e.udd" 7425
"C:/Users/Abies/AppData/Local/UnrealEngine/Common/DerivedDataCache/Buckets/LegacyTEXTURE/93/f0/4f32e5d4d33a912dd0b7789b99faa76f8ab8.udd" 7426
"C:/Users/Abies/AppData/Local/UnrealEngine/Common/DerivedDataCache/Buckets/LegacyTEXTURE/54/a2/359397eaf03d1eaf6e01e26d1d5911b9a6a0.udd" 7427
"../../../../../../Users/Abies/Documents/Unreal Projects/MyProject2/Content/StarterContent/Textures/T_Concrete_Panels_D.uasset" 7428
"C:/Users/Abies/AppData/Local/UnrealEngine/Common/DerivedDataCache/Buckets/LegacyTEXTURE/f3/16/40b3a1d618ddaef91e7c2414b42321d44e39.udd" 7429
"C:/Users/Abies/AppData/Local/UnrealEngine/Common/DerivedDataCache/Content/a8/49/9052595e51ba1df95fcc5f6e416f03dba469.udd" 7430
"C:/Users/Abies/AppData/Local/UnrealEngine/Common/DerivedDataCache/Buckets/LegacyTEXTURE/ca/30/11de1625892b9e8497ef29344c19feb1859d.udd" 7431
"C:/Users/Abies/AppData/Local/UnrealEngine/Common/DerivedDataCache/Buckets/LegacyTEXTURE/5c/00/ada5e4e18913a7a1a50047a31052f0c818aa.udd" 7432
"C:/Users/Abies/AppData/Local/UnrealEngine/Common/DerivedDataCache/Buckets/LegacyTEXTURE/f1/f3/273f57d8ee50be1ce2b11a368daa9cafc5f9.udd" 7433
"C:/Users/Abies/AppData/Local/UnrealEngine/Common/DerivedDataCache/Buckets/LegacyTEXTURE/79/94/237565921111d1cd7ef9029c1df8795a8634.udd" 7434
"../../../../../../Users/Abies/Documents/Unreal Projects/MyProject2/Content/StarterContent/Textures/T_Concrete_Grime_D.uasset" 7435
"C:/Users/Abies/AppData/Local/UnrealEngine/Common/DerivedDataCache/Buckets/LegacyTEXTURE/ab/80/f8aa71a407bb181effb31f14b316113aff0a.udd" 7436
"C:/Users/Abies/AppData/Local/UnrealEngine/Common/DerivedDataCache/Buckets/LegacyTEXTURE/5b/4f/a10d9f7c707d65edce3a0983c620af8227da.udd" 7437
"C:/Users/Abies/AppData/Local/UnrealEngine/Common/DerivedDataCache/Buckets/LegacyTEXTURE/a9/a2/37a91290efd3e2e3d997e6a7d3d442756282.udd" 7438
"C:/Users/Abies/AppData/Local/UnrealEngine/Common/DerivedDataCache/Buckets/LegacyTEXTURE/12/1f/a82524e288fdceeb68ad83031c122e802e3e.udd" 7439
"C:/Users/Abies/AppData/Local/UnrealEngine/Common/DerivedDataCache/Buckets/LegacyTEXTURE/ee/ab/d8ffb469e3cbb3c1a6ac9c82201f91ca9d55.udd" 7440
"../../../../../../Users/Abies/Documents/Unreal Projects/MyProject2/Content/StarterContent/Textures/T_CobbleStone_Smooth_N.uasset" 7441
"C:/Users/Abies/AppData/Local/UnrealEngine/Common/DerivedDataCache/Buckets/LegacyTEXTURE/1c/c8/7dd8d13202a2c724b93f913edd3033545aac.udd" 7442
"C:/Users/Abies/AppData/Local/UnrealEngine/Common/DerivedDataCache/Buckets/LegacyTEXTURE/25/dd/c95765005071170f2e2f51227d5911030ffc.udd" 7443
"C:/Users/Abies/AppData/Local/UnrealEngine/Common/DerivedDataCache/Buckets/LegacyTEXTURE/9b/a6/723e1efe8240d8226a9c0fd8eebf2dfd8033.udd" 7444
"C:/Users/Abies/AppData/Local/UnrealEngine/Common/DerivedDataCache/Buckets/LegacyTEXTURE/d3/58/b3dbfaf51bd53a0a9078323d60602704c6fb.udd" 7445
"../../../../../../Users/Abies/Documents/Unreal Projects/MyProject2/Content/StarterContent/Textures/T_CobbleStone_Smooth_M.uasset" 7446
"C:/Users/Abies/AppData/Local/UnrealEngine/Common/DerivedDataCache/Buckets/LegacyTEXTURE/24/b3/33373008555fbfcead1365eae0b73343dbcf.udd" 7447
"C:/Users/Abies/AppData/Local/UnrealEngine/Common/DerivedDataCache/Content/90/d9/3885a8da7a158d3574ebecd9d7264ce1ebc0.udd" 7448
"C:/Users/Abies/AppData/Local/UnrealEngine/Common/DerivedDataCache/Buckets/LegacyTEXTURE/a8/d3/afe4998506cfbaffda2bdb6972be6bef2e3b.udd" 7449
"C:/Users/Abies/AppData/Local/UnrealEngine/Common/DerivedDataCache/Buckets/LegacyTEXTURE/7e/5b/1e59e29a08eea43cff7a6ee7b011c13309a1.udd" 7450
"C:/Users/Abies/AppData/Local/UnrealEngine/Common/DerivedDataCache/Buckets/LegacyTEXTURE/d6/31/551698fdb43cc904a815b44a40cdc388fdb5.udd" 7451
"C:/Users/Abies/AppData/Local/UnrealEngine/Common/DerivedDataCache/Buckets/LegacyTEXTURE/0f/e3/d56c296d37a2e781090e534cdf038cc2b751.udd" 7452
"../../../../../../Users/Abies/Documents/Unreal Projects/MyProject2/Content/StarterContent/Textures/T_CobbleStone_Smooth_D.uasset" 7453
"C:/Users/Abies/AppData/Local/UnrealEngine/Common/DerivedDataCache/Buckets/LegacyTEXTURE/c7/fb/9225c9ed607a30b31291ec59a982f4e6ca4c.udd" 7454
"C:/Users/Abies/AppData/Local/UnrealEngine/Common/DerivedDataCache/Content/00/d2/21325bf4740f4bd95b593f3125fb6554028f.udd" 7455
"C:/Users/Abies/AppData/Local/UnrealEngine/Common/DerivedDataCache/Buckets/LegacyTEXTURE/bd/55/eb44aa9b27a87c03519499df1e06716f7c57.udd" 7456
"C:/Users/Abies/AppData/Local/UnrealEngine/Common/DerivedDataCache/Buckets/LegacyTEXTURE/ba/40/7d51971ad747bf3271c3927ea365f21ac19e.udd" 7457
"C:/Users/Abies/AppData/Local/UnrealEngine/Common/DerivedDataCache/Buckets/LegacyTEXTURE/c0/66/d0c9ef92c9cee8634bbaa4324b0ad61ba2b9.udd" 7458
"../../../../../../Users/Abies/Documents/Unreal Projects/MyProject2/Content/StarterContent/Textures/T_CobbleStone_Rough_N.uasset" 7459
"C:/Users/Abies/AppData/Local/UnrealEngine/Common/DerivedDataCache/Buckets/LegacyCARD/3f/01/100e92033578c118fc97c94e376061b1f6ce.udd" 7460
"../../../../../../Users/Abies/Documents/Unreal Projects/MyProject2/Content/StarterContent/Textures/T_CobbleStone_Rough_D.uasset" 7461
"C:/Users/Abies/AppData/Local/UnrealEngine/Common/DerivedDataCache/Buckets/LegacyTEXTURE/fc/9f/2d956071703eecbb1e590a9d1ca72aa348c7.udd" 7462
"C:/Users/Abies/AppData/Local/UnrealEngine/Common/DerivedDataCache/Buckets/LegacyTEXTURE/dc/e9/dfed916cca1ca68a8cc904ff1331f970aa8b.udd" 7463
"C:/Users/Abies/AppData/Local/UnrealEngine/Common/DerivedDataCache/Buckets/LegacyTEXTURE/0a/ce/6021d9d806915482f3425a775b1ca1c618b9.udd" 7464
"C:/Users/Abies/AppData/Local/UnrealEngine/Common/DerivedDataCache/Buckets/LegacyTEXTURE/8e/c1/b9cbab23bbf6299403c2bc3f9e5c5c6ca277.udd" 7465
"C:/Users/Abies/AppData/Local/UnrealEngine/Common/DerivedDataCache/Buckets/LegacyTEXTURE/a2/b7/ac5ea67a1a66beb04dfeeb30b3571d00ec24.udd" 7466
"C:/Users/Abies/AppData/Local/UnrealEngine/Common/DerivedDataCache/Buckets/LegacyTEXTURE/f8/c5/b48a65c6c3bf544bb4cf760bceef73d9d1ac.udd" 7467
"C:/Users/Abies/AppData/Local/UnrealEngine/Common/DerivedDataCache/Buckets/LegacyTEXTURE/f2/13/8e49f74dc471560dbd361aaec0787febd4e2.udd" 7468
"../../../../../../Users/Abies/Documents/Unreal Projects/MyProject2/Content/StarterContent/Textures/T_CobbleStone_Pebble_N.uasset" 7469
"C:/Users/Abies/AppData/Local/UnrealEngine/Common/DerivedDataCache/Buckets/LegacyTEXTURE/9a/7c/e8c43ee888cc9188bffb3fb3a4dc3a31ec67.udd" 7470
"C:/Users/Abies/AppData/Local/UnrealEngine/Common/DerivedDataCache/Buckets/LegacyTEXTURE/07/fa/c4c369122fd7c27d7bb78f161fbcec53a40d.udd" 7471
"C:/Users/Abies/AppData/Local/UnrealEngine/Common/DerivedDataCache/Buckets/LegacyTEXTURE/6a/42/9386a22134bb6c6c502163f3d47efa405b32.udd" 7472
"C:/Users/Abies/AppData/Local/UnrealEngine/Common/DerivedDataCache/Buckets/LegacyTEXTURE/d0/ff/42f60c8b929190543b466736c22ca44d59cd.udd" 7473
"C:/Users/Abies/AppData/Local/UnrealEngine/Common/DerivedDataCache/Buckets/LegacyTEXTURE/4e/06/5933f30cf4635d9a59ec30662631f955f870.udd" 7474
"../../../../../../Users/Abies/Documents/Unreal Projects/MyProject2/Content/StarterContent/Textures/T_CobbleStone_Pebble_M.uasset" 7475
"C:/Users/Abies/AppData/Local/UnrealEngine/Common/DerivedDataCache/Buckets/LegacyTEXTURE/74/1b/f33bd069608e96687882340f90cc0cc69b0d.udd" 7476
"C:/Users/Abies/AppData/Local/UnrealEngine/Common/DerivedDataCache/Buckets/LegacyTEXTURE/74/a7/ce56417f604f60b9ebf562b1994addaadec0.udd" 7477
"C:/Users/Abies/AppData/Local/UnrealEngine/Common/DerivedDataCache/Buckets/LegacyTEXTURE/c2/c5/7b6ccc66808a1f22191781de338f62827b77.udd" 7478
"C:/Users/Abies/AppData/Local/UnrealEngine/Common/DerivedDataCache/Buckets/LegacyTEXTURE/cf/eb/63c7df878c48e06874c4216514e0038e9ac7.udd" 7479
"C:/Users/Abies/AppData/Local/UnrealEngine/Common/DerivedDataCache/Buckets/LegacyTEXTURE/af/75/a541490b554ff7285abcf8ce3c6dfec14016.udd" 7480
"../../../../../../Users/Abies/Documents/Unreal Projects/MyProject2/Content/StarterContent/Textures/T_CobbleStone_Pebble_D.uasset" 7481
"C:/Users/Abies/AppData/Local/UnrealEngine/Common/DerivedDataCache/Buckets/LegacyTEXTURE/ea/59/4ec112e3459d4407e75bcaf77c6931db344e.udd" 7482
"C:/Users/Abies/AppData/Local/UnrealEngine/Common/DerivedDataCache/Content/da/53/81210343b05286b6afbdc406ae95b375d688.udd" 7483
"C:/Users/Abies/AppData/Local/UnrealEngine/Common/DerivedDataCache/Buckets/LegacyTEXTURE/4b/f2/b09112d6f5ca6a3088c38654ee113679ddd1.udd" 7484
"C:/Users/Abies/AppData/Local/UnrealEngine/Common/DerivedDataCache/Buckets/LegacyTEXTURE/51/4c/fa29374501f775d62cddd1fed6ba38e1d768.udd" 7485
"C:/Users/Abies/AppData/Local/UnrealEngine/Common/DerivedDataCache/Buckets/LegacyTEXTURE/42/d3/12aafeaea07a5cce740aa02a967c644026d9.udd" 7486
"C:/Users/Abies/AppData/Local/UnrealEngine/Common/DerivedDataCache/Buckets/LegacyTEXTURE/1e/03/59eac3a953dc4607b0fc55d5c8abca5cbb84.udd" 7487
"C:/Users/Abies/AppData/Local/UnrealEngine/Common/DerivedDataCache/Buckets/LegacyTEXTURE/03/31/db4c7cd17cf6202f1ef2f20ff9747a8cd056.udd" 7488
"../../../../../../Users/Abies/Documents/Unreal Projects/MyProject2/Content/StarterContent/Textures/T_Chair_N.uasset" 7489
"C:/Users/Abies/AppData/Local/UnrealEngine/Common/DerivedDataCache/Buckets/LegacyTEXTURE/c2/d6/0092dbed8ea9c8a05ec58d79117e5a03914c.udd" 7490
"C:/Users/Abies/AppData/Local/UnrealEngine/Common/DerivedDataCache/Buckets/LegacyTEXTURE/77/d0/f2659fceccea43a78c50cfc6f8379fe8a5b8.udd" 7491
"C:/Users/Abies/AppData/Local/UnrealEngine/Common/DerivedDataCache/Buckets/LegacyTEXTURE/cb/cb/fd23ff377fa191fcb045a6de09b09cf6de88.udd" 7492
"../../../../../../Users/Abies/Documents/Unreal Projects/MyProject2/Content/StarterContent/Textures/T_Chair_M.uasset" 7493
"C:/Users/Abies/AppData/Local/UnrealEngine/Common/DerivedDataCache/Buckets/LegacyTEXTURE/46/e1/df6c43f220d5207cf0b70ebe054fc7b95256.udd" 7494
"C:/Users/Abies/AppData/Local/UnrealEngine/Common/DerivedDataCache/Buckets/LegacyTEXTURE/29/0f/12b1557ea633a331702de943f3966afe2601.udd" 7495
"C:/Users/Abies/AppData/Local/UnrealEngine/Common/DerivedDataCache/Buckets/LegacyTEXTURE/c1/74/819c5ad867bb0d67dfe96fb6110d9eae52b9.udd" 7496
"C:/Users/Abies/AppData/Local/UnrealEngine/Common/DerivedDataCache/Buckets/LegacyTEXTURE/91/9d/36f64a44b238cf524d5f90f97c4d34fa67fa.udd" 7497
"../../../../../../Users/Abies/Documents/Unreal Projects/MyProject2/Content/StarterContent/Textures/T_Ceramic_Tile_N.uasset" 7498
"C:/Users/Abies/AppData/Local/UnrealEngine/Common/DerivedDataCache/Buckets/LegacyCARD/5b/a3/6d29452e836645cb9ebc1c947357ef015074.udd" 7499
"C:/Users/Abies/AppData/Local/UnrealEngine/Common/DerivedDataCache/Buckets/LegacyTEXTURE/2a/bc/693965caee255ca9114c972277c6442b9ac1.udd" 7500
"C:/Users/Abies/AppData/Local/UnrealEngine/Common/DerivedDataCache/Buckets/LegacyTEXTURE/ae/2e/8f7d2ce82d3870b4a08f28fc268c58ed2184.udd" 7501
"C:/Users/Abies/AppData/Local/UnrealEngine/Common/DerivedDataCache/Buckets/LegacyTEXTURE/38/2f/6a34ce476e7a42a403f7e6890e9595c3e359.udd" 7502
"C:/Users/Abies/AppData/Local/UnrealEngine/Common/DerivedDataCache/Buckets/LegacyTEXTURE/94/af/4636df5e85364497d96498495eaad1ce17af.udd" 7503
"C:/Users/Abies/AppData/Local/UnrealEngine/Common/DerivedDataCache/Buckets/LegacyTEXTURE/4d/90/96e0bb33a316d6735316940bb77027a9df9a.udd" 7504
"../../../../../../Users/Abies/Documents/Unreal Projects/MyProject2/Content/StarterContent/Textures/T_Ceramic_Tile_M.uasset" 7505
"../../../../../../Users/Abies/Documents/Unreal Projects/MyProject2/Content/StarterContent/Textures/T_Bush_N.uasset" 7506
"C:/Users/Abies/AppData/Local/UnrealEngine/Common/DerivedDataCache/Buckets/LegacyTEXTURE/9d/d7/1c4c0c7b4f77fd7b9e2de67fc6694bf798c4.udd" 7507
"C:/Users/Abies/AppData/Local/UnrealEngine/Common/DerivedDataCache/Buckets/LegacyTEXTURE/fc/10/77321e33ab35fb57e8b240a06389d1a9f825.udd" 7508
"C:/Users/Abies/AppData/Local/UnrealEngine/Common/DerivedDataCache/Buckets/LegacyTEXTURE/19/bb/232509d6be1e973efb441e97a01b83736e67.udd" 7509
"../../../../../../Users/Abies/Documents/Unreal Projects/MyProject2/Content/StarterContent/Textures/T_Bush_D.uasset" 7510
"C:/Users/Abies/AppData/Local/UnrealEngine/Common/DerivedDataCache/Buckets/LegacyTEXTURE/39/1c/73076bead8ef83513fc0115cabdb1f7ad874.udd" 7511
"C:/Users/Abies/AppData/Local/UnrealEngine/Common/DerivedDataCache/Buckets/LegacyTEXTURE/38/9a/7297f77dd506296e77e66c5caf2bc4a01a25.udd" 7512
"../../../../../../Users/Abies/Documents/Unreal Projects/MyProject2/Content/StarterContent/Textures/T_Burst_M.uasset" 7513
"C:/Users/Abies/AppData/Local/UnrealEngine/Common/DerivedDataCache/Buckets/LegacyTEXTURE/85/d7/aba8081fa7d5bbe53656b32a108bbe554c65.udd" 7514
"C:/Users/Abies/AppData/Local/UnrealEngine/Common/DerivedDataCache/Buckets/LegacyTEXTURE/1c/37/8b501a74b554ff085d8f99283e07a7608aa2.udd" 7515
"C:/Users/Abies/AppData/Local/UnrealEngine/Common/DerivedDataCache/Buckets/LegacyTEXTURE/80/63/ecd2c9c711ffcb4aa5540a2d9cc6e000b090.udd" 7516
"C:/Users/Abies/AppData/Local/UnrealEngine/Common/DerivedDataCache/Buckets/LegacyCARD/e6/eb/b5393aeb8149862a3cfed4a05d73ca714f7e.udd" 7517
"C:/Users/Abies/AppData/Local/UnrealEngine/Common/DerivedDataCache/Buckets/LegacyTEXTURE/73/ff/ab9106b3f8be9ae55a5dd55efc327bd2c175.udd" 7518
"C:/Users/Abies/AppData/Local/UnrealEngine/Common/DerivedDataCache/Buckets/LegacyTEXTURE/50/c8/205f14cbb78eecbe7893013ddc457e3206ae.udd" 7519
"../../../../../../Users/Abies/Documents/Unreal Projects/MyProject2/Content/StarterContent/Textures/T_Brick_Hewn_Stone_N.uasset" 7520
"C:/Users/Abies/AppData/Local/UnrealEngine/Common/DerivedDataCache/Buckets/LegacyTEXTURE/97/37/f09f05e4ba7a0bfbc3e4163b777a121c8330.udd" 7521
"C:/Users/Abies/AppData/Local/UnrealEngine/Common/DerivedDataCache/Buckets/LegacyTEXTURE/ce/29/53226547e55c92f61b2558715ac16d0ab703.udd" 7522
"C:/Users/Abies/AppData/Local/UnrealEngine/Common/DerivedDataCache/Buckets/LegacyTEXTURE/8e/69/811fe14e71e4925850d6dd4edf30fffe59a7.udd" 7523
"C:/Users/Abies/AppData/Local/UnrealEngine/Common/DerivedDataCache/Buckets/LegacyTEXTURE/b4/e4/f944c2a1761b1570bb4783f8ef4e618f0cf8.udd" 7524
"C:/Users/Abies/AppData/Local/UnrealEngine/Common/DerivedDataCache/Buckets/LegacyTEXTURE/b5/e0/92f6635551160d5a16bd4ee3365bc0f27452.udd" 7525
"../../../../../../Users/Abies/Documents/Unreal Projects/MyProject2/Content/StarterContent/Textures/T_Brick_Hewn_Stone_M.uasset" 7526
"../../../../../../Users/Abies/Documents/Unreal Projects/MyProject2/Content/StarterContent/Textures/T_Brick_Hewn_Stone_D.uasset" 7527
"C:/Users/Abies/AppData/Local/UnrealEngine/Common/DerivedDataCache/Buckets/LegacyTEXTURE/82/b6/5825f2c0d6d66a6e04eba9c170e842e2c652.udd" 7528
"C:/Users/Abies/AppData/Local/UnrealEngine/Common/DerivedDataCache/Buckets/LegacyTEXTURE/fc/6b/dd7238b2db9f79bffbda491c5a57f50aba2d.udd" 7529
"C:/Users/Abies/AppData/Local/UnrealEngine/Common/DerivedDataCache/Buckets/LegacyTEXTURE/88/55/d358f71ee15332ceacfd31b5d503c87125b2.udd" 7530
"C:/Users/Abies/AppData/Local/UnrealEngine/Common/DerivedDataCache/Buckets/LegacyTEXTURE/2d/6f/53a47777b915bf2e369740e73f06e2ad706a.udd" 7531
"C:/Users/Abies/AppData/Local/UnrealEngine/Common/DerivedDataCache/Buckets/LegacyTEXTURE/1e/34/65b3e622590cde182f34c8ee7869dc432dbf.udd" 7532
"C:/Users/Abies/AppData/Local/UnrealEngine/Common/DerivedDataCache/Buckets/LegacyTEXTURE/19/4c/bc066e11508d16016cc27549f095d8d17778.udd" 7533
"C:/Users/Abies/AppData/Local/UnrealEngine/Common/DerivedDataCache/Buckets/LegacyTEXTURE/ac/d6/070a9fa1694ecacfdb757b69b239474aa678.udd" 7534
"C:/Users/Abies/AppData/Local/UnrealEngine/Common/DerivedDataCache/Buckets/LegacyTEXTURE/6c/ad/606c4c3b7a217be02983ddf463f996fcf867.udd" 7535
"../../../../../../Users/Abies/Documents/Unreal Projects/MyProject2/Content/StarterContent/Textures/T_Brick_Cut_Stone_N.uasset" 7536
"C:/Users/Abies/AppData/Local/UnrealEngine/Common/DerivedDataCache/Buckets/LegacyCARD/0a/49/26d3a04b4bf4c7e3d3d7ddc398dff4817375.udd" 7537
"C:/Users/Abies/AppData/Local/UnrealEngine/Common/DerivedDataCache/Buckets/LegacyTEXTURE/76/80/d76f7f52297601f4846f6e4fde08a0edf865.udd" 7538
"C:/Users/Abies/AppData/Local/UnrealEngine/Common/DerivedDataCache/Content/ad/95/7b56a460de750f6b9539394a37be84353186.udd" 7539
"C:/Users/Abies/AppData/Local/UnrealEngine/Common/DerivedDataCache/Buckets/LegacyTEXTURE/5b/fd/639d666e0d8480969141492d1c6378e7e0fb.udd" 7540
"C:/Users/Abies/AppData/Local/UnrealEngine/Common/DerivedDataCache/Buckets/LegacyTEXTURE/da/d4/2a1ddac7b896a536211e87f202a10dde9e6e.udd" 7541
"C:/Users/Abies/AppData/Local/UnrealEngine/Common/DerivedDataCache/Buckets/LegacyTEXTURE/23/06/0b67dd2283f573f47f5059ffae58b9ba2979.udd" 7542
"C:/Users/Abies/AppData/Local/UnrealEngine/Common/DerivedDataCache/Buckets/LegacyTEXTURE/17/aa/85a687c07de596a0bd42b4b006b6febfcd3c.udd" 7543
"../../../../../../Users/Abies/Documents/Unreal Projects/MyProject2/Content/StarterContent/Textures/T_Brick_Cut_Stone_D.uasset" 7544
"C:/Users/Abies/AppData/Local/UnrealEngine/Common/DerivedDataCache/Buckets/LegacyTEXTURE/89/84/5f4985eb7c8df82e4c3c58bdb1ed9bdff7b5.udd" 7545
"C:/Users/Abies/AppData/Local/UnrealEngine/Common/DerivedDataCache/Buckets/LegacyTEXTURE/b4/70/d9fbd18ac5609262e8c7146bda626f0abd7c.udd" 7546
"C:/Users/Abies/AppData/Local/UnrealEngine/Common/DerivedDataCache/Buckets/LegacyTEXTURE/37/90/08269910195c0222dedcd4ad95eff9444838.udd" 7547
"C:/Users/Abies/AppData/Local/UnrealEngine/Common/DerivedDataCache/Content/61/2d/761c1a26e992749d6d099f004f1144251a8a.udd" 7548
"C:/Users/Abies/AppData/Local/UnrealEngine/Common/DerivedDataCache/Buckets/LegacyTEXTURE/da/b4/0a3db3ecbfc086a296abff73d999ac2377c7.udd" 7549
"../../../../../../Users/Abies/Documents/Unreal Projects/MyProject2/Content/StarterContent/Textures/T_Brick_Clay_Old_N.uasset" 7550
"C:/Users/Abies/AppData/Local/UnrealEngine/Common/DerivedDataCache/Buckets/LegacyTEXTURE/ba/28/eb6dd18b473fb7d06de168227350650d2733.udd" 7551
"C:/Users/Abies/AppData/Local/UnrealEngine/Common/DerivedDataCache/Buckets/LegacyTEXTURE/14/19/7dfbdffa87b33e4a0a2ace33be483cc6e5bc.udd" 7552
"C:/Users/Abies/AppData/Local/UnrealEngine/Common/DerivedDataCache/Content/88/ca/815586032daeda8a10146dde37630e606839.udd" 7553
"C:/Users/Abies/AppData/Local/UnrealEngine/Common/DerivedDataCache/Buckets/LegacyTEXTURE/b5/86/91f462d66ae90f891ac211e192a4a6d14504.udd" 7554
"C:/Users/Abies/AppData/Local/UnrealEngine/Common/DerivedDataCache/Buckets/LegacyTEXTURE/71/6f/9fd1d8867cee2b9f51ca08a67d6c4cdc7a0e.udd" 7555
"C:/Users/Abies/AppData/Local/UnrealEngine/Common/DerivedDataCache/Buckets/LegacyTEXTURE/ea/0f/4bc2fe3f2ad27f0153555a9310309c4aad44.udd" 7556
"C:/Users/Abies/AppData/Local/UnrealEngine/Common/DerivedDataCache/Buckets/LegacyTEXTURE/25/12/b0fba8f26147a913bab98030c0bf4acb05d3.udd" 7557
"../../../../../../Users/Abies/Documents/Unreal Projects/MyProject2/Content/StarterContent/Textures/T_Brick_Clay_Old_D.uasset" 7558
"C:/Users/Abies/AppData/Local/UnrealEngine/Common/DerivedDataCache/Buckets/LegacyTEXTURE/85/6a/440beb2eb5e3f3a5ddc3b8d359c339f4475e.udd" 7559
"C:/Users/Abies/AppData/Local/UnrealEngine/Common/DerivedDataCache/Content/90/92/ccd15d409f0d562bbe72f31acd820ec9ff27.udd" 7560
"C:/Users/Abies/AppData/Local/UnrealEngine/Common/DerivedDataCache/Buckets/LegacyTEXTURE/df/14/ee00f11fcba5e01ee9bde2778cce9c3d1f46.udd" 7561
"C:/Users/Abies/AppData/Local/UnrealEngine/Common/DerivedDataCache/Buckets/LegacyTEXTURE/0f/50/154092da207ebe245f1d655ed2c5f2ab90bb.udd" 7562
"../../../../../../Users/Abies/Documents/Unreal Projects/MyProject2/Content/StarterContent/Textures/T_Brick_Clay_New_N.uasset" 7563
"C:/Users/Abies/AppData/Local/UnrealEngine/Common/DerivedDataCache/Buckets/LegacyTEXTURE/72/17/cebc0c6e753216c60c3922b1352b0bec6a62.udd" 7564
"C:/Users/Abies/AppData/Local/UnrealEngine/Common/DerivedDataCache/Buckets/LegacyTEXTURE/51/85/0d96de70d597d62f542cc02bdec5ff37e183.udd" 7565
"C:/Users/Abies/AppData/Local/UnrealEngine/Common/DerivedDataCache/Buckets/LegacyTEXTURE/cb/01/acffad3b175610e20675f1df0ddef7c3dc3a.udd" 7566
"C:/Users/Abies/AppData/Local/UnrealEngine/Common/DerivedDataCache/Content/87/0d/a162daf3b2a6b16dbdcf7811c43643480bc6.udd" 7567
"C:/Users/Abies/AppData/Local/UnrealEngine/Common/DerivedDataCache/Buckets/LegacyTEXTURE/f0/3a/afd994644b4a9909750725cece6b17913a6e.udd" 7568
"C:/Users/Abies/AppData/Local/UnrealEngine/Common/DerivedDataCache/Buckets/LegacyTEXTURE/5e/28/2630bbcd95ae1805b04ab14df170e49ee254.udd" 7569
"../../../../../../Users/Abies/Documents/Unreal Projects/MyProject2/Content/StarterContent/Textures/T_Brick_Clay_New_M.uasset" 7570
"C:/Users/Abies/AppData/Local/UnrealEngine/Common/DerivedDataCache/Buckets/LegacyTEXTURE/19/76/9d77c14202541d1d521ed41a0638b534db4d.udd" 7571
"C:/Users/Abies/AppData/Local/UnrealEngine/Common/DerivedDataCache/Content/79/0e/9e819bbb3dd08b5efc6f17c6b0f26f662f62.udd" 7572
"C:/Users/Abies/AppData/Local/UnrealEngine/Common/DerivedDataCache/Buckets/LegacyTEXTURE/81/6b/79937bde48b1c85c6ed73882947ddd420e8a.udd" 7573
"C:/Users/Abies/AppData/Local/UnrealEngine/Common/DerivedDataCache/Buckets/LegacyTEXTURE/a6/69/db848a0a453a1ca72f1da6551492ba78d530.udd" 7574
"C:/Users/Abies/AppData/Local/UnrealEngine/Common/DerivedDataCache/Buckets/LegacyTEXTURE/7c/96/d44203c25746142d8769e234c6f9e8b8a766.udd" 7575
"C:/Users/Abies/AppData/Local/UnrealEngine/Common/DerivedDataCache/Buckets/LegacyTEXTURE/ba/08/04ddaa65d5862490b990356631a21c943f12.udd" 7576
"../../../../../../Users/Abies/Documents/Unreal Projects/MyProject2/Content/StarterContent/Textures/T_Brick_Clay_New_D.uasset" 7577
"C:/Users/Abies/AppData/Local/UnrealEngine/Common/DerivedDataCache/Buckets/LegacyTEXTURE/b7/fd/31f6c65e960c400d9614511e15aa719ef18f.udd" 7578
"C:/Users/Abies/AppData/Local/UnrealEngine/Common/DerivedDataCache/Buckets/LegacyTEXTURE/7b/d2/09b30b4c8ac3417815c453fad3589e785114.udd" 7579
"../../../../../../Users/Abies/Documents/Unreal Projects/MyProject2/Content/StarterContent/Textures/T_Brick_Clay_Beveled_N.uasset" 7580
"C:/Users/Abies/AppData/Local/UnrealEngine/Common/DerivedDataCache/Buckets/LegacyTEXTURE/b2/dd/4c487cfa029fea123f071d7900ae5f21d46b.udd" 7581
"C:/Users/Abies/AppData/Local/UnrealEngine/Common/DerivedDataCache/Buckets/LegacyTEXTURE/d7/e9/eba28d79b3fa94de0af3244b46a6e31f0bdc.udd" 7582
"C:/Users/Abies/AppData/Local/UnrealEngine/Common/DerivedDataCache/Buckets/LegacyTEXTURE/e4/82/eacdebc3126f5a3f845ac4979a7957f26ab6.udd" 7583
"C:/Users/Abies/AppData/Local/UnrealEngine/Common/DerivedDataCache/Buckets/LegacyTEXTURE/9f/cd/5a98d6714379d0d9ccf29f2b2a4ea703c393.udd" 7584
"C:/Users/Abies/AppData/Local/UnrealEngine/Common/DerivedDataCache/Content/e6/74/46509e6c49699b4d8d96bac8e7cd84090932.udd" 7585
"C:/Users/Abies/AppData/Local/UnrealEngine/Common/DerivedDataCache/Buckets/LegacyTEXTURE/a4/96/25f4fb0d90289b88f60b83f03081d86d732f.udd" 7586
"C:/Users/Abies/AppData/Local/UnrealEngine/Common/DerivedDataCache/Buckets/LegacyTEXTURE/38/77/62b5735b3ca981a4940ae11290df428710d4.udd" 7587
"C:/Users/Abies/AppData/Local/UnrealEngine/Common/DerivedDataCache/Buckets/LegacyTEXTURE/05/1a/4c06993700ab6ddd8b2740d39268b37b9f90.udd" 7588
"C:/Users/Abies/AppData/Local/UnrealEngine/Common/DerivedDataCache/Buckets/LegacyTEXTURE/b9/c5/70e6bf2c2ea27a22248f13195a7e51b74aa4.udd" 7589
"../../../../../../Users/Abies/Documents/Unreal Projects/MyProject2/Content/StarterContent/Textures/T_Brick_Clay_Beveled_M.uasset" 7590
"C:/Users/Abies/AppData/Local/UnrealEngine/Common/DerivedDataCache/Buckets/LegacyCARD/05/a7/eea30354fcb6e0a54bbe9f55a6a329c71e38.udd" 7591
"C:/Users/Abies/AppData/Local/UnrealEngine/Common/DerivedDataCache/Buckets/LegacyTEXTURE/8a/da/7affb817e401a2c1c0f540e0009771e8b9a5.udd" 7592
"C:/Users/Abies/AppData/Local/UnrealEngine/Common/DerivedDataCache/Content/55/08/06f0d19370ed6956d790a972077e00aee20a.udd" 7593
"C:/Users/Abies/AppData/Local/UnrealEngine/Common/DerivedDataCache/Buckets/LegacyTEXTURE/3b/7f/becb7142630f986fc88cf6fbbe8f4b54b0c9.udd" 7594
"C:/Users/Abies/AppData/Local/UnrealEngine/Common/DerivedDataCache/Buckets/LegacyTEXTURE/b4/16/8472d600294dc1954e91007b318f16ad9833.udd" 7595
"C:/Users/Abies/AppData/Local/UnrealEngine/Common/DerivedDataCache/Buckets/LegacyTEXTURE/90/28/075681e63bcfcbeda7a32324b65ca616c74a.udd" 7596
"C:/Users/Abies/AppData/Local/UnrealEngine/Common/DerivedDataCache/Buckets/LegacyTEXTURE/19/75/0c8d2d88146bf7ad1337899482cd60ef4ec5.udd" 7597
"../../../../../../Users/Abies/Documents/Unreal Projects/MyProject2/Content/StarterContent/Textures/T_Brick_Clay_Beveled_D.uasset" 7598
"../../../../../../Users/Abies/Documents/Unreal Projects/MyProject2/Content/StarterContent/Maps/StarterMap_BuiltData.uasset" 7599
"C:/Users/Abies/AppData/Local/UnrealEngine/Common/DerivedDataCache/Buckets/LegacyTEXTURE/b4/c2/f934e8dd01d99d809d3df9ef8ee4df286a19.udd" 7600
"C:/Users/Abies/AppData/Local/UnrealEngine/Common/DerivedDataCache/Buckets/LegacyTEXTURE/96/4a/1b70e934e0a7283cbabfebd48acb926d0e09.udd" 7601
"C:/Users/Abies/AppData/Local/UnrealEngine/Common/DerivedDataCache/Buckets/LegacyTEXTURE/98/21/64f99e3b8872a55b721008da04ad51a0660e.udd" 7602
"C:/Users/Abies/AppData/Local/UnrealEngine/Common/DerivedDataCache/Buckets/LegacyTEXTURE/02/2d/7f6d05d8ffca27d163c3f0c60b21a565c98c.udd" 7603
"C:/Users/Abies/AppData/Local/UnrealEngine/Common/DerivedDataCache/Buckets/LegacyTEXTURE/dd/b8/eca3dc7e9a1270cccd035b91dcad18ca952a.udd" 7604
"C:/Users/Abies/AppData/Local/UnrealEngine/Common/DerivedDataCache/Buckets/LegacyTEXTURE/25/e9/72baed10152ed2c1aa933fd846dfc40f164a.udd" 7605
"C:/Users/Abies/AppData/Local/UnrealEngine/Common/DerivedDataCache/Buckets/LegacyTEXTURE/1c/d0/3cddecb84e6a026d490c9de40026daed25a5.udd" 7606
"C:/Users/Abies/AppData/Local/UnrealEngine/Common/DerivedDataCache/Buckets/LegacyTEXTURE/32/58/9d1989b141775c17b96bf6b7db21e513cda2.udd" 7607
"C:/Users/Abies/AppData/Local/UnrealEngine/Common/DerivedDataCache/Buckets/LegacyTEXTURE/df/a3/e61643e2cc6f3cba95d0ab32b6988ecdc463.udd" 7608
"C:/Users/Abies/AppData/Local/UnrealEngine/Common/DerivedDataCache/Buckets/LegacyTEXTURE/48/78/8f750d9f6a0095f3766bf0350291e22612f7.udd" 7609
"C:/Users/Abies/AppData/Local/UnrealEngine/Common/DerivedDataCache/Buckets/LegacyTEXTURE/e9/10/26620d82ee9a37e760602fdb9b02df4b9338.udd" 7610
"C:/Users/Abies/AppData/Local/UnrealEngine/Common/DerivedDataCache/Buckets/LegacyTEXTURE/78/48/156050a5b83d2927411428d9ff0433f7f707.udd" 7611
"C:/Users/Abies/AppData/Local/UnrealEngine/Common/DerivedDataCache/Buckets/LegacyCARD/9f/20/a49a804aac649edf44462ffd3324b3c14773.udd" 7612
"C:/Users/Abies/AppData/Local/UnrealEngine/Common/DerivedDataCache/Buckets/LegacyTEXTURE/75/a3/95acbc1b46b35b4664a2081e43e146b609bb.udd" 7613
"C:/Users/Abies/AppData/Local/UnrealEngine/Common/DerivedDataCache/Buckets/LegacyTEXTURE/69/48/24da080372e488bf73ffe8e4bea9235dd120.udd" 7614
"C:/Users/Abies/AppData/Local/UnrealEngine/Common/DerivedDataCache/Buckets/LegacyTEXTURE/1b/ef/9c155eca4db0c79a70861af7d06b17bb5399.udd" 7615
"C:/Users/Abies/AppData/Local/UnrealEngine/Common/DerivedDataCache/Buckets/LegacyTEXTURE/7f/1f/f10275ea87eaa3036fafade19e7bc3f58575.udd" 7616
"C:/Users/Abies/AppData/Local/UnrealEngine/Common/DerivedDataCache/Buckets/LegacyTEXTURE/f7/37/71ef75bec7f8f06a5a46bad410ef2e9fc929.udd" 7617
"C:/Users/Abies/AppData/Local/UnrealEngine/Common/DerivedDataCache/Buckets/LegacyTEXTURE/b8/3b/d6adb0e6b30881b235d03a647cfe32dc7084.udd" 7618
"C:/Users/Abies/AppData/Local/UnrealEngine/Common/DerivedDataCache/Buckets/LegacyTEXTURE/48/e8/f65b1f38477c1ee089e430a06da7d1519f60.udd" 7619
"C:/Users/Abies/AppData/Local/UnrealEngine/Common/DerivedDataCache/Buckets/LegacyTEXTURE/8a/bb/27b81923496d93a1b3dd79c0cf1ba8d03d83.udd" 7620
"C:/Users/Abies/AppData/Local/UnrealEngine/Common/DerivedDataCache/Buckets/LegacyTEXTURE/15/53/f330a6d10a02c38dd382c417330332692c41.udd" 7621
"C:/Users/Abies/AppData/Local/UnrealEngine/Common/DerivedDataCache/Buckets/LegacyTEXTURE/05/c7/fd37df18ef0881d8448541538bb602664066.udd" 7622
"C:/Users/Abies/AppData/Local/UnrealEngine/Common/DerivedDataCache/Buckets/LegacyCARD/32/16/b5cc7fe77b18a94031504b25b724a993022a.udd" 7623
"C:/Users/Abies/AppData/Local/UnrealEngine/Common/DerivedDataCache/Buckets/LegacyTEXTURE/cc/10/e6b911ca7905d20359304047b555fadebb12.udd" 7624
"C:/Users/Abies/AppData/Local/UnrealEngine/Common/DerivedDataCache/Buckets/LegacyTEXTURE/e5/35/9fbf192aa8b37053f914c090ce37d0d96482.udd" 7625
"C:/Users/Abies/AppData/Local/UnrealEngine/Common/DerivedDataCache/Buckets/LegacyCARD/22/4f/2fc359de1df58979bd2c9b027ed72ac5358c.udd" 7626
"C:/Users/Abies/AppData/Local/UnrealEngine/Common/DerivedDataCache/Buckets/LegacyTEXTURE/30/2f/e8f94124a69a5f52d067d480019030d5a6b7.udd" 7627
"C:/Users/Abies/AppData/Local/UnrealEngine/Common/DerivedDataCache/Buckets/LegacyTEXTURE/bf/eb/ca34e41a3e20611184935837f33e87497a8b.udd" 7628
"C:/Users/Abies/AppData/Local/UnrealEngine/Common/DerivedDataCache/Buckets/LegacyTEXTURE/d3/46/6d7547b66c8fea9bc5b502288115d71909e3.udd" 7629
"C:/Users/Abies/AppData/Local/UnrealEngine/Common/DerivedDataCache/Buckets/LegacyTEXTURE/e2/f6/0d1c441c79d0d0935bdf231fa54efac16908.udd" 7630
"C:/Users/Abies/AppData/Local/UnrealEngine/Common/DerivedDataCache/Buckets/LegacyTEXTURE/ee/2f/4ea496374ee3e6fbd64c435262fe752795be.udd" 7631
"C:/Users/Abies/AppData/Local/UnrealEngine/Common/DerivedDataCache/Buckets/LegacyTEXTURE/3f/da/f34542a70b50b9e11005d66d9920ffc65907.udd" 7632
"C:/Users/Abies/AppData/Local/UnrealEngine/Common/DerivedDataCache/Buckets/LegacyTEXTURE/95/5d/328ad4acea60ad1c4e9af60642b2a545943b.udd" 7633
"../../../../../../Users/Abies/Documents/Unreal Projects/MyProject2/Content/StarterContent/Maps/Minimal_Default_BuiltData.uasset" 7634
"../../../../../../Users/Abies/Documents/Unreal Projects/MyProject2/Content/StarterContent/Maps/Advanced_Lighting_BuiltData.uasset" 7635
"C:/Users/Abies/AppData/Local/UnrealEngine/Common/DerivedDataCache/Buckets/LegacyCARD/8e/cb/0d42eb200e948e806bbd405bc5da8216417e.udd" 7636
"C:/Users/Abies/AppData/Local/UnrealEngine/Common/DerivedDataCache/Buckets/LegacyCARD/38/3a/ac4b7c4f0dadd2c64a6ea03a4fae4e912b56.udd" 7637
"C:/Users/Abies/AppData/Local/UnrealEngine/Common/DerivedDataCache/Buckets/LegacyTEXTURE/4f/85/896bd357b550fe4eb7c870d97b069583fd2e.udd" 7638
"C:/Users/Abies/AppData/Local/UnrealEngine/Common/DerivedDataCache/Buckets/LegacyTEXTURE/3a/ba/0bf3822107a0cc009ac9b3e9015631e68c67.udd" 7639
"C:/Users/Abies/AppData/Local/UnrealEngine/Common/DerivedDataCache/Buckets/LegacyTEXTURE/ec/df/60c05328fdb4a5799b2222bd7a9b3b818297.udd" 7640
"C:/Users/Abies/AppData/Local/UnrealEngine/Common/DerivedDataCache/Buckets/LegacyTEXTURE/fb/ef/9da97c25072a5135c79dd0aff99603ef9d02.udd" 7641
"../../../../../../Users/Abies/Documents/Unreal Projects/MyProject2/Content/LevelPrototyping/Textures/T_GridChecker_A.uasset" 7642
"../../../../../../Users/Abies/Documents/Unreal Projects/MyProject2/Content/FPWeapon/Textures/T_FPGun_N.uasset" 7643
"C:/Users/Abies/AppData/Local/UnrealEngine/Common/DerivedDataCache/Buckets/LegacyTEXTURE/b5/6a/d0f6398238ac704d5801cc7979df1535a61c.udd" 7644
"C:/Users/Abies/AppData/Local/UnrealEngine/Common/DerivedDataCache/Buckets/LegacyTEXTURE/2d/3a/2335a56e7fb9d0810e7f5e680d9161f3b1b2.udd" 7645
"C:/Users/Abies/AppData/Local/UnrealEngine/Common/DerivedDataCache/Buckets/LegacyTEXTURE/be/a2/f83dd3061b9c4bb822195b877564d382a655.udd" 7646
"../../../../../../Users/Abies/Documents/Unreal Projects/MyProject2/Content/FPWeapon/Textures/T_FPGun_M.uasset" 7647
"C:/Users/Abies/AppData/Local/UnrealEngine/Common/DerivedDataCache/Buckets/LegacyTEXTURE/56/cd/061c6f6de37114c8a6a3be2eb81790315025.udd" 7648
"C:/Users/Abies/AppData/Local/UnrealEngine/Common/DerivedDataCache/Buckets/LegacyTEXTURE/45/c0/286bceadfd0209f00b040a16f2c8b9295d16.udd" 7649
"C:/Users/Abies/AppData/Local/UnrealEngine/Common/DerivedDataCache/Buckets/LegacyTEXTURE/a9/31/f9042d1dc1aec4275e322a1c31b1a8fc3c26.udd" 7650
"C:/Users/Abies/AppData/Local/UnrealEngine/Common/DerivedDataCache/Buckets/LegacyCARD/a2/c9/4c45477a9bd539f7cab1259834061e9fd8bd.udd" 7651
"C:/Users/Abies/AppData/Local/UnrealEngine/Common/DerivedDataCache/Buckets/LegacyCARD/d7/50/0c22918ec5a652ca33a309cd191e8b408f14.udd" 7652
"C:/Users/Abies/AppData/Local/UnrealEngine/Common/DerivedDataCache/Buckets/LegacyTEXTURE/e9/d5/5956d4ab49ec4438d311b8ec7d2ff367b685.udd" 7653
"C:/Users/Abies/AppData/Local/UnrealEngine/Common/DerivedDataCache/Buckets/LegacyTEXTURE/ae/ef/151c0e001705f76b9ed6ff828f9f65b92e9c.udd" 7654
"C:/Users/Abies/AppData/Local/UnrealEngine/Common/DerivedDataCache/Buckets/LegacyTEXTURE/c9/fb/18d4fc746f87a798a12e2c86471e22e3c211.udd" 7655
"C:/Users/Abies/AppData/Local/UnrealEngine/Common/DerivedDataCache/Buckets/LegacyTEXTURE/e3/f1/c4a0ccceca39d442a4fb89f6a9e33acd15f0.udd" 7656
"C:/Users/Abies/AppData/Local/UnrealEngine/Common/DerivedDataCache/Buckets/LegacyTEXTURE/13/a4/e2c9ec14a1ebca4383aeb71e19af68e6e7ea.udd" 7657
"C:/Users/Abies/AppData/Local/UnrealEngine/Common/DerivedDataCache/Buckets/LegacyCARD/7b/39/c9e5158ff3475be3a138564fbfa4cdf6360f.udd" 7658
"C:/Users/Abies/AppData/Local/UnrealEngine/Common/DerivedDataCache/Buckets/LegacyTEXTURE/02/54/47826f5a5bc9a42366f3e4631e04dc206cad.udd" 7659
"C:/Users/Abies/AppData/Local/UnrealEngine/Common/DerivedDataCache/Buckets/LegacyTEXTURE/6a/b4/d679861c60f7bfd59604119a8a521ccbf606.udd" 7660
"C:/Users/Abies/AppData/Local/UnrealEngine/Common/DerivedDataCache/Buckets/LegacyCARD/bd/e5/d655e9c4c3be826057d031c04d70ce1e9e02.udd" 7661
"C:/Users/Abies/AppData/Local/UnrealEngine/Common/DerivedDataCache/Buckets/LegacyTEXTURE/3a/f8/c8da9b8fc83e568eb4519c7617368f11b8cb.udd" 7662
"C:/Users/Abies/AppData/Local/UnrealEngine/Common/DerivedDataCache/Buckets/LegacyTEXTURE/da/05/b670f9700f9e8d17988a2a6b347a05daef0f.udd" 7663
"C:/Users/Abies/AppData/Local/UnrealEngine/Common/DerivedDataCache/Buckets/LegacyTEXTURE/4c/48/676b72f3a681ebe393dd5d6e2776936f1526.udd" 7664
"C:/Users/Abies/AppData/Local/UnrealEngine/Common/DerivedDataCache/Buckets/LegacyTEXTURE/aa/57/2d8a3ed4ccfb59277a829c7b9c59afbfc367.udd" 7665
"C:/Users/Abies/AppData/Local/UnrealEngine/Common/DerivedDataCache/Buckets/LegacyTEXTURE/e1/b6/bf8029ebcf22d254625070b1eb893f89d355.udd" 7666
"C:/Users/Abies/AppData/Local/UnrealEngine/Common/DerivedDataCache/Buckets/LegacyTEXTURE/c2/30/399c7634a63e6ef7974483944cce29237348.udd" 7667
"C:/Users/Abies/AppData/Local/UnrealEngine/Common/DerivedDataCache/Buckets/LegacyTEXTURE/69/73/1e2727ce9e1cfca65419588d0c7cd46dbcff.udd" 7668
"../../../../../../Users/Abies/Documents/Unreal Projects/MyProject2/Content/FPWeapon/Materials/MaterialLayers/T_ML_Rubber_Blue_01_N.uasset" 7669
"C:/Users/Abies/AppData/Local/UnrealEngine/Common/DerivedDataCache/Buckets/LegacyTEXTURE/ab/ee/1a8caebfd221c092fd7188b8370706054d81.udd" 7670
"C:/Users/Abies/AppData/Local/UnrealEngine/Common/DerivedDataCache/Buckets/LegacyTEXTURE/06/37/daf49a0165a82d6adeec2d2af5a13895569e.udd" 7671
"C:/Users/Abies/AppData/Local/UnrealEngine/Common/DerivedDataCache/Buckets/LegacyTEXTURE/92/4f/c7f4a5c4031ba45db615dc61446d83845f01.udd" 7672
"C:/Users/Abies/AppData/Local/UnrealEngine/Common/DerivedDataCache/Buckets/LegacyTEXTURE/6e/cf/b6241b1737780d23a486f39ff995fb259f71.udd" 7673
"../../../../../../Users/Abies/Documents/Unreal Projects/MyProject2/Content/FPWeapon/Materials/MaterialLayers/T_ML_Rubber_Blue_01_D.uasset" 7674
"C:/Users/Abies/AppData/Local/UnrealEngine/Common/DerivedDataCache/Buckets/LegacyTEXTURE/f9/ba/79895497be24c3cd2e5984366b145facd4d8.udd" 7675
"C:/Users/Abies/AppData/Local/UnrealEngine/Common/DerivedDataCache/Buckets/LegacyTEXTURE/90/63/9858560d44219756b8f4cc38def001f66371.udd" 7676
"C:/Users/Abies/AppData/Local/UnrealEngine/Common/DerivedDataCache/Buckets/LegacyTEXTURE/6d/99/ec4d61ef370d3fa9df4415ad711d37510254.udd" 7677
"C:/Users/Abies/AppData/Local/UnrealEngine/Common/DerivedDataCache/Content/5a/5c/2f2a603c746a9dd803cf8e6c16d5d11bad1b.udd" 7678
"C:/Users/Abies/AppData/Local/UnrealEngine/Common/DerivedDataCache/Buckets/LegacyTEXTURE/4b/eb/45474d09ac22cbc9f5be733dcd519cf58dc9.udd" 7679
"C:/Users/Abies/AppData/Local/UnrealEngine/Common/DerivedDataCache/Buckets/LegacyCARD/21/2f/d8e47b8859786edf9dea8a90dac9ffaef4df.udd" 7680
"C:/Users/Abies/AppData/Local/UnrealEngine/Common/DerivedDataCache/Buckets/LegacyTEXTURE/e0/f5/eaae9057a56de706a5aa7f9ca5882c5ced5b.udd" 7681
"../../../../../../Users/Abies/Documents/Unreal Projects/MyProject2/Content/FPWeapon/Materials/MaterialLayers/T_ML_FineRubber.uasset" 7682
"../../../../../../Users/Abies/Documents/Unreal Projects/MyProject2/Content/FPWeapon/Materials/MaterialLayers/T_ML_Aluminum01_N.uasset" 7683
"C:/Users/Abies/AppData/Local/UnrealEngine/Common/DerivedDataCache/Buckets/LegacyTEXTURE/e2/08/619c6d1fdbedfd34c794dd30afcccee02587.udd" 7684
"C:/Users/Abies/AppData/Local/UnrealEngine/Common/DerivedDataCache/Buckets/LegacyTEXTURE/f8/74/8d0f20b59c4be0d5a5357a9dcc0bfd55abb7.udd" 7685
"C:/Users/Abies/AppData/Local/UnrealEngine/Common/DerivedDataCache/Buckets/LegacyTEXTURE/2b/1b/ebb948a24d7569cc845462a65fbbcb2d2e2f.udd" 7686
"C:/Users/Abies/AppData/Local/UnrealEngine/Common/DerivedDataCache/Buckets/LegacyTEXTURE/6a/f3/efeca4066868d85a9d73f00bed21d7a2fb9d.udd" 7687
"C:/Users/Abies/AppData/Local/UnrealEngine/Common/DerivedDataCache/Buckets/LegacyCARD/ec/57/6a96babb441dd580eeefce71bc290be9cbf7.udd" 7688
"C:/Users/Abies/AppData/Local/UnrealEngine/Common/DerivedDataCache/Buckets/LegacyTEXTURE/fb/bb/3a047bad212b6a786afef1a300e47a25b024.udd" 7689
"C:/Users/Abies/AppData/Local/UnrealEngine/Common/DerivedDataCache/Content/84/a4/e02ffb155a94ec8780efed2ca541551865e1.udd" 7690
"C:/Users/Abies/AppData/Local/UnrealEngine/Common/DerivedDataCache/Buckets/LegacyTEXTURE/2f/1a/1607a4f4e523b02560fd48ef97febe7c59c0.udd" 7691
"C:/Users/Abies/AppData/Local/UnrealEngine/Common/DerivedDataCache/Buckets/LegacyTEXTURE/ec/6b/696e648fdcfb7661678439f980bf7301ea8a.udd" 7692
"C:/Users/Abies/AppData/Local/UnrealEngine/Common/DerivedDataCache/Buckets/LegacyTEXTURE/2e/2c/0910fab486ea97d3caadd48f827c006ab283.udd" 7693
"C:/Users/Abies/AppData/Local/UnrealEngine/Common/DerivedDataCache/Buckets/LegacyTEXTURE/bc/f4/deac96654cc83768d574a75a411c6611d75b.udd" 7694
"../../../../../../Users/Abies/Documents/Unreal Projects/MyProject2/Content/FPWeapon/Materials/MaterialLayers/T_ML_Aluminum01.uasset" 7695
"C:/Users/Abies/AppData/Local/UnrealEngine/Common/DerivedDataCache/Buckets/LegacyTEXTURE/8d/2f/592359c6ff258726ac5f04bc49f4de5e8edb.udd" 7696
"C:/Users/Abies/AppData/Local/UnrealEngine/Common/DerivedDataCache/Content/eb/f2/c62dbc7ca151d760a0dce1d6c368a60da65c.udd" 7697
"C:/Users/Abies/AppData/Local/UnrealEngine/Common/DerivedDataCache/Buckets/LegacyTEXTURE/74/6b/d279f12e7a880cf71b7f529c6c4cfa028e5a.udd" 7698
"C:/Users/Abies/AppData/Local/UnrealEngine/Common/DerivedDataCache/Buckets/LegacyTEXTURE/3f/f4/1466f65b1f45bf579a60d3bed931417d85f6.udd" 7699
"C:/Users/Abies/AppData/Local/UnrealEngine/Common/DerivedDataCache/Buckets/LegacyTEXTURE/92/14/98f7f7936c67f9c3cd1ca346fe9012e69dee.udd" 7700
"C:/Users/Abies/AppData/Local/UnrealEngine/Common/DerivedDataCache/Buckets/LegacyTEXTURE/0b/94/14887de717b2b1c30e5aad3f8d1e2cfe212a.udd" 7701
"../../../../../../Users/Abies/Documents/Unreal Projects/MyProject2/Content/FirstPersonArms/Character/Textures/Manny/T_Manny_02_Tan.uasset" 7702
"C:/Users/Abies/AppData/Local/UnrealEngine/Common/DerivedDataCache/Buckets/LegacyTEXTURE/fa/83/d449415843c3d4b6807da790e330440cb841.udd" 7703
"C:/Users/Abies/AppData/Local/UnrealEngine/Common/DerivedDataCache/Buckets/LegacyTEXTURE/da/60/66fb1001f910bbe20cec8438406087ccb49a.udd" 7704
"C:/Users/Abies/AppData/Local/UnrealEngine/Common/DerivedDataCache/Buckets/LegacyTEXTURE/46/1d/50d64ce820fb59957ae15fce011f0dea8055.udd" 7705
"../../../../../../Users/Abies/Documents/Unreal Projects/MyProject2/Content/FirstPersonArms/Character/Textures/Manny/T_Manny_02_N.uasset" 7706
"C:/Users/Abies/AppData/Local/UnrealEngine/Common/DerivedDataCache/Buckets/LegacyTEXTURE/0d/15/e00c3adc950b0bd5e96e6cd59a790c5cdd49.udd" 7707
"C:/Users/Abies/AppData/Local/UnrealEngine/Common/DerivedDataCache/Buckets/LegacyTEXTURE/7a/19/8a1c39f820e31a1f474fd92fde423a9e63cf.udd" 7708
"C:/Users/Abies/AppData/Local/UnrealEngine/Common/DerivedDataCache/Buckets/LegacyTEXTURE/3f/a5/0dccf2ba4d1a6a044d4c2140a095c33f6fe9.udd" 7709
"C:/Users/Abies/AppData/Local/UnrealEngine/Common/DerivedDataCache/Buckets/LegacyTEXTURE/00/4a/de040e66323b85d1790f5627a05ffd36da27.udd" 7710
"C:/Users/Abies/AppData/Local/UnrealEngine/Common/DerivedDataCache/Buckets/LegacyTEXTURE/b0/14/5a3520540bcc33a3f3f019ee2e74751aaae4.udd" 7711
"../../../../../../Users/Abies/Documents/Unreal Projects/MyProject2/Content/FirstPersonArms/Character/Textures/Manny/T_Manny_02_MSR_MSK.uasset" 7712
"C:/Users/Abies/AppData/Local/UnrealEngine/Common/DerivedDataCache/Buckets/LegacyTEXTURE/eb/74/7149d5e7a6d56a685f5d24803090bb2fab75.udd" 7713
"C:/Users/Abies/AppData/Local/UnrealEngine/Common/DerivedDataCache/Content/91/3f/92b91b518499042c279e42b3413c2eb1326a.udd" 7714
"C:/Users/Abies/AppData/Local/UnrealEngine/Common/DerivedDataCache/Buckets/LegacyTEXTURE/be/37/8047cc39068522451bb3b513586f5d1d58e5.udd" 7715
"C:/Users/Abies/AppData/Local/UnrealEngine/Common/DerivedDataCache/Buckets/LegacyTEXTURE/65/d0/7c88f211d365caa1a1d2c53321b1f90cf81d.udd" 7716
"C:/Users/Abies/AppData/Local/UnrealEngine/Common/DerivedDataCache/Buckets/LegacyTEXTURE/60/d1/53c6f3cb0203913bbc7c39494798d7d77a1f.udd" 7717
"C:/Users/Abies/AppData/Local/UnrealEngine/Common/DerivedDataCache/Buckets/LegacyTEXTURE/00/9c/38ba900a79a3242b8c7cd44a69c483dcb8e4.udd" 7718
"../../../../../../Users/Abies/Documents/Unreal Projects/MyProject2/Content/FirstPersonArms/Character/Textures/Manny/T_Manny_02_D.uasset" 7719
"C:/Users/Abies/AppData/Local/UnrealEngine/Common/DerivedDataCache/Buckets/LegacyTEXTURE/0a/6b/07e799f1989bb5dfed0cc838bb3f3d75094b.udd" 7720
"C:/Users/Abies/AppData/Local/UnrealEngine/Common/DerivedDataCache/Content/0b/d0/d7e6c5583181fab33c6d1a2d2583ad035082.udd" 7721
"C:/Users/Abies/AppData/Local/UnrealEngine/Common/DerivedDataCache/Buckets/LegacyTEXTURE/a8/0d/92675f79fff7092502dd4e9de5735b013529.udd" 7722
"C:/Users/Abies/AppData/Local/UnrealEngine/Common/DerivedDataCache/Buckets/LegacyTEXTURE/33/77/0872782250350f49029719de0b7e542acd89.udd" 7723
"C:/Users/Abies/AppData/Local/UnrealEngine/Common/DerivedDataCache/Buckets/LegacyTEXTURE/7a/19/f1e529f3193fbf405631ddbfecbeadf742d4.udd" 7724
"C:/Users/Abies/AppData/Local/UnrealEngine/Common/DerivedDataCache/Buckets/LegacyTEXTURE/28/b1/d4b939fd783b3c3d86f12e817226fd12315d.udd" 7725
"C:/Users/Abies/AppData/Local/UnrealEngine/Common/DerivedDataCache/Buckets/LegacyTEXTURE/24/15/ec298b4581f4e50ac6139df2f5079526e258.udd" 7726
"C:/Users/Abies/AppData/Local/UnrealEngine/Common/DerivedDataCache/Buckets/LegacyTEXTURE/00/a0/24c3194aeb6b28f1c8b7cc2f28b19f96f661.udd" 7727
"C:/Users/Abies/AppData/Local/UnrealEngine/Common/DerivedDataCache/Buckets/LegacyTEXTURE/08/ce/ad6b79f2f70fb6e07a7d3f7b8e6849c3920f.udd" 7728
"C:/Users/Abies/AppData/Local/UnrealEngine/Common/DerivedDataCache/Buckets/LegacyTEXTURE/7e/f4/c9555c847a12fde8423bc63b5f7815ce6b53.udd" 7729
"../../../../../../Users/Abies/Documents/Unreal Projects/MyProject2/Content/FirstPersonArms/Character/Textures/Manny/T_Manny_02_CCRCCPlastic_MSK.uasset" 7730
"C:/Users/Abies/AppData/Local/UnrealEngine/Common/DerivedDataCache/Buckets/LegacyCARD/0b/3e/38c421a7ef9310943c5bd3916219e2842635.udd" 7731
"C:/Users/Abies/AppData/Local/UnrealEngine/Common/DerivedDataCache/Buckets/LegacyTEXTURE/23/e5/ed3c14557c34875d157b5f9f4377a0b7c6a6.udd" 7732
"C:/Users/Abies/AppData/Local/UnrealEngine/Common/DerivedDataCache/Content/41/9b/dfa5c8f917619204e06d7a89dc5d43254ff5.udd" 7733
"C:/Users/Abies/AppData/Local/UnrealEngine/Common/DerivedDataCache/Buckets/LegacyTEXTURE/d1/da/110631f406c15d8f1d11b31706143f2987a1.udd" 7734
"C:/Users/Abies/AppData/Local/UnrealEngine/Common/DerivedDataCache/Buckets/LegacyTEXTURE/db/78/a04482735eaaae6f841c60f7b10330ae96df.udd" 7735
"C:/Users/Abies/AppData/Local/UnrealEngine/Common/DerivedDataCache/Buckets/LegacyTEXTURE/40/cc/5a98e0ac5bad62a85def316760eec40c1652.udd" 7736
"C:/Users/Abies/AppData/Local/UnrealEngine/Common/DerivedDataCache/Buckets/LegacyTEXTURE/d9/c1/a84f046fbe48f8ee827a3f4455847c0d3e78.udd" 7737
"../../../../../../Users/Abies/Documents/Unreal Projects/MyProject2/Content/FirstPersonArms/Character/Textures/Manny/T_Manny_02_BN.uasset" 7738
"../../../../../../Users/Abies/Documents/Unreal Projects/MyProject2/Content/FirstPersonArms/Character/Textures/Manny/T_Manny_02_ASAOPMASK_MSK.uasset" 7739
"C:/Users/Abies/AppData/Local/UnrealEngine/Common/DerivedDataCache/Buckets/LegacyCARD/a9/96/b41ca44709568b1079768253af520cabbf72.udd" 7740
"C:/Users/Abies/AppData/Local/UnrealEngine/Common/DerivedDataCache/Buckets/LegacyTEXTURE/50/c9/649ae772248e994173c148ee80e61b0d4d50.udd" 7741
"C:/Users/Abies/AppData/Local/UnrealEngine/Common/DerivedDataCache/Buckets/LegacyTEXTURE/ef/55/2cc2b43762ac689d0b8fe2023c488cbac3be.udd" 7742
"C:/Users/Abies/AppData/Local/UnrealEngine/Common/DerivedDataCache/Buckets/LegacyTEXTURE/18/03/84a612e5bc49e0e4b727b28936a88a698030.udd" 7743
"C:/Users/Abies/AppData/Local/UnrealEngine/Common/DerivedDataCache/Buckets/LegacyTEXTURE/7f/4e/fbde6b6f96535af0d752a9acee8f574e1801.udd" 7744
"C:/Users/Abies/AppData/Local/UnrealEngine/Common/DerivedDataCache/Buckets/LegacyTEXTURE/9f/25/35368c466a1fd7d9b4561500e5f740586075.udd" 7745
"../../../../../../Users/Abies/Documents/Unreal Projects/MyProject2/Content/FirstPersonArms/Character/Textures/Manny/T_Manny_01_Tan.uasset" 7746
"C:/Users/Abies/AppData/Local/UnrealEngine/Common/DerivedDataCache/Buckets/LegacyTEXTURE/e0/0f/88aaab9903ed12c56e964b6123b427a14e53.udd" 7747
"C:/Users/Abies/AppData/Local/UnrealEngine/Common/DerivedDataCache/Buckets/LegacyTEXTURE/8c/dc/42f0ae56a690a120c929b17baff946262ad5.udd" 7748
"C:/Users/Abies/AppData/Local/UnrealEngine/Common/DerivedDataCache/Buckets/LegacyTEXTURE/e3/f8/64b72bae800e624ae227b3dca2979dd9ca73.udd" 7749
"C:/Users/Abies/AppData/Local/UnrealEngine/Common/DerivedDataCache/Buckets/LegacyTEXTURE/ed/10/65e2bbe69ac5a3657ffe43457cec1e008048.udd" 7750
"C:/Users/Abies/AppData/Local/UnrealEngine/Common/DerivedDataCache/Buckets/LegacyTEXTURE/f0/23/76a4233088f980aa62d5ca0a2b81e4877b86.udd" 7751
"../../../../../../Users/Abies/Documents/Unreal Projects/MyProject2/Content/FirstPersonArms/Character/Textures/Manny/T_Manny_01_N.uasset" 7752
"C:/Users/Abies/AppData/Local/UnrealEngine/Common/DerivedDataCache/Buckets/LegacyTEXTURE/6e/75/518a1b35b71e66ce9edd7e0db0832395a14d.udd" 7753
"C:/Users/Abies/AppData/Local/UnrealEngine/Common/DerivedDataCache/Content/fc/77/78f38a65df293d7b133f0d9d54e31ab2b320.udd" 7754
"C:/Users/Abies/AppData/Local/UnrealEngine/Common/DerivedDataCache/Buckets/LegacyTEXTURE/ac/25/c450f2b0576b5e3163bff25f4c141099d348.udd" 7755
"C:/Users/Abies/AppData/Local/UnrealEngine/Common/DerivedDataCache/Buckets/LegacyTEXTURE/37/0d/38bcbd13fc7ba355b7ca10121315b7e0fd6b.udd" 7756
"C:/Users/Abies/AppData/Local/UnrealEngine/Common/DerivedDataCache/Buckets/LegacyTEXTURE/2f/1c/45435f550e7e5a7ffe3c925d939216f874b8.udd" 7757
"C:/Users/Abies/AppData/Local/UnrealEngine/Common/DerivedDataCache/Buckets/LegacyTEXTURE/c4/84/92504692d92e6f4bbdce79c3b01483c53816.udd" 7758
"C:/Users/Abies/AppData/Local/UnrealEngine/Common/DerivedDataCache/Buckets/LegacyTEXTURE/20/b7/8054cf21126d9e0918839b1ef6bbcbaddef6.udd" 7759
"C:/Users/Abies/AppData/Local/UnrealEngine/Common/DerivedDataCache/Buckets/LegacyTEXTURE/18/fb/a76e8708d2739e47ea9d93ed4ca5c1b1924e.udd" 7760
"C:/Users/Abies/AppData/Local/UnrealEngine/Common/DerivedDataCache/Buckets/LegacyTEXTURE/8b/6b/7266d2fa18bc60bd0a57da87efd5066f113b.udd" 7761
"C:/Users/Abies/AppData/Local/UnrealEngine/Common/DerivedDataCache/Content/8c/34/22c6cfea0dc0b90dc427fd4379580eec059c.udd" 7762
"C:/Users/Abies/AppData/Local/UnrealEngine/Common/DerivedDataCache/Buckets/LegacyTEXTURE/5d/b3/0ab21f3b830d97a2ce3d89a7ca6721a7a3f5.udd" 7763
"../../../../../../Users/Abies/Documents/Unreal Projects/MyProject2/Content/FirstPersonArms/Character/Textures/Manny/T_Manny_01_MSR_MSK.uasset" 7764
"C:/Users/Abies/AppData/Local/UnrealEngine/Common/DerivedDataCache/Buckets/LegacyTEXTURE/47/93/91b44784b1a6dfe7c7985d451329468e1dce.udd" 7765
"C:/Users/Abies/AppData/Local/UnrealEngine/Common/DerivedDataCache/Content/46/47/3ebc290e269bf8455730887b0fd87d1647f6.udd" 7766
"C:/Users/Abies/AppData/Local/UnrealEngine/Common/DerivedDataCache/Buckets/LegacyTEXTURE/14/20/e80e4c0a3c2cc36898899da65f2bb282d295.udd" 7767
"C:/Users/Abies/AppData/Local/UnrealEngine/Common/DerivedDataCache/Buckets/LegacyTEXTURE/58/2a/d049f27af0083d148587ddf505b6d57d33f2.udd" 7768
"C:/Users/Abies/AppData/Local/UnrealEngine/Common/DerivedDataCache/Buckets/LegacyTEXTURE/a7/ce/ffdab1c11c1f74fed95019d50791b8660eff.udd" 7769
"C:/Users/Abies/AppData/Local/UnrealEngine/Common/DerivedDataCache/Buckets/LegacyTEXTURE/32/eb/725585958342c27ef956073e15e86641d2ac.udd" 7770
"../../../../../../Users/Abies/Documents/Unreal Projects/MyProject2/Content/FirstPersonArms/Character/Textures/Manny/T_Manny_01_D.uasset" 7771
"../../../../../../Users/Abies/Documents/Unreal Projects/MyProject2/Content/FirstPersonArms/Character/Textures/Manny/T_Manny_01_CCRCCPlastic_MSK.uasset" 7772
"C:/Users/Abies/AppData/Local/UnrealEngine/Common/DerivedDataCache/Buckets/LegacyTEXTURE/ee/7d/125804adbb9d33e009b4600d0d4a12ef816a.udd" 7773
"C:/Users/Abies/AppData/Local/UnrealEngine/Common/DerivedDataCache/Content/30/0e/5c69293d331dcbbdad50fe2894e346d7eab7.udd" 7774
"C:/Users/Abies/AppData/Local/UnrealEngine/Common/DerivedDataCache/Buckets/LegacyTEXTURE/a9/af/fbba94d6ad5bd1f746c18a24f019f90d14d9.udd" 7775
"C:/Users/Abies/AppData/Local/UnrealEngine/Common/DerivedDataCache/Buckets/LegacyTEXTURE/58/93/4d439e099552625d21cfa584a69c39d5ecca.udd" 7776
"../../../../../../Users/Abies/Documents/Unreal Projects/MyProject2/Content/FirstPersonArms/Character/Textures/Manny/T_Manny_01_BN.uasset" 7777
"C:/Users/Abies/AppData/Local/UnrealEngine/Common/DerivedDataCache/Buckets/LegacyTEXTURE/cd/8d/e43aa41d9debe47fc1f5f3413f6869ee2680.udd" 7778
"C:/Users/Abies/AppData/Local/UnrealEngine/Common/DerivedDataCache/Buckets/LegacyTEXTURE/6d/39/70fc9d47a27253671de5cfe0ee5e67e239b7.udd" 7779
"C:/Users/Abies/AppData/Local/UnrealEngine/Common/DerivedDataCache/Buckets/LegacyTEXTURE/e3/b9/5978f20a3e4a06d4782438e85f6a83d61498.udd" 7780
"C:/Users/Abies/AppData/Local/UnrealEngine/Common/DerivedDataCache/Buckets/LegacyTEXTURE/92/89/7da685434d2e353f49558d4879db9214b46b.udd" 7781
"../../../../../../Users/Abies/Documents/Unreal Projects/MyProject2/Content/FirstPersonArms/Character/Textures/Manny/T_Manny_01_ASAOPMASK_MSK.uasset" 7782
"C:/Users/Abies/AppData/Local/UnrealEngine/Common/DerivedDataCache/Buckets/LegacyTEXTURE/f9/20/676723a9c92193fdde2ecc91249a3a3f7f06.udd" 7783
"C:/Users/Abies/AppData/Local/UnrealEngine/Common/DerivedDataCache/Buckets/LegacyTEXTURE/b0/51/f107c16ea77cb8a7ed0c820368c339c1f6b5.udd" 7784
"C:/Users/Abies/AppData/Local/UnrealEngine/Common/DerivedDataCache/Buckets/LegacyTEXTURE/30/97/2123d4e105217686f28b2954eb6050c72fb0.udd" 7785
"C:/Users/Abies/AppData/Local/UnrealEngine/Common/DerivedDataCache/Buckets/LegacyTEXTURE/cd/10/d127e7d43e5dd38c86d3f73f0c50a2a76c96.udd" 7786
"C:/Users/Abies/AppData/Local/UnrealEngine/Common/DerivedDataCache/Buckets/LegacyTEXTURE/89/61/141db1da812fd698625d5c316d1a54a113e8.udd" 7787
"C:/Users/Abies/AppData/Local/UnrealEngine/Common/DerivedDataCache/Buckets/LegacyTEXTURE/33/40/ef26c8118315a6ef76d02ee6174cc8a52cf1.udd" 7788
"C:/Users/Abies/AppData/Local/UnrealEngine/Common/DerivedDataCache/Buckets/LegacyTEXTURE/fa/a2/31e8921fc310c3c8773b463a1f8046a13a5c.udd" 7789
"C:/Users/Abies/AppData/Local/UnrealEngine/Common/DerivedDataCache/Buckets/LegacyTEXTURE/c0/6c/82e1a319e11eb668dc17494353a7ecc40ca5.udd" 7790
"C:/Users/Abies/AppData/Local/UnrealEngine/Common/DerivedDataCache/Buckets/LegacyTEXTURE/8c/26/037aa056add73e13d8878fa552d29a8008ee.udd" 7791
"C:/Users/Abies/AppData/Local/UnrealEngine/Common/DerivedDataCache/Buckets/LegacyTEXTURE/c2/7e/f7824bd9dc4aa0bd72039261306c8231fb7e.udd" 7792
"../../../../../../Users/Abies/Documents/Unreal Projects/MyProject2/Content/FirstPerson/Maps/FirstPersonMap_BuiltData.uasset" 7793
"C:/Users/Abies/AppData/Local/UnrealEngine/Common/DerivedDataCache/Buckets/LegacyCARD/d6/b1/06db81335e8c666867148296b65ce207385e.udd" 7794
"C:/Users/Abies/AppData/Local/UnrealEngine/Common/DerivedDataCache/Buckets/LegacyCARD/75/d1/d665c65b46031a2192dc1a179fb27c3a7cde.udd" 7795
"C:/Users/Abies/AppData/Local/UnrealEngine/Common/DerivedDataCache/Buckets/LegacyTEXTURE/38/91/cb0ef8705eb47456d04eaf71a04526437980.udd" 7796
"C:/Users/Abies/AppData/Local/UnrealEngine/Common/DerivedDataCache/Buckets/LegacyTEXTURE/81/88/30d1f889629bf75bce988b1564a469119759.udd" 7797
"C:/Users/Abies/AppData/Local/UnrealEngine/Common/DerivedDataCache/Buckets/LegacyTEXTURE/df/05/6d257f1880d510625e222e9efc526d20fffb.udd" 7798
"C:/Users/Abies/AppData/Local/UnrealEngine/Common/DerivedDataCache/Buckets/LegacyTEXTURE/1e/89/dde4d7e2b59193b4c1c9533796202a771c6a.udd" 7799
"C:/Users/Abies/AppData/Local/UnrealEngine/Common/DerivedDataCache/Buckets/LegacyTEXTURE/2f/c1/9eb1f3a2ef8520d7331056512b78ed636788.udd" 7800
"C:/Users/Abies/AppData/Local/UnrealEngine/Common/DerivedDataCache/Buckets/LegacyTEXTURE/71/fa/c27cd883a4e733aaa75cf3b9aee7d2631eb9.udd" 7801
"C:/Users/Abies/AppData/Local/UnrealEngine/Common/DerivedDataCache/Buckets/LegacyTEXTURE/5c/c9/6e7ed63860941bffc165db1a6e688d30860e.udd" 7802
"C:/Users/Abies/AppData/Local/UnrealEngine/Common/DerivedDataCache/Buckets/LegacyTEXTURE/19/38/3da0f23d68d01e6d32e10339b44c0f529a23.udd" 7803
"C:/Users/Abies/AppData/Local/UnrealEngine/Common/DerivedDataCache/Buckets/LegacyTEXTURE/44/62/eb16d38be9b771774d172a756b8e6d1a8a31.udd" 7804
"C:/Users/Abies/AppData/Local/UnrealEngine/Common/DerivedDataCache/Buckets/LegacyTEXTURE/76/8c/4a13844c2495059b6a6807df1ca1606466cf.udd" 7805
"C:/Users/Abies/AppData/Local/UnrealEngine/Common/DerivedDataCache/Buckets/LegacyTEXTURE/2a/97/77852b71033c69189e815dcc7876d05c1acf.udd" 7806
"C:/Users/Abies/AppData/Local/UnrealEngine/Common/DerivedDataCache/Buckets/LegacyTEXTURE/0d/73/34ac2a131a25b30eacbaeb5a8d77062d775e.udd" 7807
"C:/Users/Abies/AppData/Local/UnrealEngine/Common/DerivedDataCache/Buckets/LegacyTEXTURE/d5/bc/7cad684f72545c2443418816c717b017a4cf.udd" 7808
"C:/Users/Abies/AppData/Local/UnrealEngine/Common/DerivedDataCache/Buckets/LegacyTEXTURE/0c/d5/27f34c02ff7272721c477322c5b6c77cd18d.udd" 7809
"C:/Users/Abies/AppData/Local/UnrealEngine/Common/DerivedDataCache/Buckets/LegacyTEXTURE/c3/3a/dde01b2162711fb78a3c98c5155f416c5eaa.udd" 7810
"C:/Users/Abies/AppData/Local/UnrealEngine/Common/DerivedDataCache/Buckets/LegacyTEXTURE/4c/9f/3dab34125f5fd4a8efa55cfbd70a6c5904fa.udd" 7811
"C:/Users/Abies/AppData/Local/UnrealEngine/Common/DerivedDataCache/Buckets/LegacyTEXTURE/0e/7e/692fbd23d75d5385db94e89e1aa44f926ae6.udd" 7812
"C:/Users/Abies/AppData/Local/UnrealEngine/Common/DerivedDataCache/Buckets/LegacyTEXTURE/a0/3c/a89e0f7b5945c920cea332deaffae7ab3fa4.udd" 7813
"C:/Users/Abies/AppData/Local/UnrealEngine/Common/DerivedDataCache/Buckets/LegacyTEXTURE/16/c4/c38b5075f3853cc2da7842e8c424924299d6.udd" 7814
"C:/Users/Abies/AppData/Local/UnrealEngine/Common/DerivedDataCache/Buckets/LegacyTEXTURE/09/62/f07498296bcf343206213c11026e211b77ad.udd" 7815
"C:/Users/Abies/AppData/Local/UnrealEngine/Common/DerivedDataCache/Buckets/LegacyTEXTURE/77/72/cf66771c697277c1ff40dcdc49cb8e9b3bc1.udd" 7816
"C:/Users/Abies/AppData/Local/UnrealEngine/Common/DerivedDataCache/Buckets/LegacyTEXTURE/4f/6f/e78526eb13efc3620b41c863b32c0e4ebe4f.udd" 7817
"C:/Users/Abies/AppData/Local/UnrealEngine/Common/DerivedDataCache/Buckets/LegacyTEXTURE/54/53/ec6396cc3daffdef5a486bf7578734d2dced.udd" 7818
"C:/Users/Abies/AppData/Local/UnrealEngine/Common/DerivedDataCache/Buckets/LegacyTEXTURE/aa/b4/2ba306ea5b3eac07b656c0d5c6aa4eadb25b.udd" 7819
"C:/Users/Abies/AppData/Local/UnrealEngine/Common/DerivedDataCache/Buckets/LegacyTEXTURE/df/e4/3f82ffd9a85e044e221bf494e3deb2be5f3a.udd" 7820
"C:/Users/Abies/AppData/Local/UnrealEngine/Common/DerivedDataCache/Buckets/LegacyTEXTURE/ce/69/014d98b8f2477e992a22fb468cfc8dbf9c09.udd" 7821
"C:/Users/Abies/AppData/Local/UnrealEngine/Common/DerivedDataCache/Buckets/LegacyTEXTURE/fa/e8/804450a114e75e6e7975a2b2fb4d8c19d699.udd" 7822
"C:/Users/Abies/AppData/Local/UnrealEngine/Common/DerivedDataCache/Buckets/LegacyTEXTURE/de/ca/6cbfa71076407d5aeb35e61e68239fe40649.udd" 7823
"C:/Users/Abies/AppData/Local/UnrealEngine/Common/DerivedDataCache/Buckets/LegacyCARD/a5/00/712921ff8ca8ecff8c28ebcd2b8f2235fdbf.udd" 7824
"C:/Users/Abies/AppData/Local/UnrealEngine/Common/DerivedDataCache/Buckets/LegacyTEXTURE/da/ed/692c74d0c37a54b120c03da026a7e835d7e8.udd" 7825
"C:/Users/Abies/AppData/Local/UnrealEngine/Common/DerivedDataCache/Buckets/LegacyTEXTURE/c0/ad/d7c91d8ce614975f9362c6b1399b14e9c668.udd" 7826
"C:/Users/Abies/AppData/Local/UnrealEngine/Common/DerivedDataCache/Buckets/LegacyTEXTURE/40/a0/3dec0fd1b66422cfe551c5277d95f7516268.udd" 7827
"C:/Users/Abies/AppData/Local/UnrealEngine/Common/DerivedDataCache/Buckets/LegacyTEXTURE/ad/de/59d990e9f1b22181632780c96ce62bacd07b.udd" 7828
"C:/Users/Abies/AppData/Local/UnrealEngine/Common/DerivedDataCache/Buckets/LegacyTEXTURE/69/c1/1395f5575aeabb288a3d0728a2b74a015cbe.udd" 7829
"C:/Users/Abies/AppData/Local/UnrealEngine/Common/DerivedDataCache/Buckets/LegacyCARD/9a/92/bc01a4de058040143b3050e801cd1962a3c6.udd" 7830
"C:/Users/Abies/AppData/Local/UnrealEngine/Common/DerivedDataCache/Buckets/LegacyCARD/3c/6f/144e7b8044fca0618b03a3db89a01ad4d08a.udd" 7831
"C:/Users/Abies/AppData/Local/UnrealEngine/Common/DerivedDataCache/Buckets/LegacyCARD/7c/ca/b302430f0df7ffeb4b2b5cead7fffaeed149.udd" 7832
"C:/Users/Abies/AppData/Local/UnrealEngine/Common/DerivedDataCache/Buckets/LegacyTEXTURE/ad/c7/0d3a7b3b0275d04a69b619b7909d9250b54f.udd" 7833
"C:/Users/Abies/AppData/Local/UnrealEngine/Common/DerivedDataCache/Buckets/LegacyTEXTURE/16/4a/07f6e3d3a86fac35df518efe60bac0709db4.udd" 7834
"C:/Users/Abies/AppData/Local/UnrealEngine/Common/DerivedDataCache/Buckets/LegacyTEXTURE/1c/e3/77bf79c517c0cb6660e277bd331b5c1d9880.udd" 7835
"C:/Users/Abies/AppData/Local/UnrealEngine/Common/DerivedDataCache/Buckets/LegacyTEXTURE/d7/20/fedeea0389371505d575427bd630ce6abd5f.udd" 7836
"C:/Users/Abies/AppData/Local/UnrealEngine/Common/DerivedDataCache/Buckets/LegacyTEXTURE/42/7d/ea4560eeb2f82ae8938b9c7aa59215b45756.udd" 7837
"C:/Users/Abies/AppData/Local/UnrealEngine/Common/DerivedDataCache/Buckets/LegacyTEXTURE/52/75/34f857546c587987edb7e622e9f99d84aa4b.udd" 7838
"C:/Users/Abies/AppData/Local/UnrealEngine/Common/DerivedDataCache/Buckets/LegacyTEXTURE/fe/3e/9caf62ff3ac7968784aca7b73f6545e6f0d8.udd" 7839
"C:/Users/Abies/AppData/Local/UnrealEngine/Common/DerivedDataCache/Buckets/LegacyTEXTURE/5f/e7/861ba494948eb0cb71291af689cd28994779.udd" 7840
"C:/Users/Abies/AppData/Local/UnrealEngine/Common/DerivedDataCache/Buckets/LegacyTEXTURE/4d/50/d6d926b8f225adc67f6386e7ffd7c4260cd0.udd" 7841
"C:/Users/Abies/AppData/Local/UnrealEngine/Common/DerivedDataCache/Buckets/LegacyTEXTURE/9d/11/3409fc52cbba8c973a03bbc31329241cdb8b.udd" 7842
"C:/Users/Abies/AppData/Local/UnrealEngine/Common/DerivedDataCache/Buckets/LegacyTEXTURE/0a/45/19eb41f38e1b1da19afd34c8e42fc94b4126.udd" 7843
"C:/Users/Abies/AppData/Local/UnrealEngine/Common/DerivedDataCache/Buckets/LegacyTEXTURE/98/50/95dad1dc324b0fc6da8935a9ea38b5cd8ad7.udd" 7844
"C:/Users/Abies/AppData/Local/UnrealEngine/Common/DerivedDataCache/Buckets/LegacyTEXTURE/f6/12/92ad3ee9022ed22bfa775c6b78ce36ceb961.udd" 7845
"C:/Users/Abies/AppData/Local/UnrealEngine/Common/DerivedDataCache/Buckets/LegacyCARD/90/45/33287fe24bb05e6056004583b1197a1e69f6.udd" 7846
"C:/Users/Abies/AppData/Local/UnrealEngine/Common/DerivedDataCache/Buckets/LegacyTEXTURE/77/93/ca241d0d554a4c6ad1e949c9b989645c74f2.udd" 7847
"C:/Users/Abies/AppData/Local/UnrealEngine/Common/DerivedDataCache/Buckets/LegacyTEXTURE/62/36/051cbd53c27990d6b3641d3613509061efd7.udd" 7848
"C:/Users/Abies/AppData/Local/UnrealEngine/Common/DerivedDataCache/Buckets/LegacyTEXTURE/08/4a/c4129461cf2d2a60478554f8d03d846459cf.udd" 7849
"C:/Users/Abies/AppData/Local/UnrealEngine/Common/DerivedDataCache/Buckets/LegacyTEXTURE/aa/81/094b10b13cd8353bd39ca9b39cb836295c3b.udd" 7850
"C:/Users/Abies/AppData/Local/UnrealEngine/Common/DerivedDataCache/Buckets/LegacyTEXTURE/f7/00/3973067faef3542cb9359c73e0af0fcdb6f1.udd" 7851
"C:/Users/Abies/AppData/Local/UnrealEngine/Common/DerivedDataCache/Buckets/LegacyCARD/83/ff/67ed46bc0bd99a4f655646668a201470bacc.udd" 7852
"C:/Users/Abies/AppData/Local/UnrealEngine/Common/DerivedDataCache/Buckets/LegacyTEXTURE/55/02/779d960e1543482aec5e24f66e6893b47e6a.udd" 7853
"C:/Users/Abies/AppData/Local/UnrealEngine/Common/DerivedDataCache/Buckets/LegacyTEXTURE/d0/31/aecc956f790cce0e53d8016c9bebc5a44c00.udd" 7854
"C:/Users/Abies/AppData/Local/UnrealEngine/Common/DerivedDataCache/Buckets/LegacyTEXTURE/c9/6f/4da3f57d8e52d1c8ff6561dfb0bbe89065ac.udd" 7855
"C:/Users/Abies/AppData/Local/UnrealEngine/Common/DerivedDataCache/Buckets/LegacyTEXTURE/80/c1/5e61efc094cb522c198d1bc1d148defdeae3.udd" 7856
"C:/Users/Abies/AppData/Local/UnrealEngine/Common/DerivedDataCache/Buckets/LegacyTEXTURE/3f/1f/d586fbb092f415f8982e65429ab3762d3642.udd" 7857
"C:/Users/Abies/AppData/Local/UnrealEngine/Common/DerivedDataCache/Buckets/LegacyCARD/6e/d6/11ddf2111009f31bb9fda54d29d520881805.udd" 7858
"C:/Users/Abies/AppData/Local/UnrealEngine/Common/DerivedDataCache/Buckets/LegacyCARD/14/71/fccf7c92c12234804b1c2a0370ff5e59b394.udd" 7859
"C:/Users/Abies/AppData/Local/UnrealEngine/Common/DerivedDataCache/Buckets/LegacyTEXTURE/eb/6d/ca36a6022cf917abc433ed9c95c9ac5767af.udd" 7860
"C:/Users/Abies/AppData/Local/UnrealEngine/Common/DerivedDataCache/Buckets/LegacyTEXTURE/2d/e2/3cfa5a5d5cbc217ba21a3ce9c7f65c081ac5.udd" 7861
"C:/Users/Abies/AppData/Local/UnrealEngine/Common/DerivedDataCache/Buckets/LegacyTEXTURE/77/cf/4ac45099359c443ce3328c05366370dbb4dd.udd" 7862
"C:/Users/Abies/AppData/Local/UnrealEngine/Common/DerivedDataCache/Buckets/LegacyTEXTURE/d6/1e/a5a33d11f4d4999121d68e4af00736be42bd.udd" 7863
"C:/Users/Abies/AppData/Local/UnrealEngine/Common/DerivedDataCache/Buckets/LegacyTEXTURE/92/01/3108cb17af9f996f2f6102c7770907652104.udd" 7864
"C:/Users/Abies/AppData/Local/UnrealEngine/Common/DerivedDataCache/Buckets/LegacyTEXTURE/3c/de/9a2509cdb3d5a797aa512a188f977dfdb85a.udd" 7865
"C:/Users/Abies/AppData/Local/UnrealEngine/Common/DerivedDataCache/Buckets/LegacyTEXTURE/01/ff/633d93632131709dc3dfec8035689a8043f9.udd" 7866
"C:/Users/Abies/AppData/Local/UnrealEngine/Common/DerivedDataCache/Buckets/LegacyTEXTURE/3b/a8/4c7d5570d041ecc17481d6f73770d1cd9be9.udd" 7867
"C:/Users/Abies/AppData/Local/UnrealEngine/Common/DerivedDataCache/Buckets/LegacyTEXTURE/24/bb/0a3dd6c1a8b46538ea491046559baeb2bd41.udd" 7868
"C:/Users/Abies/AppData/Local/UnrealEngine/Common/DerivedDataCache/Buckets/LegacyTEXTURE/40/6b/19ddd18b355b70f45a1e4e436cfea2500ec6.udd" 7869
"C:/Users/Abies/AppData/Local/UnrealEngine/Common/DerivedDataCache/Buckets/LegacyTEXTURE/a9/77/9593bc41aa71d28f52d92b5fda8019df7197.udd" 7870
"C:/Users/Abies/AppData/Local/UnrealEngine/Common/DerivedDataCache/Buckets/LegacyTEXTURE/f8/66/281d4312db97dea627c8a9f36eb065312fae.udd" 7871
"C:/Users/Abies/AppData/Local/UnrealEngine/Common/DerivedDataCache/Buckets/LegacyTEXTURE/02/4b/998d650086104488f31f50c53413a3ad64a4.udd" 7872
"../../../../../../Users/Abies/Documents/Unreal Projects/MyProject2/Content/StarterContent/Particles/P_Steam_Lit.uasset" 7873
"C:/Users/Abies/AppData/Local/UnrealEngine/Common/DerivedDataCache/Buckets/LegacyTEXTURE/cf/7b/2d2d3d8e790b061a4189a8186953b2f236c0.udd" 7874
"C:/Users/Abies/AppData/Local/UnrealEngine/Common/DerivedDataCache/Buckets/LegacyTEXTURE/02/a0/dabacfc0f2265117659363c85fdc49d51ef8.udd" 7875
"C:/Users/Abies/AppData/Local/UnrealEngine/Common/DerivedDataCache/Buckets/LegacyTEXTURE/26/fe/9bff247be6001e3d43ab4b34f00c7c824aea.udd" 7876
"C:/Users/Abies/AppData/Local/UnrealEngine/Common/DerivedDataCache/Buckets/LegacyTEXTURE/d0/cf/db1fbd9e3b04066094c1e58cb3b244c581c3.udd" 7877
"C:/Users/Abies/AppData/Local/UnrealEngine/Common/DerivedDataCache/Content/25/3d/1806abc71f53c4e54988b8e4c583a86a1ac5.udd" 7878
"C:/Users/Abies/AppData/Local/UnrealEngine/Common/DerivedDataCache/Buckets/LegacyTEXTURE/70/4e/3ad27a63cd868897b36c02f6d493052c1e75.udd" 7879
"C:/Users/Abies/AppData/Local/UnrealEngine/Common/DerivedDataCache/Buckets/LegacyTEXTURE/74/fa/94d8094e4398ef676a49be0a6790dd20196c.udd" 7880
"C:/Users/Abies/AppData/Local/UnrealEngine/Common/DerivedDataCache/Buckets/LegacyTEXTURE/dc/e6/ca60b3b41ace449969ff4bb4b94a3c517ec0.udd" 7881
"C:/Users/Abies/AppData/Local/UnrealEngine/Common/DerivedDataCache/Buckets/LegacyTEXTURE/13/44/488f98202d1148409dcdff8551d54680f6ae.udd" 7882
"../../../../../../Users/Abies/Documents/Unreal Projects/MyProject2/Content/StarterContent/Particles/P_Smoke.uasset" 7883
"../../../../../../Users/Abies/Documents/Unreal Projects/MyProject2/Content/StarterContent/Particles/P_Explosion.uasset" 7884
"C:/Users/Abies/AppData/Local/UnrealEngine/Common/DerivedDataCache/Buckets/LegacyTEXTURE/07/61/caa42107f3d8cefec6739f7a3b88448c6a51.udd" 7885
"C:/Users/Abies/AppData/Local/UnrealEngine/Common/DerivedDataCache/Buckets/LegacyTEXTURE/da/6b/67314d52b3cf2d31fc1d0095cefabc7f6125.udd" 7886
"../../../../../../Users/Abies/Documents/Unreal Projects/MyProject2/Content/StarterContent/Particles/P_Sparks.uasset" 7887
"../../../../../../Users/Abies/Documents/Unreal Projects/MyProject2/Content/StarterContent/Particles/P_Fire.uasset" 7888
"C:/Users/Abies/AppData/Local/UnrealEngine/Common/DerivedDataCache/Buckets/LegacyTEXTURE/6a/b7/0806fa72810b65919762585810bf0349d92c.udd" 7889
"C:/Users/Abies/AppData/Local/UnrealEngine/Common/DerivedDataCache/Buckets/LegacyTEXTURE/18/93/d2e4124d0320f5f0e4daaf926b113ef64f4d.udd" 7890
"C:/Users/Abies/AppData/Local/UnrealEngine/Common/DerivedDataCache/Buckets/LegacyTEXTURE/db/27/cf04f41a1239dcb7a008d0d03c90da956a23.udd" 7891
"C:/Users/Abies/AppData/Local/UnrealEngine/Common/DerivedDataCache/Buckets/LegacyTEXTURE/25/90/d08950e13f03da6348ef04cd30aa57239fb8.udd" 7892
"C:/Users/Abies/AppData/Local/UnrealEngine/Common/DerivedDataCache/Buckets/LegacyTEXTURE/91/78/4f27912a2b5cb44ec8ac6b221a89673aea83.udd" 7893
"C:/Users/Abies/AppData/Local/UnrealEngine/Common/DerivedDataCache/Buckets/LegacyTEXTURE/f1/cc/bab0b9fd91dd8fa74c24a7e934e832fe4fea.udd" 7894
"../../../../../../Users/Abies/Documents/Unreal Projects/MyProject2/Content/StarterContent/Textures/T_Wood_Oak_N.uasset" 7895
"C:/Users/Abies/AppData/Local/UnrealEngine/Common/DerivedDataCache/Buckets/LegacyTEXTURE/cd/2c/ef75b24848f9fc116f242810d8c273373b34.udd" 7896
"C:/Users/Abies/AppData/Local/UnrealEngine/Common/DerivedDataCache/Buckets/LegacyTEXTURE/c9/e8/98586ade9386fc47c83ef6545ea892739732.udd" 7897
"C:/Users/Abies/AppData/Local/UnrealEngine/Common/DerivedDataCache/Buckets/LegacyTEXTURE/de/0d/6601353a4d8a56fcef98e4b681b77b8e213f.udd" 7898
"../../../../../../Users/Abies/Documents/Unreal Projects/MyProject2/Content/StarterContent/Textures/T_Wood_Floor_Walnut_M.uasset" 7899
"C:/Users/Abies/AppData/Local/UnrealEngine/Common/DerivedDataCache/Buckets/LegacyTEXTURE/36/07/0caa1502af04bb0d07fcec928fa1c68a7dcd.udd" 7900
"C:/Users/Abies/AppData/Local/UnrealEngine/Common/DerivedDataCache/Content/53/c8/ccbc674c995d3be85fe2295e9b1ee86e10d0.udd" 7901
"C:/Users/Abies/AppData/Local/UnrealEngine/Common/DerivedDataCache/Buckets/LegacyTEXTURE/ea/0f/5c4bbb7e792ba6215e2641dbf32d465a1f57.udd" 7902
"C:/Users/Abies/AppData/Local/UnrealEngine/Common/DerivedDataCache/Buckets/LegacyTEXTURE/2e/22/7d3d9f546defe29f789892f47bae65acf1bf.udd" 7903
"C:/Users/Abies/AppData/Local/UnrealEngine/Common/DerivedDataCache/Buckets/LegacyTEXTURE/53/96/18b82c98ed4a43ce7db373f1be06e877bdbd.udd" 7904
"../../../../../../Users/Abies/Documents/Unreal Projects/MyProject2/Content/StarterContent/Textures/T_Wood_Oak_D.uasset" 7905
"../../../../../../Users/Abies/Documents/Unreal Projects/MyProject2/Content/StarterContent/Textures/T_Wood_Floor_Walnut_N.uasset" 7906
"C:/Users/Abies/AppData/Local/UnrealEngine/Common/DerivedDataCache/Buckets/LegacyTEXTURE/73/86/10b0a927fd3f0c6a8d640f782c2dd220b8c6.udd" 7907
"C:/Users/Abies/AppData/Local/UnrealEngine/Common/DerivedDataCache/Buckets/LegacyTEXTURE/cd/0b/16ea9cf4164a3c8e17fe781b4b233f243f2b.udd" 7908
"C:/Users/Abies/AppData/Local/UnrealEngine/Common/DerivedDataCache/Buckets/LegacyTEXTURE/d9/59/e8135e8b247cbd8e7d7e4e56f9e281c6eedc.udd" 7909
"C:/Users/Abies/AppData/Local/UnrealEngine/Common/DerivedDataCache/Buckets/LegacyTEXTURE/d1/c2/91471f087db7ef13be0456983c67559f745f.udd" 7910
"C:/Users/Abies/AppData/Local/UnrealEngine/Common/DerivedDataCache/Buckets/LegacyTEXTURE/30/7a/6b5e9607bb57940db40b54a643cd30d02ccc.udd" 7911
"C:/Users/Abies/AppData/Local/UnrealEngine/Common/DerivedDataCache/Buckets/LegacyTEXTURE/c3/f1/10c045f03cacfc96f65f9a8f0e4a50ac1356.udd" 7912
"C:/Users/Abies/AppData/Local/UnrealEngine/Common/DerivedDataCache/Buckets/LegacyTEXTURE/1a/d8/113357851641bb28ef3f27025792c697ca23.udd" 7913
"C:/Users/Abies/AppData/Local/UnrealEngine/Common/DerivedDataCache/Buckets/LegacyTEXTURE/e8/3a/cb725e6a6c3182f1afea2826f702fcc2a315.udd" 7914
"C:/Users/Abies/AppData/Local/UnrealEngine/Common/DerivedDataCache/Buckets/LegacyTEXTURE/9b/e0/633ce84a6cd3d4098d69ac388ebb6c1ff6c4.udd" 7915
"C:/Users/Abies/AppData/Local/UnrealEngine/Common/DerivedDataCache/Buckets/LegacyTEXTURE/79/4e/e5f7888b375e91401f630c65ac91ff5993db.udd" 7916
"C:/Users/Abies/AppData/Local/UnrealEngine/Common/DerivedDataCache/Buckets/LegacyTEXTURE/59/7a/2b1ea27ffe2af3ea4078ba621730d02df71c.udd" 7917
"C:/Users/Abies/AppData/Local/UnrealEngine/Common/DerivedDataCache/Content/a6/88/4e21e48ddea263585544bf4db262738e5331.udd" 7918
"C:/Users/Abies/AppData/Local/UnrealEngine/Common/DerivedDataCache/Buckets/LegacyTEXTURE/d2/45/44baa6f9558425a3dae34f110d2850c03ec8.udd" 7919
